text,author,date,stars,trail,source
"
 It was my girlfriend and mine first-time experience the trail go on an easy trail.  Boy, it was fun. We are going back again for sure. ",Ron Atkinson,"March 6, 2020",5.0,Unknown,https://www.singletracks.com/bike-trails/balm-boyette-scrub-preserve/
"
 Great trail, fun, ups & downs, roots, rocks, tight curves, good work out...I'd do it again... ",LowDawg,"March 8, 2019",5.0,Spider Berm,https://www.singletracks.com/bike-trails/balm-boyette-scrub-preserve/
"
 I've been riding Alafia and Santos once or twice a winter for about 5 years now, but never made it to Balm until last week.  These are now my favorite trails in Florida.  Not as many jumps and wooden features, but better flow with some nice technical features scattered around.  These trails have a much more back country feel than Alafia or Santos and are very scenic too.  Must ride if in the area! ",Superfly Lee,"February 26, 2019",5.0,Unknown,https://www.singletracks.com/bike-trails/balm-boyette-scrub-preserve/
"
 Well designed technical trails ",kriscira,"January 26, 2019",5.0,Unknown,https://www.singletracks.com/bike-trails/balm-boyette-scrub-preserve/
"
 Balm is a million times better than Alifia.  People just hae the long ride into it.  Never crowded go see for yourself ",Tim Russell,"May 18, 2018",5.0,Unknown,https://www.singletracks.com/bike-trails/balm-boyette-scrub-preserve/
"
 First time here and spent about two hours.  Trail was dry after the rain yesterday.  Green is great for someone starting out.  Loved the blues.  Some great features and narrow ledges and some bridges.  Great place and have to come back and explore some more.  Something for everyone from beginner to seasoned rider.  I rode clipped pedals and was fine.  It is Florida and being from NY it was hot.  Bring plenty of water. ",bikeit420,"May 16, 2018",5.0,Unknown,https://www.singletracks.com/bike-trails/balm-boyette-scrub-preserve/
"
 Might be the best trail in Florida! Black diamond but not real technical- just some short, steep, fast hills. ",dlaido,"April 22, 2018",5.0,Ridgeline,https://www.singletracks.com/bike-trails/balm-boyette-scrub-preserve/
"
 Thank you SWAMP crew for the excellent singletrack.  I noticed someone had raked clear and clean one of the blue trails, I think it was Gatorpit and Golf cart.  Thanks for all the effort. My first time here and the trails are phenomenal.  Due to the lack of adequate parking, facilities, running water, the place seems primitive.  More signage would have helped, the incredible blues are interrupted by service roads.  Although, that may be a good time to catch your breath before diving into the next blue trail. If you have conquered Spitfire at Alafia, then you must attempt Ridgeline at Balm. ***UPDATE***
A new designated parking lot opened up 4/21 to the south of the park off CR672 (Balm Picnic Rd).  Porta-Potties and it cuts out that 2 mile sandy access road trek to the singletrack ",CrowSlayer,"April 12, 2018",4.0,Unknown,https://www.singletracks.com/bike-trails/balm-boyette-scrub-preserve/
"
 running fast at this time of year. ",harleyferg,"February 21, 2018",5.0,Ridgeline,https://www.singletracks.com/bike-trails/balm-boyette-scrub-preserve/
"
 Fantastic ride.  Started at Alafia state park and talked to the local riders and directed to the Balm.
The 2 mile ride in is easy and beautiful.  Trails are well marked and maps are everywhere.
Do not miss this ride as it made the trip for us. ",jchild,"December 29, 2017",5.0,Unknown,https://www.singletracks.com/bike-trails/balm-boyette-scrub-preserve/
"
 First time, had a blast! Will definitely be returning.  The 2 mile or so ride back from the trails to the parking lot was a bit rough, but thats mainly because it was 100 degrees out! ",Kenny Argueta,"August 21, 2017",5.0,Unknown,https://www.singletracks.com/bike-trails/balm-boyette-scrub-preserve/
"
 This is a good trail system for the beginner to the advanced.  Some of the intermediate trails are a little narrow with sharp turns and clipless pedals are not recommended. ",Gregory James,"August 11, 2017",5.0,Unknown,https://www.singletracks.com/bike-trails/balm-boyette-scrub-preserve/
"
 Very Fun Trail System, The People At SWAMP Did It Again. The Trails Here Range In Difficulty And Most Of The Blacks Are HUGE Ups And Downs! Especially Ridgeline! The Rain Makes For Bad Conditions, Plus Theres That 2 Mile Fire road, And Thats The Worst! All Around I Give The Trails 5 Stars, But Take One For Those 2 Awful Miles Of In The Sun On Flat Terrain. Overall, Def Worth Checking Out Balm Boyette! 4.5/5! ",Florida Shredder,"June 22, 2017",4.0,Unknown,https://www.singletracks.com/bike-trails/balm-boyette-scrub-preserve/
"
 Ridgeline was not open to ride. ",Kenny Koon,"June 15, 2017",0.0,Ridgeline,https://www.singletracks.com/bike-trails/balm-boyette-scrub-preserve/
"
 Balm is in great shape - thank you SWAMP volunteers.  Like Alafia, something for everyone here.  If you can grind the two mile service road to the trail system you won't be disappointed with what you find here.  Except for the true novice, regardless of your skill anyone can ride most trails, but.... you have got to be focused.  Balm trails do not have the same margin for error as Alafia.  Lots of tree splitting and riding ridges, some unexpected  bridges, and - if you are an early morning rider - the sun will be in your face as you navigate east into these hazards.  Again, something for everyone - flat, fast sweeping, roots/rocks, climbs/descents, aerobic/anaerobic.  Just don't get complacent! ",AlafiaJunkie,"February 5, 2017",5.0,Unknown,https://www.singletracks.com/bike-trails/balm-boyette-scrub-preserve/
"
 In great shape today. Big thanks to the volunteers! ",ptwelve,"January 16, 2017",5.0,Ridgeline,https://www.singletracks.com/bike-trails/balm-boyette-scrub-preserve/
"
 I live in Largo so it was a drive but well worth it. I'm just getting into this but ""wow"" this is a beautiful area. A couple close calls by the swamp lol. It did what I wanted it to do and that was to get my heart pumping. I did a total of 7 miles but will come back very soon to explore what I missed. ",mechanicshop,"December 31, 2016",5.0,Unknown,https://www.singletracks.com/bike-trails/balm-boyette-scrub-preserve/
"
 This is a great trail!   Don't use your brakes at all....trust the trail and you will want to do it over and over!! ",kmb5010,"November 4, 2016",5.0,Ridgeline,https://www.singletracks.com/bike-trails/balm-boyette-scrub-preserve/
"
 This is a great place to ride.  So under-rated!!  Get your cross country fix in or ride the blacks.  The ridge line trail is so fun!!! ",kmb5010,"November 4, 2016",5.0,Unknown,https://www.singletracks.com/bike-trails/balm-boyette-scrub-preserve/
"
 Great trail ",Gerald Carroll,"October 25, 2016",5.0,Unknown,https://www.singletracks.com/bike-trails/balm-boyette-scrub-preserve/
"
 Awesome cant waot to go back ",robkiser,"August 6, 2016",5.0,Unknown,https://www.singletracks.com/bike-trails/balm-boyette-scrub-preserve/
"
 It was a fun fast Single track. They do their best to add pads and things at the sand turns, but every so often you'll be slowed down by a sand pit. It didn't kill the experience, but it's certain not like trails you'd find in mountains. ALSO WATCH OUT FIR TORTOISES!  I nearly hit four of them. ",shensley27,"July 14, 2016",4.0,Unknown,https://www.singletracks.com/bike-trails/balm-boyette-scrub-preserve/
"
 Nice trail with beautiful view around lake. Can get some good speed. ",Keiron Gillespie,"May 24, 2016",5.0,Spider Berm,https://www.singletracks.com/bike-trails/balm-boyette-scrub-preserve/
"
 Excellent trails for all skill levels; plenty of swoopy greens, flowy blues and nice range of challenging blacks.  A great place to log miles. Ridgeline is great. When (?) a nice trail head/picnic area gets done, this will complete a great park. Thanks SWAMP! ",davidakemper@gmail.com,"May 24, 2016",5.0,Unknown,https://www.singletracks.com/bike-trails/balm-boyette-scrub-preserve/
"
 This trail is my absolute favorite
Loved the flow it had! Great descents and multiple options to choose from ",chrystl1015,"May 23, 2016",0.0,Unknown,https://www.singletracks.com/bike-trails/balm-boyette-scrub-preserve/
"
 Beautiful trail system. Lots of nice trails connected by fire roads. The intermediates have a real nice flow to them. ",Keiron Gillespie,"May 16, 2016",5.0,Unknown,https://www.singletracks.com/bike-trails/balm-boyette-scrub-preserve/
"
 Wow!  Planned to go to Alafia as I love to when I visit, but got there early and Alafia doesn't open until 8, so thought I'd go for the double.  But then I got so engrossed in this trail system that I didn't want to leave!   I first tried the green trails in the south, they appear not to be ridden as much as they're really leaf covered and not as dialed as everything else.  But still fun, a good warm up if 2 miles in doesn't do the trick.  The east meadow is beautiful, pretty ordinary riding-wise.  The Woods trail started to make this really fun then some Swamp Thing and Garry's Loop is a great warm up to the reason you're here, Ridgeline!  I only did it once (I was still planning on Alafia) but that trail is dialed!  Lots of heart pumping from steep hills and lots of adrenaline from fun downhills and rollers but so well manicured that it never felt scary/sketchy.  I feel like if I would've done that trail a few more times I'd get more comfortable and be able to get some air and some faster speeds...next time for sure!  So it'd be a let down after Ridgeline right?  No way!  I went and did almost every other trail with South Abyss and middle spider berm multiple times.  They are just excellent, flowy XC trails, fast, grippy and fun!  Once I got a grasp on the system I was riding all over the place!  Saw a few gators and a couple other riders.  The other thing I like about this is the solitude.  It's a truly beautiful place, the meadow and then the ponds and it's not near a road so you don't really hear much background noise, definitely an oasis of mountain biking so close to such craziness!  Never made it to Alafia this trip.  For the true XC rider looking to get away and ride buff singletrack you can't get much better than this!   PS- If you have friends or your partner is a runner, the grass trails in the meadow would be awesome for trail running.  Also found a couple geocaches here too. ",Mark Larson,"February 28, 2016",5.0,Unknown,https://www.singletracks.com/bike-trails/balm-boyette-scrub-preserve/
"
 Freaking awesome! ",JMDELVAL11,"December 28, 2015",5.0,Ridgeline,https://www.singletracks.com/bike-trails/balm-boyette-scrub-preserve/
"
 The trail is well maintained and groomed. The conditions on 12/19 were dry and compact. Ridgeline was open and in outstanding shape. ",Yellow9er,"December 20, 2015",4.0,Unknown,https://www.singletracks.com/bike-trails/balm-boyette-scrub-preserve/
"
 Great fun was had!!!  Tried to ride it all but did some loops twice and backtracked a bit on Spider Berm and Inner Loch Ness. Really liked Pandemonium and Golf Cart too! ",SLOWGATOR00,"December 14, 2015",4.0,Unknown,https://www.singletracks.com/bike-trails/balm-boyette-scrub-preserve/
"
 Awesomely fun way to spend a day! ",Hobbes,"November 24, 2015",4.0,Unknown,https://www.singletracks.com/bike-trails/balm-boyette-scrub-preserve/
"
 One of the best trails all round for anyone leading how to ride to more advanced riders, defiantly a better trail to use as a stepping stone to more advanced riding. ",Marcos Pluguez,"November 12, 2015",5.0,Unknown,https://www.singletracks.com/bike-trails/balm-boyette-scrub-preserve/
"
 Love ridding here. Great flow to the trails and nice scenery. It could use a little better signage but swamp does an amazing job maintaining this system. ",rickbr11,"October 5, 2015",5.0,Unknown,https://www.singletracks.com/bike-trails/balm-boyette-scrub-preserve/
"
 Loved it! So much good flow and plenty of acreage for stretching the legs. I definitely want to go back to explore more. ",Jeff Barber,"August 20, 2015",5.0,Unknown,https://www.singletracks.com/bike-trails/balm-boyette-scrub-preserve/
"
 Riding Ridgeline alone is worth 3 hour drive up from Miami! ",Lefty Frank,"August 11, 2015",5.0,Unknown,https://www.singletracks.com/bike-trails/balm-boyette-scrub-preserve/
"
 I rode my first trails here and have been coming ever since. It's never too crowded which is great. There is a 2 mile ride from the parking lot to the trails so it seems long after a hard day of riding, but its a nice warm up and cool down. ",Brian Haynes,"August 4, 2015",5.0,Unknown,https://www.singletracks.com/bike-trails/balm-boyette-scrub-preserve/
"
 trail was in perfect condition today!  not many riders so I had it almost to myself.  some of the openings at the intersections were not marked, that's the only thing keeping it from a 5.  great for a work out. ",Keith Moseley,"March 31, 2015",4.0,Unknown,https://www.singletracks.com/bike-trails/balm-boyette-scrub-preserve/
"
 Great place better then the more well known Alafia. ",Theejuicer,"March 21, 2015",5.0,Unknown,https://www.singletracks.com/bike-trails/balm-boyette-scrub-preserve/
"
 Plenty here for riders of all skill levels.  Northwest, Southwest, Northeast & Southeast are great beginner trails, though they had a treadmill feel to me.  The intermediate trails are a blast and Ridgeline & Abyss will interest the expert riders.  The 2 mile double track from the parking area seems longer and the sand seems deeper on the way back. ",Hap Proctor,"March 20, 2015",4.0,Unknown,https://www.singletracks.com/bike-trails/balm-boyette-scrub-preserve/
"
 First time riding here. And in general. I had a blast. The ride in was a petty good warm up. I took the beginner trail to bypass the entire 2 miles of sugar sand, came out and hit Loch Ness, and upper Loch Ness. Other than that just enjoyed riding around. It's worth the 30 min drive! ",BamaDaddy12,"February 1, 2015",5.0,Unknown,https://www.singletracks.com/bike-trails/balm-boyette-scrub-preserve/
"
 Alafia was closed for a marathon so I hit balm. I don't get over to balm as much as I should. This trail system is a blast. Swamp has added some new trails and modified others for a great day of ridding. Ridgeline was open and I had forgotten what an ass kicker it is. I had a blast, thanks SWAMP!!!!! ",spike07,"January 27, 2015",5.0,Unknown,https://www.singletracks.com/bike-trails/balm-boyette-scrub-preserve/
"
 new stuff at Boyette. ",harleyferg,"December 26, 2014",5.0,Unknown,https://www.singletracks.com/bike-trails/balm-boyette-scrub-preserve/
"
 Flows very well. Narrow singletrack on the harder trails then there is Ridgeline. It is packed down and just flows down and up. They even have the drops named. OMG and Max G are my favorites. Night riding here is a blast! ",ittakes2freestyle,"December 20, 2014",5.0,Unknown,https://www.singletracks.com/bike-trails/balm-boyette-scrub-preserve/
"
 Overrated prehaps. It is a roller coaster but keep in mind it's a Florida roller coaster. You have to Really keep you speed up to make it fun. There are a few sections that require a bit of peddling. I appears this trail has become much easier (in terms or steepness) over the years due to erosion of the steep grades. I'll give it a 3 for a ""it's fun for Florida"" rating. ",rpmarheine,"December 16, 2014",3.0,Ridgeline,https://www.singletracks.com/bike-trails/balm-boyette-scrub-preserve/
"
 I don't ride double black diamond trails but the Intermediate trails are a blast. After spending my first two seasons at Boyette I am a lot stronger and a far better rider. I go to Alafia and Turkey creek now and then but Boyette has it all. It feels like I am way out In the woods. As for the two mile ride in and out fighting the sugar sand. This Is where we can improve our cardio and power. On the ride in Its a good warm up to Loch Ness or Palmetto cable, once there I stop, eat a protein bar, drink and then with warm muscles I stretch. Now I am tuned for the ride.
On the way out that two mile sand/dirt road is my burn down. I ride out at 110% often so spent at the end I cannot lift my legs over the bike to dismount. Here Endeth The Lesson :P ",Osco,"October 18, 2014",5.0,Unknown,https://www.singletracks.com/bike-trails/balm-boyette-scrub-preserve/
"
 I really enjoy this trail system.  The offshoots offer some challenge.  The 2 mile pedal to get to the main trails ensures you will get some miles on every ride wanted or not. ",Eric Mason,"August 12, 2014",5.0,Unknown,https://www.singletracks.com/bike-trails/balm-boyette-scrub-preserve/
"
 You can rack up miles here. Ridgeline is the main attraction here and it is closed during the wet season. The other difficult trails are fun and have some elements of Ridgline but its not as consistant. The small entrance trail has lost lts of its tree cover due to controlled burns. ",Alex Schmitt,"July 2, 2014",5.0,Unknown,https://www.singletracks.com/bike-trails/balm-boyette-scrub-preserve/
"
 This is the second time I have rode this park and wow this place is great! The first time was almost a year ago and I forgot how great it is. Ridge line was closed so missed out on that one. I would have to say south abyss is my favorite.  North abyss is also a great trail and big drop is fun. THANKS SWAMP! ",bw020752,"June 23, 2014",5.0,Unknown,https://www.singletracks.com/bike-trails/balm-boyette-scrub-preserve/
"
 Great ride! ",JeffWest,"June 21, 2014",5.0,Unknown,https://www.singletracks.com/bike-trails/balm-boyette-scrub-preserve/
"
 This place absolutely rules! SWAMP club builds and maintains the trails here and they do a killer job. Every trail has great flow to it and it's tough to ride here and not have a massive smile on your face! Even the green trails are really fun to ride! They are completely flat, but they twist through the woods and they are fun to just rip through! That said, the blue and black rated trails are what this place is all about. Ridgeline is the standout, but everything here is worth riding often! Alafia gets all the notoriety, but I much prefer Balm Boyette! ",schwei,"June 6, 2014",5.0,Unknown,https://www.singletracks.com/bike-trails/balm-boyette-scrub-preserve/
"
 wow, best park ive ridden so far. liked it better than santos and alafia. great flow in the trails, HUGE descents, and lots of miles of trail. one thing to be concerned about: on some of those big descents, there are sugar sand patches at the bottom and at those speeds they can redirect u in a hurry, so be aware of that. i give it a 4 star rating mainly because of two things: theres a 2 mile ride from the parking lot to the trails on a sugar sand rd and nowhere to get water anywhere in the park. going in u can see the 2-mile ride as a warm-up, although the sugar sand makes it more than that, but even so on the way out its a killer. considering theres no way to get more water once ur in the trails, u may run out and after an 18-20 mile ride, with no water left, the last thing u want to do is ride 2 miles worth of sugar sand back to your car. then again, if u can handle it, and if u have a MULE pak with a lot of water storage, the trails are DEFINITELY worth it. right next to alafia state park. no bathrooms or bike wash that i could see. ",eyejustamazeyall,"June 2, 2014",4.0,Unknown,https://www.singletracks.com/bike-trails/balm-boyette-scrub-preserve/
"
 I came down from Ky to check out the gator trails.  I rode here in the morning then hit Alafia in the afternoon.  WOW, These trails are SWEET!!!.  I rode with a few peeps from the Florida Mudcutters and had a blast.  BB was well marked / maintained, trails dry/hardpack and sandy in places.  The flow was the best I have ever ridden.  The views were fantastic.  I did see a few gators... and I still have both my legs so far.  Most of the terrain was intermediate difficulty and A LOT of FUN.  I wanted to pack up ""Ridgeline"" and bring it back to Ky.  It felt like riding a roller coaster and I could have just stayed and rode that section over and over and over and over....and I did.  Good work SWAMP on the awesome trails.  I would advise anyone in the area to come check this trail out.  Its hard to compare to Alafia, both are different and equally cool.  Ride em both!  I did about 25 miles here then popped over to Alafia and did about 20 more...then I was pooped. ",cavedweller,"April 26, 2014",5.0,Unknown,https://www.singletracks.com/bike-trails/balm-boyette-scrub-preserve/
"
 Was on vacation in FL last week and I thought Boyette was awesome---did break a chain on the stupid rental after 10 miles of riding, climbing out of upper meadow... ",armyslowrdr,"March 31, 2014",4.0,Unknown,https://www.singletracks.com/bike-trails/balm-boyette-scrub-preserve/
"
 I have been here three times and have had fun and explored new trails each time. The ride in and out gets a bit tedious but it isn't too bad. The trails have a very good flow and are not very technical. They make the best of the terrain as FL is so flat. ",rwmtb,"February 7, 2014",4.0,Unknown,https://www.singletracks.com/bike-trails/balm-boyette-scrub-preserve/
"
 http://www.mtbepicrides.com/2013/07/balm-boyette.html Balm Boyette is not on the IMBA Epic list, but if Alafia River State Park is on the list so should Balm Boyette! SWAMP puts up an impressive network. Brian McInnis (from JRA (Just Riding Along) Cycles just outside of Boston in Medford, Ma) and I discussed connecting these two parks,. With the facilities and sweet trails at Alafia and the even better trails at Balm Boyette, Swamp, may just have the makings of a IMBA ride center. I actually like Balm Boyette, just a little bit better than Alafia. More over all mileage and Ridgeline does give Moonscape a run for it's money! There seems to be more advanced trails, Abyss, Pandemonium, and Garry's loop, at Balm Boyette. I admit it is a close call. Spider Berm  and a few others are better too, but North Creek and Roller Coaster at ARSP, have to be given there due. The Quadrants at Balm Boyette, do pretty much blow away any of the easy trails at ASRP though! Picture Endor with palm trees. ",Jetnjeff29r,"January 29, 2014",4.0,Unknown,https://www.singletracks.com/bike-trails/balm-boyette-scrub-preserve/
"
 !Wow what a great place,really friendly helpful people there too!My wife clipped a tree,got hurt,but we made it out fine..we did lose a Toyota Smartkey on the main grassy trail near Lochness somewhere..if anyone happens to find it,email me   Eastender43@yahoo.com
Reward for return!..the big drops here are truly breath taking the first time thru Ridgeline!Thanks to all for your help!We will be back!We also rode ALAFIA and this place is better,and safer.We drove 21 hrs from Wisconsin...it was worth it! ",Eastender43@yahoo.com,"December 3, 2013",5.0,Unknown,https://www.singletracks.com/bike-trails/balm-boyette-scrub-preserve/
"
 Nice trail system with many different options for any skill level. 2 mile fire rode ride in from parking lot leading to multiple semi-short trails. Rode 95% of the blue and black trails and enjoyed most. Not as much flow as I like, but  once you know the trail (only been here this one time) I imagine you could put together a good link of trails together.  If ratings were out of 10, I'd give this system a 6.5-7... Ridgeline was great (8.5/10), but wish I'd ridden it before to know more of what was coming next. ",jeffrey_j,"October 20, 2013",3.0,Unknown,https://www.singletracks.com/bike-trails/balm-boyette-scrub-preserve/
"
 Trails here are great. I'm an intermediate rider and there are plenty of options here. Love the Upper and Lower Spider Berm. Golf Cart is also a favorite! Can get some speed here!  WOOT! ",ediblefrog,"October 13, 2013",5.0,Unknown,https://www.singletracks.com/bike-trails/balm-boyette-scrub-preserve/
"
 Ridgeline is awesome right now.  The runouts are smooth like butter and you can just fly up the other side of the hills.  SWAMP is working on some of the options to make them more sustainable currently.  Make the trip and experience one of the best trails in Florida! ",dcluley,"March 31, 2013",5.0,Ridgeline,https://www.singletracks.com/bike-trails/balm-boyette-scrub-preserve/
"
 WATERMAN75 Read your trail feedback on Boyette.. I acutally do volunteer my time out there. And I actually try and do trail updates on here often about our local trails to give everyone a heads up on the current conditions.. Not bashing the trails I love to ride, just giving current feedback. And since you ride our local trails, why don't you come out and join us sometime when we're doing to work on them. I'll be at Alafia next week adding onto Rollercoaster if you want to lend a hand. :wink: ",Peresite70,"March 21, 2013",0.0,Unknown,https://www.singletracks.com/bike-trails/balm-boyette-scrub-preserve/
"
 Went out and rode here this past Saturday and the trails were in excellent shape. The trail work that has been done on West Meadow was a huge inprovement. All the hog damage is gone and it's super fast and fun again. So if your thinking about making a trip out to Boyette, the trails are premo right now!! ",Peresite70,"March 21, 2013",5.0,Unknown,https://www.singletracks.com/bike-trails/balm-boyette-scrub-preserve/
"
 Road boyette today for the 3rd time and for the 3rd time we got lost getting out there. I love this place but it could use some trail head signs.  other riders we spoke to that didn't ride it frequently all said the same thing. All other signage is great. Once again swamp thank you ",,"March 16, 2013",4.0,Unknown,https://www.singletracks.com/bike-trails/balm-boyette-scrub-preserve/
"
 Pretty cool place.  Great place for kids and beginners.  My kids loved it. ",Spartan,"February 6, 2013",3.0,Unknown,https://www.singletracks.com/bike-trails/balm-boyette-scrub-preserve/
"
 Absolutely love Boyette. But there's a few trails that are getting ate up from the wild hogs out there. Some of the trails are in dire need of some maintence because of what the hogs have done, but at least Rigeline was in excellent shape. ",Peresite70,"January 31, 2013",5.0,Unknown,https://www.singletracks.com/bike-trails/balm-boyette-scrub-preserve/
"
 Rigeline is in great shape!! Come out and ride it!! ",Peresite70,"January 31, 2013",5.0,Ridgeline,https://www.singletracks.com/bike-trails/balm-boyette-scrub-preserve/
"
 My son and I have been here probably 4 times in the past few months.  We just returned from a vacation in Asheville, NC where we rode Bent Creek and it was some fun downhill riding.  As for Balm Boyett..  This place rocks!!  Parking is free, restroom available, great signage, good warmup ride into park, beautiful scenery and more.  All types of trails for every rider.  Get a map and enjoy!!  SWAMP. Thank You!! ",NOBLES,"January 4, 2013",5.0,Unknown,https://www.singletracks.com/bike-trails/balm-boyette-scrub-preserve/
"
 Great trails! SWAMP has really done a great job maintaining.  Tried for the first time yesterday and had to go back today for an encore.  This park really does have something for everyone. I am just getting started so I haven't tried the really advanced trails yet but will definitely do so soon. ",ebjr,"December 13, 2012",5.0,Unknown,https://www.singletracks.com/bike-trails/balm-boyette-scrub-preserve/
"
 Loved this trail.  Thank you Jerry for showing me the way....  It is a great ride! ",,"November 3, 2012",5.0,Unknown,https://www.singletracks.com/bike-trails/balm-boyette-scrub-preserve/
"
  Rode Ridgeline yesterday for the 1st time since they reopened it due to it being closed for the past few months from all the rain that we have been getting. SWAMP did a great job in cleaning this trail up for the most part. Could of used some power triming in a few overgrown spots, but for the most part the trail is in excellent shape!! Can't wait to ride it again today after work!!   If your in the area this trail is definitely worth checking out!! ",Peresite70,"October 24, 2012",5.0,Ridgeline,https://www.singletracks.com/bike-trails/balm-boyette-scrub-preserve/
"
 Beginning trail is all sand, but after that a fantastic day in the saddle.  Great singletrack with some interesting technical areas, but overall doable for an intermediate to advanced rider. ",ncstatewlfpk,"October 4, 2012",5.0,Unknown,https://www.singletracks.com/bike-trails/balm-boyette-scrub-preserve/
"
 Rode Boyette tonight and most of the trails were in great shape. They were all dry n packed down. Way faster then last week when I was riding there. ",Peresite70,"September 26, 2012",5.0,Unknown,https://www.singletracks.com/bike-trails/balm-boyette-scrub-preserve/
"
 First time riding Balm today.  Not enough time to do it all.  My wife doesn't like the 2 mile ride just to get to the trails.  That and coupled with the lack of signage, made for a long day of stopping to check the map and missing some of the trails completely (Too hot a day for that). Overall, we enjoyed the trails.  I'd be more than happy to assist in placing signs out there.  Better signage would definitely make it a better day of riding.* Review edited 9/22/2012 ",Pake,"September 23, 2012",4.0,Unknown,https://www.singletracks.com/bike-trails/balm-boyette-scrub-preserve/
"
 My first time at BBSP had a great time, trails ride smooth and you can really get some speed on them. wasn't able to ride ridgeline but N. and S. abyss are deff on my favorites list. Can't wait to go again. P.S. I didn't see any info on it but the parking is free, but try and get there early so you don't have to park on the road ",Trek820beast,"September 4, 2012",5.0,Unknown,https://www.singletracks.com/bike-trails/balm-boyette-scrub-preserve/
"
  Rode this trail system for the first time yesterday and for the most part everything was in good shape. Ridgeline was closed, but we ended up riding it anyhow. Why it was closed is beyond me since there weren't any areas that were washed out at all. It wasn't smooth as glass like I'm sure some people might like it but it was completely rideable. Made it thru the whole trail with no problems at all and I had a blast on it!!! If you've never been to Boyette I suggest that you do so!! ",Peresite70,"July 27, 2012",5.0,Unknown,https://www.singletracks.com/bike-trails/balm-boyette-scrub-preserve/
"
 These trails are awesome! Worth the drive from anywhere in the state. These trails have a great flow to them. I have seen people compare them to Alafia and other surrounding parks but with a flow like this I would say it is closer to the Forks Area Trail System (FATS) in South Carolina. Just an amazing ride. Ridgeline Was more than I expected. Hats off to The Swamp for a exceptional job maintaining these trails. If you are new to the trails BRING A MAP! It is pretty easy to find your way out but getting back can be difficult. Over all some of the best trails I have ridden. There is something for everyone and I promise you will not be disappointed! ",PSIME84,"July 22, 2012",5.0,Unknown,https://www.singletracks.com/bike-trails/balm-boyette-scrub-preserve/
"
 KICK ASS. One of the best in the Tampa/West Florida area. Fun trails for all types of riders, the new Sidewinder sections are a blast, and Ridgeline is a roller coaster ride you can take for free. Absolutely awesome layout and all day fun. Wish they would pave the lot, add more parking, and put out some other amenities (bike wash, etc). Then this place would be 6 stars. Love it here. ",rich67,"June 9, 2012",5.0,Unknown,https://www.singletracks.com/bike-trails/balm-boyette-scrub-preserve/
"
 It can be a bit hard to find your way back out!!! However one of the best trails i have been to. Ridgeline is a most do... ",,"May 23, 2012",5.0,Unknown,https://www.singletracks.com/bike-trails/balm-boyette-scrub-preserve/
"
 Nice park mostly novice,  beside a few trails very confusing even with a map no exit or direction signs at all. ",superautofl,"May 1, 2012",3.0,Unknown,https://www.singletracks.com/bike-trails/balm-boyette-scrub-preserve/
"
 Balm is a great place to ride. Other people are saying its hard to navigate, and I agree. It took me and my riding partner a good 5-6 times of riding that place to even get a feel for the layout. When you do find your way, the black diamond trails are intense and so much fun. The lower challenge trails are also very fun and there is nothing too difficult as long as you get a little practice in first! I love this place.  ",taylororamac,"March 19, 2012",5.0,Unknown,https://www.singletracks.com/bike-trails/balm-boyette-scrub-preserve/
"
 We rode most of the intermediate courses for over 20miles and wow what a ride. Sunny, windy and some rain showers. Perfect weather and one of my favorite parks. Great riding. ",,"March 18, 2012",4.0,Unknown,https://www.singletracks.com/bike-trails/balm-boyette-scrub-preserve/
"
 I just rode this trail for the first time today. Me and a buddy ended up riding with a guy who had ridden here before. We rode this trail twice and had an absolute blast, despite the fact that I beefed it pretty good one time--luckily my elbow pads protected me pretty good or else I would have been way more scratched up. I would definitely recommend some knee and elbow pads for this trail if you are trying to rip down it (which I was). Ridgeline was definitely all it was cracked up to be. Overall, I would say ridgeline is a definite 5 star--I would give it 6 if I could. Going down the mounds is awesome, and probably the closest you are going to get to a downhill in FL. All of the side options are very steep, especially for FL, and they are a blast! I hit about 27.5 mph on The Plunge. On a side note: for some reason Ridgeline is not listed on either of the trail maps at the trailhead, but it is not currently closed. * Review edited 3/2/2012 ",afullsodacan,"March 3, 2012",5.0,Ridgeline,https://www.singletracks.com/bike-trails/balm-boyette-scrub-preserve/
"
 Very good trail system. I just rode here today.  Me and a buddy ended up riding with a guy who had ridden here before. We had a ton of fun. Ridgeline was definitely all it was cracked up to be. Ridgeline is now currently my favorite trail in Florida. The other black diamonds and intermediates were also pretty fun, but not the main attraction. The main reason that I gave it 4 stars instead of 5 is that there is a pretty good amount of ride-in along a sandy road to get to the singletrack. Ridgeline is a definite 5 stars; going down the mounds is awesome.  On a side note: for some reason Ridgeline is not listed on either of the trail maps at the trailhead, but it is not currently closed.* Review edited 4/11/2012 ",afullsodacan,"March 2, 2012",4.0,Unknown,https://www.singletracks.com/bike-trails/balm-boyette-scrub-preserve/
"
 Second review: I have now ridden the new sections of trail on Ridgeline a couple of times and there are no true words to describe how much fun this is! It is technical with steep but sloping drops easily ridden with an XC bike. Would not say it is 'better' than Santos and Alafia...as they are all different and great Trifecta of FL trails. A must ride if you have not done them before.  ",Michael Paul,"February 22, 2012",5.0,Unknown,https://www.singletracks.com/bike-trails/balm-boyette-scrub-preserve/
"
 I just started riding and had a blast here. Technical fun for riders of all levels. Tons of trails. I had the most fun on the ""intermediate"" trails. I wasn't ready to ride the ""black diamond"" trails, but I'll get there. I can't wait to go back! ",,"January 17, 2012",5.0,Unknown,https://www.singletracks.com/bike-trails/balm-boyette-scrub-preserve/
"
 This place is so underated and overlooked. I would place it above Santos and Alafia. If you have the skills and stamina Ridgeline is one of the best trails in the state.  ",IdahoLife,"December 22, 2011",5.0,Unknown,https://www.singletracks.com/bike-trails/balm-boyette-scrub-preserve/
"
 Thanks to swamp!!! Love this trail!! Excellent Mountain biking for all Levels. If you like  mountain biking in Florida you need to visit this park is one of the best!!! ",carlitosway,"December 5, 2011",5.0,Unknown,https://www.singletracks.com/bike-trails/balm-boyette-scrub-preserve/
"
 Loved it! My favorite trail so far! Went to see Alafia and Santos in Fl nonetheless this is my favorite! Well mantained and marked, very fun singletrack with ups and downs. Its not awfully technical but will keep you entretained with steep sections.  ",malva,"November 29, 2011",5.0,Unknown,https://www.singletracks.com/bike-trails/balm-boyette-scrub-preserve/
"
 Balm is the best there is around for epic all day rides. Alafia gets all the attention around here, but overall I feel Balm is a better system.  There is something for everyone whether you are just out for a leisurely tool around the woods, meadows, amd lakes, or are up for the challenge of Abyss and Ridgeline. You can easily make long loops out of the trails flowing from one to the next of 20 plus miles of bliss.  I have seen wildlife ranging from your usual Florida fauna of tortoises, armadillos, squirrels, gators, hawks, jays. . . To the more exotic sightings of a bobcat and a 2 point whitetail deer that ran along in front of me for a good 100 yards. Some have even claimed to have seen an endangered Florida   Panther!  SWAMP does a great job of maintaining this extensive system.  They always keep the trails clear of brush and blockages. If erosion or wild hog rooting tears up the single track, they are out to fix it and put preventive maintenance in place. And it always seems like the are looking for ways to make the trail system better. For instance, they just started to put in a new ""Back Rim"" trail that can be used if Swampthing or Ridgeline are closed, with some flowy fast downhill and bermed sections. Overall a great park to layout your epic ride. Only drawbacks are the remote nature of the park with the long ride in and out and it's easy to get lost if you aren't familiar with the layout.  But if you're in for an epic ride, these can become a plus.  Who wouldn't want to feel like you're dropped into a remote wilderness fat tire playground for 3+ hours every once in a while!* Review edited 11/26/2011* Review edited 11/26/2011 ",dcluley,"November 26, 2011",5.0,Unknown,https://www.singletracks.com/bike-trails/balm-boyette-scrub-preserve/
"
 JoeTutt: You should'v come to the Fat Tire Festival last weekend!!!! You missed it. Ridgeline is like being on another PLANET!! 15 to 30 foot climbs and drop-ins.  (only bad part of trip was our friend broke his wrist - not paying enuff attn on Ridgeline 1st time on it!!!). N. & S. Abyss were also fun, not nearly as high as Ridgeline. Golf Cart was a fun run-out on the way out; Canyon was fast and short. The rest of the Blues were not that hard, a 'B-' rider can have a great day out there.  ",G8rbiker,"November 18, 2011",5.0,Unknown,https://www.singletracks.com/bike-trails/balm-boyette-scrub-preserve/
"
 For me, Balm was a little disappointing!  Since I heard a lot of really great things about it, my expectations were high.  The trails were poorly marked, making it difficult to navigate, even with a map.  We spent a lot of time trying to figure out where the heck to go.  The black trails were fun, but not too exciting.  Up, down, up, down, it just seemed really redundant.  Ridgeline, the ""best"" trail out there, was closed.  According to a local we met out there it's closed most of the summer.  That was disappointing!  Overall, we had a great time out there, it just didn't meet the hype.       ",joetutt,"September 5, 2011",3.0,Unknown,https://www.singletracks.com/bike-trails/balm-boyette-scrub-preserve/
"
 Rode yesterday and the trails are in great shape...thanks so much to SWAMP club for building and maintaining such a great trail system. I love Alafia, but I challenge anyone to find a better flow than Lochness to Randys Trail to Pandemonium to Sidewinder to Swamp Thing to Ridgeline to South Abyss to North Abyss....15 miles of insane technical riding. One of the best trails in the US if you like flowy half pipe style drops and benders... ",Michael Paul,"June 12, 2011",5.0,Unknown,https://www.singletracks.com/bike-trails/balm-boyette-scrub-preserve/
"
 rode here this weekend, Very fun trails. Heard a rumor at the trailhead that the county was going to plow it down. could this be true? It would be tragic ",scotkrzy,"June 7, 2010",4.0,Unknown,https://www.singletracks.com/bike-trails/balm-boyette-scrub-preserve/
"
 Great trail, Ridgeline is one of the best trail sections in FL, progressively bigger gulps to build some speed, flow, and get a work out. Third only to Alafia and Santos. Its amazing how many people I see at Alafia and how few at Boyette. The trail is worth its while and doesn't get enough love.* Review edited 5/24/2010 ",GoKite5,"May 2, 2010",4.0,Unknown,https://www.singletracks.com/bike-trails/balm-boyette-scrub-preserve/
"
 Hidden treasure!  For years I had heard how this trail wasn't worth the drive.  After reading reviews & being tired of the same trails & ventured off to find this one.  I will tell I was pleasantly surprised.  There is ""advanced / black"" trails here, by FL's standards, that will get the heart pumping.  I highly recommend this park.  I also, recommend carrying spare parts as if this was all day ride in the wilderness.  It's two miles in of flat, single track just to get to the trails.  This is not where you want to have a flat & have to hike the bike back to the car.  I find it to have the best, flowing ""downhill"" sections in the state.  Flowing is the key word!  Though it is up & down, if you know how to ride, the up is minor.  ""Ridgeline"" is the trail that is a must for the more experienced riders.  You will forget that you are in FL for about 10 minutes!  I was so impressed that I'm going to contribute money to the ""SWAMP"" club for a well put together park.   ",Allen_,"March 12, 2010",4.0,Unknown,https://www.singletracks.com/bike-trails/balm-boyette-scrub-preserve/
"
 They just added some great trails to this park. Worth a visit. ",jbster13,"December 14, 2009",4.0,Unknown,https://www.singletracks.com/bike-trails/balm-boyette-scrub-preserve/
"
 Great Trail system. Got to ride it last month. It was tons of fun, lots of diverse trails, something for everyone. Well marked through out.  ",Jordan300,"October 15, 2009",4.0,Unknown,https://www.singletracks.com/bike-trails/balm-boyette-scrub-preserve/
"
 8/18/09 Update...
Ridgeline is still closed...infact if coming from North abyss/ south abyss area they have all the trails closed off from the entrance inbetween north and south abyss.  ",spags25,"August 18, 2009",5.0,Unknown,https://www.singletracks.com/bike-trails/balm-boyette-scrub-preserve/
"
 I like this trail system except for the 2 mile trek to get out to where the fun stuff is located.  Ridgeline was closed so we will missed seeing that part of the trail. However my first trip out not knowing where we were and the rain made a mess of the day.....but we treaded thru and found some interesting spots to come back to.  The trail system around the lakes and the prairie views were great to ride thru.  The North East, North West & Palmetto trails winded under the canopy of the trees with very little roots to grind over......felt as if we were lost since the map had fell apart from the rain, but finally we came out on the parameter road and found our way back 2 miles to the trailhead.....would like to see more trail map signs to help verify where you are on the trail.....I like ride at Alafia River & Loyce Harpe Park however I will have to try this trail again someday. ",JSurratt,"July 12, 2009",4.0,Unknown,https://www.singletracks.com/bike-trails/balm-boyette-scrub-preserve/
"
 Ridgeline is temporarily closed until it dries out a little. ",cujo,"May 29, 2009",5.0,Unknown,https://www.singletracks.com/bike-trails/balm-boyette-scrub-preserve/
"
 Great trail system. Signage issue the last reviewer talked about is due to the land managers restrictions on signs on the property. The new ""ridgeline"" trail is one of the best trails in the area.   ",darrinw2001,"May 29, 2009",5.0,Unknown,https://www.singletracks.com/bike-trails/balm-boyette-scrub-preserve/
"
 Conditions: HOT...Dry..Very breezy...It hasn't rained in a long time. I only say that to account for the sandy conditions. LOVE THIS PARK! Its a great mix of fast open single track with a complement of some challenging blacks. My hats off to SWAMP (Clearly not a member yet) and their crew for a great job maintaining and running these trails. There is such a neat mix of tight closed in tracks that feeds to wide open meadows and suddenly your looking at a huge lake. Awesome!
I would have given it a five but for the lack of signage.  Even the description on the SWAMP website says you will get lost but its not necessary. More signs would really help. I was on the map all day. If you use another SWAMP Maintained property as a gold standard for signage, Alafia, then Boyette falls way short in this department.
Other than that...if you don't ride this then shame on you..You don't know what you are missing. * Review edited 5/11/2009 ",Floridadan,"May 11, 2009",4.0,Unknown,https://www.singletracks.com/bike-trails/balm-boyette-scrub-preserve/
"
 The trails at Balm Boyette are pretty good. The SWAMP MTB Club that maintains them does a decent job. The Ridgeline is by far the most exciting trail with good fast and steep downhills. I also found the North Abyss and South Abyss to be alot of fun. The two mile ride down a double track road that was made of sand took alot of fun out of the place. It was especially tough after riding several hours and covering near 15 miles worth of trail. The flow of the trails seemed awkward as you often had to double back on the fire roads to get to other trails. All in all it was a cool place and a good spot to visit...Don't forget sunblock and bug spray* Review edited 4/12/2009* Review edited 4/12/2009 ",Devin_P,"April 12, 2009",4.0,Unknown,https://www.singletracks.com/bike-trails/balm-boyette-scrub-preserve/
"
 This trail rocks. The new addition of Ridgeline will put this place on the map. If you haven't ridden Boyette you don't know what you are missing. Great flow and something for everyone. ",cujo,"April 11, 2009",5.0,Unknown,https://www.singletracks.com/bike-trails/balm-boyette-scrub-preserve/
"
 Not bad! The 2 mile path heading into the main park wasn't much of an issue. The parking area is kind of small and lacks facilities. That makes it better though, since there are less people out on the trails. Some of these trails are VERY short- Gator Pit, Loch Ness, and Spider Berm. The best trails I hit today were Golf Cart and North/South Abyss...what a rockin' ride at the Abyss!!! One of the best ones I have been on, for sure. The intermediate trails are very easy for me, since I ride a lot at Alafia.  Even the difficult one like Upper Loch Ness was more like an easy/intermediate trail. This is a pretty decent place; I was pleasantly surprised.  ",rich67,"January 24, 2009",4.0,Unknown,https://www.singletracks.com/bike-trails/balm-boyette-scrub-preserve/
"
 I just got back from riding this trail and i was very impressed. I'll take this place of Alafia any day. Beautiful cross country riding for the state of Florida. Almost forget i was in Florida. True single track everywhere. Single track that even goes through meadows. Skip Alafia and go straight here. U will not be let down. Now  if ur the free ride type , u'll get bored. U all can stay at Alafia. ",rnavarro,"November 3, 2008",5.0,Unknown,https://www.singletracks.com/bike-trails/balm-boyette-scrub-preserve/
"
 We use Boyette as an alternative to Alafia. It's always a good time and there are certainly some challenging trails out there. I go about once every other month when I start to get burnt out on Alafia or if I just want to ride more conservatively. The bad thing for me (and the guys I ride with) about Boyette is that there is a mix of single track and double. Plus there is a two mile trip out to the trails via boring mix of single and double. This sucks if your bike breaks down beyond repair or you get hurt. I'm told that at one time you could drive out to the trails and park but that is certainly not the case now. Others have said they appreciate the extra few miles of fat burning. I'd probably go at least a few times a month if it wasn't for the remote parking lot. There have been some new trails cut so get out there and give them a try. ",Tranceman,"October 28, 2008",4.0,Unknown,https://www.singletracks.com/bike-trails/balm-boyette-scrub-preserve/
"
 Great trails, a wide variety of scrubs, ridges, meadows, forest, and mine hills. Great scenery, very quite and secluded, very florida. Scrub sections were extremely long and fun, east sections had some great rolling sections, a lot more difficult than i anticipated, not quite double diamond, but close. Watch the ticks and spiders. Saw a huge turtle on the main path just chillin'.* Review edited 8/12/2008 ",Phlip44,"August 12, 2008",5.0,Unknown,https://www.singletracks.com/bike-trails/balm-boyette-scrub-preserve/
"
 very nice ",emillan1,"March 21, 2008",3.0,Unknown,https://www.singletracks.com/bike-trails/balm-boyette-scrub-preserve/
"
 2 ml. ride to get to trails, not so cool.
Trails are awsome though, no doubt.
Blue and Black trails, tough stuff. ",mikew,"March 16, 2008",4.0,Unknown,https://www.singletracks.com/bike-trails/balm-boyette-scrub-preserve/
"
 Beautiful area, very little traffic, and some great intermediate trails made for a fun ride and a great workout.  If it's your first time here, you'll probably get turned around a bit. ",Hypocrisy_Kills,"February 24, 2008",5.0,Unknown,https://www.singletracks.com/bike-trails/balm-boyette-scrub-preserve/
"
 great ride for the intermediate, a bit challenging for the beginner and advanced riders will find this trail to be boring other than the abyss(nice ups and downs)* Review edited 4/16/2007* Review edited 5/8/2007 ",papercityhustler,"April 17, 2007",3.0,Unknown,https://www.singletracks.com/bike-trails/balm-boyette-scrub-preserve/
"
 On the east side of Boyette Road are 12 miles of beginner's level two-track circling the dozen or so lakes. Several intermediate level single-track loops branch off this main two-track. These loops are cut through the woods and along the lakes, and consists of moderately strenuous, more technically difficult trails. There are some open sections where a rider can gain speed, but for the most part, the trail is tight, twisty and tough. Oh yeah, it's also great fun. ",ositoking,"September 23, 2006",4.0,Unknown,https://www.singletracks.com/bike-trails/balm-boyette-scrub-preserve/
"
 Great Trails for both beginners and experienced riders alike.  Swamp Club does a superb job maintaining this area.   ",dlnelson15,"August 26, 2006",5.0,Unknown,https://www.singletracks.com/bike-trails/balm-boyette-scrub-preserve/
"
 This is a trail I had always wanted to try but never got around to.  Now that I've ridden Boyette twice I can say that this site truly has something for everyone.  Trails can be hard to find out in the open areas, but the eight mile wooded trail is well marked.  Wildlife of the reptilian kind is abundant as are small furry woodland creatures.  If you don't mind the two mile ride from the parking area to the trail-heads, or the lack of a bridge over the creek just past the start of the trail system (where I broke my wrist!), then this biking site may just be one of the best places to ride in the Tampa area. ",aguamaul,"June 26, 2006",4.0,Unknown,https://www.singletracks.com/bike-trails/balm-boyette-scrub-preserve/
"
 I'd say the Farnsworth review is 100% accurate. I rode it twice today and it's a great set of trails. Great orkout, super cardio, no super technical stuff just easy single track dor the most part. One tough trail in the very back. Trails are not too easy to find, just go to Balm Boyette Rd. off of 672 and you'll see the small parking area. Well maintained by SWAMP. Great views of the lakes, nice pleasant ride for us non-professional riders. Had it all to myself most of the day, but after 5:30 there were about 15 or so people there. ",dashreeve,"May 12, 2006",5.0,Unknown,https://www.singletracks.com/bike-trails/balm-boyette-scrub-preserve/
"
 Road it a couple times this year and once in 2019 on visits into Florida.  Cool place.  Well marked.  They make the best of the flat ground they have.  You are going to peddle the whole time, but you are not going to climb so its not bad.  Loads of twists and turns.  the Vortex is not for beginners.  Flat out on it and you will be airborne. Very fun.  It was a bit wet and pretty dangerous the first time, but dry the next. ",Bdub26,"December 10, 2020",3.5,Unknown,https://www.singletracks.com/bike-trails/santos/
"
 There's something for everyone here.  Diamonds and jumps, wood berms for all levels.  Parking lot has an awesome skills area.  Pretty well marked.  A map would be helpful  Everything from beginner to double diamonds here.  Name a feature, you might find it here.  Miles and miles of awesome XC trails too.  Not to be missed. ",bikeit420,"September 4, 2020",5.0,Unknown,https://www.singletracks.com/bike-trails/santos/
"
 Good for the East Coast. Little to no elevation gain. ",Eric Foltz,"May 27, 2020",3.0,Unknown,https://www.singletracks.com/bike-trails/santos/
"
 Area dry ",Paul Loeffelholz,"January 11, 2020",4.0,Unknown,https://www.singletracks.com/bike-trails/santos/
"
 Great trail system. Flow trails, pump track, tons of XC trails, a free ride area with dirt jumps, some pro level features at places. Will definitely be back to keep exploring ",curriston766,"August 6, 2019",5.0,Unknown,https://www.singletracks.com/bike-trails/santos/
"
 Love this trail. It's well maintained/marked and easy to navigate. Has multiple options for a wide range of skills. Don't expect climbing like in other parts of the states. The advanced trails are the ones with the most elevation change. ",malva,"June 1, 2019",5.0,Unknown,https://www.singletracks.com/bike-trails/santos/
"
 First time here trails were in great shape,
very fun ",Rockin Ron,"May 9, 2019",5.0,Unknown,https://www.singletracks.com/bike-trails/santos/
"
 Finally got to ride here it was a great place I recommend it ",Rockin Ron,"May 8, 2019",4.0,Unknown,https://www.singletracks.com/bike-trails/santos/
"
 So many different types of trails here. Lots of options for everyone! Miles and miles of flow through beautiful woods! ",typingfool,"May 2, 2019",5.0,Unknown,https://www.singletracks.com/bike-trails/santos/
"
 Rode 20  miles in two days, March 2019.  Weekend traffic was heavy and the trails would benefit from one-way restrictions to prevent head-on crashes. Otherwise, trails are flat, fast, and pretty easy. ",AlisonO,"April 1, 2019",4.0,Unknown,https://www.singletracks.com/bike-trails/santos/
"
 Fun to do on my 27.5. Lots of twists & turns. Add it to the rest of Santos trails to fill your day. Stay away from Vortex unless you want plenty of air. All other trails can be done by most riders, even beginners. Rode with a newbie who managed all the other trails & this was only his 3rd mtb ride. Rented bike from Santos Bike shop.....trails start from their car park ! ",CaribMtb,"March 30, 2019",3.0,Twister,https://www.singletracks.com/bike-trails/santos/
"
 An amazing amount of action packed into this half mile loop.  Located just off the east end of the Ern N' Burn trail section, this is sure to become a ""must"" ride at Santos. ",Hap Proctor,"March 12, 2019",5.0,Troll,https://www.singletracks.com/bike-trails/santos/
"
 Great Florida single track with narrow trails and plenty of track options for every type of rider level. ",007pandas,"March 9, 2019",4.0,Unknown,https://www.singletracks.com/bike-trails/santos/
"
 Mountain biking in Florida, isn't what most people might imagine. There is a lot of good stuff to ride. Santos Mountian bike trails are rated the #1 place to ride in Florida. I'd say Alafia is giving them a good run for their money, but to be fair - there's SO much to ride in Ocala, that we haven't even touched half of it. We rode the vortex a few years back and have been looking forward to a return visit during a cooler month. We hope you enjoy this review, and hope this and the last few rides we did will inspire you to go out and check out what florida has to offer! ",VECON Sports,"February 26, 2019",5.0,Unknown,https://www.singletracks.com/bike-trails/santos/
"
 Spending a week mountain biking around Ocala and rode this loop today.  This is a pure cross-country loop of about 10 miles. Lots of ups and downs ranging from small to medium, some with roots that adds a challenge on the up.  There are fast sections through open forest area and tight and twisty through the pine trees.  We all felt the ride (though this was day 3) by the end. Main criticism is the signage is awful - in fact it barely exists.  We started from Shangri-la and got lost finding the start of the trail.  We rode South Nayles to 49th St and came back N Nayles where we got dumped out on the paved greenway with no signage which way to go to get back to the campground.  We finally found the dirt road that took us back, but there were several times during the ride we stopped to check our GPS. It would have been nice to have some signage along the way to confirm we were on the right trail. ",MtbChick85,"February 20, 2019",4.0,Nayles Trail,https://www.singletracks.com/bike-trails/santos/
"
 Huge network of trails.   Well maintained and marked.  Only did a few sections.  I'll be back often to ride em all ",Matthotchkiss,"January 14, 2019",5.0,Unknown,https://www.singletracks.com/bike-trails/santos/
"
 Just what you expact for a 'green' trail. Just easy and fun, can be fast if you want it to. Great for beginners. ",Mike@MikeHolt.com,"December 12, 2018",0.0,Pine Tree Loop,https://www.singletracks.com/bike-trails/santos/
"
 Nice 1 mile trail with some fun short punch climbs. ",Mike@MikeHolt.com,"December 12, 2018",4.0,Rattlesnake Ridge,https://www.singletracks.com/bike-trails/santos/
"
 Hands down the best FL has to offer!  Flow trails, tech, jump lines, drops of all sizes, XC mileage, skinnys and wood features, this system really does have it all.  Next to impossible to do it all in a single day, great camping facilities with a pump track and skills area adjacent.  I LOVE SANTOS! ",mlombar17,"November 19, 2018",5.0,Unknown,https://www.singletracks.com/bike-trails/santos/
"
 '???????? ",OffTheWall,"September 8, 2018",5.0,Unknown,https://www.singletracks.com/bike-trails/santos/
"
 Beautiful park with lots of shade. My husband and I are in our 50's and we easily rode the yellow and blue trails. We were a little confused at first because most of the trails go in both directions but we rode on a Thursday and there was no traffic. Twister is almost 3 miles long with a couple of pretty steep mounds. Briar patch has a lot of ups and downs, nice flow and a little boardwalk bridge. If you ride early in the morning watch out for spider webs! And giant spiders!! We loved this park. ",lilac&greywolf,"July 13, 2018",5.0,Unknown,https://www.singletracks.com/bike-trails/santos/
"
 Fun, flowy trail, albeit a bit short. Still fun nonetheless. ",Chadbrochills,"July 10, 2018",4.0,Canal Diggings,https://www.singletracks.com/bike-trails/santos/
"
 I've ridden almost every trail in the Santos system and the Nayles Loop is my favorite so far. Fun, flowy sections but not overly technical. Some decent descents for Florida. The sugar sand on Nayles S kind of sucks, but there's not too much of it thankfully. If you're going to do the loop, I suggest doing it starting with Nayles N from 49th out to 484 and Nayles S coming back East. High bear activity in the area lately, according to signs at the trailhead but I didn't see any on my last ride which was today. ",Chadbrochills,"July 4, 2018",5.0,Nayles Trail,https://www.singletracks.com/bike-trails/santos/
"
 Something for everyone. Easy to very technical. Rode both sides, maybe 20 some miles. Mostly flat and fast to very technical with shear drops. Lots of options, lots of trails. Do it. Do it now! ",sailinggquest,"June 18, 2018",5.0,Unknown,https://www.singletracks.com/bike-trails/santos/
"
 Fun trail that's 1 mile from my house. I'm a newbie and have only been riding MTB for a week (grew up racing BMX though), but I was able to ride the trail no problem. Has some fun elevation changes up on the ridge. Doesn't seem to be ridden that often because it's so far west in the Santos trail system. Lot's of wildlife out there as well. Saw 3 good size deer and 2 armadillos. Also lots of wild pig in the area. ",Chadbrochills,"May 16, 2018",5.0,Razorback Ridge,https://www.singletracks.com/bike-trails/santos/
"
 Really nice trail with a wide variety of terrain. ",cybersunshine,"April 25, 2018",5.0,Unknown,https://www.singletracks.com/bike-trails/santos/
"
 One of the best intermediate trails at Santos.  Good length at 3 miles found at the Vortex TH.  Flowy trail with many curves and some good hills at the beginning.  Worth riding! ",acrmedic,"March 26, 2018",5.0,Twister,https://www.singletracks.com/bike-trails/santos/
"
 Longer trail at the far end of the Santos network.  This trail runs almost to Dunnellon.  This is a great flowy beginner trail that is under utilized, definitely worth riding. ",acrmedic,"March 26, 2018",5.0,Tricycle,https://www.singletracks.com/bike-trails/santos/
"
 I am not sure why this is considered an intermediate (blue) trail.  The only challenge is that the trail twists and turns.  There are no technical challenges or elevation changes, and this trail is really worth hitting to add on miles. ",acrmedic,"March 26, 2018",4.0,Speedway,https://www.singletracks.com/bike-trails/santos/
"
 This is probably the easiest red trail at Santos, but don't let that fool you.  There are many rock gardens to traverse, and it is a good step up from the intermediate trails.  What makes it easier than other reds, is that there is not significant elevation changes. ",acrmedic,"March 26, 2018",5.0,Sinkhole,https://www.singletracks.com/bike-trails/santos/
"
 This is a great intermediate trail that is sadly under utilized due to the remoteness in the Santos system.  This trail can be found on the Tricycle Trail near Dunnellon.  It is hilly with some good ridge line riding.  Can be sandy at times, and the trail does get torn up by the hogs in the area. ",acrmedic,"March 26, 2018",5.0,Razorback Ridge,https://www.singletracks.com/bike-trails/santos/
"
 Cool red trail at the main TH.  This trail challenges advanced riders with punchy climbs, rock gardens, and roots.  This is harder than Sinkhole, but not as bad as Anthill or John Brown. ",acrmedic,"March 26, 2018",5.0,Rattlesnake Ridge,https://www.singletracks.com/bike-trails/santos/
"
 Great novice trail that runs around the Santos Trailhead.  A few roots and turns to keep it fun for new riders. ",acrmedic,"March 26, 2018",4.0,Pine Tree Loop,https://www.singletracks.com/bike-trails/santos/
"
 Mellow trail for beginners.  Can be sandy at times.  Good for extra mileage. ",acrmedic,"March 26, 2018",3.0,Paradise Trail,https://www.singletracks.com/bike-trails/santos/
"
 One of the best trails in the Santos system.  Solid intermediate with punchy climbs and drops.  Trail is approx 10 miles in length, and is flowy to get some speed.  Can have patches of sugar sand, and rides best after rain. ",acrmedic,"March 26, 2018",5.0,Nayles Trail,https://www.singletracks.com/bike-trails/santos/
"
 Short intermediate trail with a few hills and roots to enjoy.  Decent trail at the main TH. ",acrmedic,"March 26, 2018",3.0,Marshmallow,https://www.singletracks.com/bike-trails/santos/
"
 In my opinion, this is the hardest blue in the system.  Lots of elevation change with rocks and wooden bridges.  This is one of the best trails in the system that doesn't get the respect it deserves.  Hitting this trail with Nayls makes for the best ride at Santos IMO. ",acrmedic,"March 26, 2018",5.0,Ern N Burn,https://www.singletracks.com/bike-trails/santos/
"
 Great intermediate trail near the main TH.  Roots and rocks make this a fun ride.  Good connector for the more advanced trails in the system. ",acrmedic,"March 26, 2018",5.0,Dr Ruth,https://www.singletracks.com/bike-trails/santos/
"
 Mellow trail that runs around the vortex area.  Nothing too difficult, but a scenic trail worth riding. ",acrmedic,"March 26, 2018",4.0,Dog Bone,https://www.singletracks.com/bike-trails/santos/
"
 Great trail near the main TH. Solid intermediate trail with rock gardens, roots, and elevation changes for a challenge.  This trail is a good representation of what Santos has to offer! ",acrmedic,"March 26, 2018",5.0,Cow Bone,https://www.singletracks.com/bike-trails/santos/
"
 Short trail that works as a connector from Blue Highway to Pine Tree near the main TH.  Pretty trail that is worth riding!  It has a few technical sections with roots, rocks, and narrow trees.  Little elevation change, and should be easy for most riders. ",acrmedic,"March 26, 2018",4.0,Canopy,https://www.singletracks.com/bike-trails/santos/
"
 Short but awesome trail accessed at the 49th Ave TH.  Definitely worth riding, especially if tying in with Nayls.  Lots of short, punchy hills. ",acrmedic,"March 26, 2018",4.0,Canal Diggings,https://www.singletracks.com/bike-trails/santos/
"
 Great trail to hit when riding Santos.  It is intermediate, though most novice riders will do fine.  Lots of curves and a few small hills in one section.  Trail is approx 1.5 miles in length.  Great trail for getting some speed! ",acrmedic,"March 26, 2018",4.0,Bunny,https://www.singletracks.com/bike-trails/santos/
"
 Green trail that runs next to Ern n Burn.  Some easy climbs, but nothing too difficult. Good for getting some extra mileage. ",acrmedic,"March 26, 2018",3.0,Beyond,https://www.singletracks.com/bike-trails/santos/
"
 Easy yellow beginner trail. ",KatzenJammer,"March 12, 2018",3.0,Pine Tree Loop,https://www.singletracks.com/bike-trails/santos/
"
 I'm a beginner and I had a blast!!! Nothing was overly technical. I loved the openness of the trail. Being from north Georgia it was nice to not worry so much about dodging trees.
We rode the Nayls north and south trials starting at the Shangri-La trailhead and it was great!! Nice flowing flattish system. We are already planning our return trip. ",Lapin8r,"February 25, 2018",5.0,Unknown,https://www.singletracks.com/bike-trails/santos/
"
 First time at the Santos and Vortex trails.  Loved them.  There are plenty of beginner/intermediate trails to try.  Only ventured out onto one advanced trail - Sinkhole and loved it too.  Great trails ",Garland4ashes,"February 19, 2018",5.0,Unknown,https://www.singletracks.com/bike-trails/santos/
"
 Great trail.  Tight and technical. Makes use of every inch of the land. ",mtbrJosh,"January 20, 2018",5.0,Unknown,https://www.singletracks.com/bike-trails/santos/
"
 Loved this place!! It was recommended to me by club riders and I am very glad a made the trip from Pensacola. I really want to do a guys ride so I can ride ALL of vortex as it was my favorite trail. I loved the technical AND fun Vortex as well as trails like Sinkhole, and Ant hill!! I also enjoyed the fast and fun blue trails like Bunny, Dr Ruth, and Twister. I will be BACK!!! ",Tom Merriott,"January 4, 2018",5.0,Unknown,https://www.singletracks.com/bike-trails/santos/
"
 I enjoyed all the trails at Santos. Twister was one of the better ones and decievingly longer than it appears on the apps. ",Tom Merriott,"January 4, 2018",5.0,Twister,https://www.singletracks.com/bike-trails/santos/
"
 Rode Santos last year in May and I loved it. One of my favorite trails I have ever ridden. I put intermediate but it has some really smooth, straight paths and some really hard black diamonds. So the difficulty ranges. An overall great trail. ",Coleslaw180,"January 2, 2018",5.0,Unknown,https://www.singletracks.com/bike-trails/santos/
"
 IMO the best trail riding area in Florida, has something for everyone. ",Aron213,"December 21, 2017",4.0,Unknown,https://www.singletracks.com/bike-trails/santos/
"
 Fun! Pretty is easy so a good one to go fast on. ",Kenny Argueta,"December 21, 2017",0.0,Canopy,https://www.singletracks.com/bike-trails/santos/
"
 Good ride yesterday with my brother until he went flying over the handle bars, then it became a fantastic ride for me. I shouldn't have laughed because 5 min later I did the same thing. Great time had by both of us. We rode Sink Hole and the track was in very good shape. No issues what so ever, the wrecks were our fault. ",lostboy45b,"December 17, 2017",5.0,Unknown,https://www.singletracks.com/bike-trails/santos/
"
 This is one of my favorite trails in the Santos area, it has a fast flow to it, mainly on flat ground. Very few roots and rocks though in some small areas the ground is typical Florida sugar sand, but they are few and far between. ",Aron213,"December 8, 2017",5.0,Twister,https://www.singletracks.com/bike-trails/santos/
"
 Fun to get a lot of speed and just fly through this trail. ",Kenny Argueta,"November 22, 2017",4.0,Bunny,https://www.singletracks.com/bike-trails/santos/
"
 Short and Quick.  But very enjoyable. Intermediate ride. ",Kenny Argueta,"November 22, 2017",4.0,Canal Diggings,https://www.singletracks.com/bike-trails/santos/
"
 Awesome! Can ride out there for hours.  A mixture of intermediate and definitely some advanced. ",Kenny Argueta,"November 21, 2017",5.0,Unknown,https://www.singletracks.com/bike-trails/santos/
"
 I am writing this review after we went looking for a recent review before riding it today and there was nothing, so here is the low down from a rider from South Florida-- where all the riding is super technical:
Lets get the negative out of the way first: there is sugar sand, you will encounter it at various places throughout this trail. Some spots of it are longer than others, some are short patches right at the bottom of drops that you might otherwise have chosen to jump but have concern for a sand landing. Its there, but its all rideable and creates an extra level of challenge. Riding sugar sand on corners and at the bottom of drop-offs is kind of like skiing ice, you have to go light and try not to make anything drastic in movements. Now the rest. Nayles is 10 miles of pedaling, you never really stop pedaling. There are lots of roots, many of them are on sharp changes in the trail via drops or climbs. There are also a lot of narrow passages through trees. I would sum this trail up like this: its fun and is as much of a challenge as you want it to be. If you press hard, the narrow spots can be a challenge, and even dangerous. You really have to think ""skinny."" Press hard on the roots and they are a challenge. You fight to stay upright, and I got knocked off on one large one that was right at the cusp of a sharp turn. I would call this a very ""athletic"" trail. It rewards an athletic attack, push hard keep the speed up on the climbs and downs- both of which are pretty gentle, but rooty enough to be challenging, and the trail will present itself as a challenge, 10 miles of constant pedaling challenge. Go slow and this trail will bore you.  For those of us from out of town who visit several times per year, this is a nice change from Vortex and Greenway trailhead, and one of the few places in Florida to get 10 miles of single track in one trail. You will come out smiling. ",Jan Smith,"November 13, 2017",3.0,Nayles Trail,https://www.singletracks.com/bike-trails/santos/
"
 Too Short ",Joe Caridi,"July 1, 2017",1.0,Anthill,https://www.singletracks.com/bike-trails/santos/
"
 Awesome Trails, Amazing Singletrack. Extremely Well Marked And You Could Put Lots of Miles In. Not Everything in the Santos Loop Is Thrilling, But The Vortex Section Is The Reason I Give It 5 Stars. If Its Within Your Skill Level, Go And Do It! The Sheer Drops And Jumps Definitely Will Give You A Run For Your Money! ",Florida Shredder,"June 22, 2017",5.0,Unknown,https://www.singletracks.com/bike-trails/santos/
"
 There's no need to review a separate trail of the entire Santos system. Great singletrack as for seamingly flat Florida ",stumpyfsr,"May 29, 2017",4.0,Imba Red,https://www.singletracks.com/bike-trails/santos/
"
 Kicked my butt also ",Jan Smith,"May 4, 2017",4.0,John Brown,https://www.singletracks.com/bike-trails/santos/
"
 This is one of my favorite places on earth. The trails are very well marked. There is an amazing free-ride area. Do be cautious of trail intersections at certain points because the hiking and horse riding trails intersect at certain points. There is something for everyone out here from families to professionals. ",awakenedlotus108,"March 31, 2017",5.0,Unknown,https://www.singletracks.com/bike-trails/santos/
"
 I rode these trails as part of the Huracan 300 bikepacking race. They were super fun. No climbs, just great pedally flow. Since we were bikepacking, I didn't get the chance to check out the freeride area. But I'll be back! It was worth the trip down from Atlanta. ",Aaron Chamberlain,"March 29, 2017",4.0,Unknown,https://www.singletracks.com/bike-trails/santos/
"
 Went for the first to me and had to rent my brother a bike which was a really nice Giant HT 27.5... He had never ridden single track b4 so we only went as high as the blue trails.  They were a lot of fun n but I would not call them intermediate.  Maybe the middle for that park but still on the easy side.  I saw some of the red trails and I really wanted to jump on them but I did not want to have to carry my brother out as he is 6'7"" 315 lbs.  great weather and everyone we met were really nice people.  The rental was only 30 bucks and it was a 2016 bike in really good shape. ",Bob R,"February 27, 2017",5.0,Unknown,https://www.singletracks.com/bike-trails/santos/
"
 The 12 hours of Santos was the most fun pain I've had while racing mtbikes. The Vortex trails were riden in reverse from the usual. That provided some truly demanding punchy climbs and fast technical descends. I loved it! ",JMDELVAL11,"February 27, 2017",5.0,12 Hours Of Santos Course,https://www.singletracks.com/bike-trails/santos/
"
 Fun, twisty, easy trail - but impacted heavily by damage from local hog population in numerous spots. It's a long at with a lot of the same thing, so Razorback Ridge was a nice distraction in the middle. Tricycle starts off better than it ends. ",Clark Hewitt,"February 15, 2017",3.0,Tricycle,https://www.singletracks.com/bike-trails/santos/
"
 Really enjoyed this trail. Long for the system and somewhat flowy. There are sections of the trail where the hogs have done damage. The plus to that is you might see a pack of them as we did. A decent amount of wildlife and some cool views.  Make sure to take Razorback Ridge. ",DamonBarnes,"February 15, 2017",3.0,Tricycle,https://www.singletracks.com/bike-trails/santos/
"
 Great new trail, with some creative use of the topography. Needs some time and packing to keep the hogs from blowing out the off-camber sections. Fun and flowy! ",Clark Hewitt,"February 15, 2017",4.0,Razorback Ridge,https://www.singletracks.com/bike-trails/santos/
"
 Didn't see this trail on our OMBA map we've been using. Was riding Tricycle and took this on a whim. Awesome trail. Looked to be very new but was still rideable and fun. ",DamonBarnes,"February 15, 2017",4.0,Razorback Ridge,https://www.singletracks.com/bike-trails/santos/
"
 Good trail for a beginner. ",,"January 17, 2017",4.0,Paradise Trail,https://www.singletracks.com/bike-trails/santos/
"
 A new addition by OMBA.  Nothing too difficult if you keep your momentum rolling to help clear the up and down ride along canal diggings.  A great addition to the Tricycle trail, which is located on the western end of the Santos trail network. ",Hap Proctor,"January 14, 2017",5.0,Razorback Ridge,https://www.singletracks.com/bike-trails/santos/
"
 From Trailhead to tricycle and back to Sangri-la . Like it. ",Pedaleamtb,"January 9, 2017",4.0,Unknown,https://www.singletracks.com/bike-trails/santos/
"
 Amazing trail system! VERY well marked & easy to navigate. There are segments of these trails for every level rider. Flowy sections, dirt jumps, a great skills area at the Santos trailhead, lots of manmade features & burms, etc. There are also tons of cut offs and bail outs throughout. Absolutely blown away by these trails! Def will be making a trip down to Ocala for this trail system again! ",lalokita,"December 10, 2016",5.0,Unknown,https://www.singletracks.com/bike-trails/santos/
"
 Trails are perfect right now. this is the best time of year, not too hot and the bugs are gone. ",axxman,"November 29, 2016",5.0,Unknown,https://www.singletracks.com/bike-trails/santos/
"
 Rode mostly yellow and blue trails. All were well maintained and well marked. My 9 year old son on a 20""  mountain bike had a blast on an 11 mile ride. Fast and flowy trails with  just the right amount of technical for a fun ride. ",outlander,"November 22, 2016",5.0,Unknown,https://www.singletracks.com/bike-trails/santos/
"
 Beautiful horse country of Ocala,Fl. Slight rolling hills combination of evergreen woods with pine needles and florida thick lush palmettos and oaks. The riding is super fun and flowy. Theres also the option for more extreme jumps at the vortex. ",Michael Darpino,"July 26, 2016",4.0,Unknown,https://www.singletracks.com/bike-trails/santos/
"
 Awesome trail by Ocala Florida, something for everyone with a  great campground and a great bike shop across the street. This was the first place I road. I ended up stumbling into Santos when I didn't have a place to stay the night, woke up the next morning and wore myself out on the beginner trails. Tons of technical ridgelines, the free ride area is incredible with huge burms and long balance beans, and has a great pump track and section of table tops, gaps, and drops. Something for everyone, but only the seriously experienced will enjoy every bit of it. ",Cameron Cutting,"July 22, 2016",5.0,Unknown,https://www.singletracks.com/bike-trails/santos/
"
 Sure is great having this much to ride practically in your back yard. I never get sick of riding here. ",mikey474,"July 14, 2016",5.0,Unknown,https://www.singletracks.com/bike-trails/santos/
"
 Very challenging. The trail will take you to the top of the large jumps at the Vortex. A great look out point and somewhere to take a break. Careful walking around, poison ivy is everywhere. ",tylerthehuman,"June 22, 2016",5.0,Imba Red,https://www.singletracks.com/bike-trails/santos/
"
 Used this trail has a way of just getting across to the more difficult trails. Easy ride. ",tylerthehuman,"June 22, 2016",5.0,Dr Ruth,https://www.singletracks.com/bike-trails/santos/
"
 Enjoyable track with a few climbs that can be challenge. ",tylerthehuman,"June 22, 2016",5.0,Sinkhole,https://www.singletracks.com/bike-trails/santos/
"
 No reason not to go fast on this trail. Very smooth and quite enjoyable for any rider.  There is a short skills obstacle in the middle of it, but can be bypassed. ",tylerthehuman,"June 22, 2016",5.0,Bunny,https://www.singletracks.com/bike-trails/santos/
"
 Lots of great options for all riders. The Vortex is wonderful with dirt and wood ramps. The rest of the intermediate trails are great for a fun ride. ",tylerthehuman,"June 21, 2016",5.0,Unknown,https://www.singletracks.com/bike-trails/santos/
"
 Based upon other reviews that we have read on here... Unfortunately my brother and I think Santos is a little overrated.  Not to be completely negative allow me to clarify... This is a very well maintained trail system and offering plenty of really unique things that most riders don't see often. Things such as dirt jumps for bmx guys, pump tracks, crazy senders (drops) that no one but pro's have any business doing.  The single track is packed nice with some loose sandy spots. The wood features are a lot of fun... And yes the pictures do them justice. They are mostly located on the advanced trails. If you are in the mood for cross country style trails, stick to the blue trails near the trailhead. The Vortex section offers you the most challenging of the single track, aside from the 2 section on the opposite side of the road that divides the trails. There are some great short downhill sections but mostly are followed immediately by tough climbs. The Vortex single track offers you about 5miles or so of technical track I believe. The jumps are fun and the technical sections are challenging. (Rock Gardens)  The reason why my bro and i think that santos is a little overrated as far as the single track is concerned is the lack of flow of the trails. (I.e. Sections that offer you downhill or no pedaling get killed quickly with abrupt climbs or tight turns with no berms. The blue trails are beautiful but don't really have much elevation change and have a bunch of loose sandy sections.
Santos as a whole offer you a complete MTB experience aside from downhill park and this is why we believe it has such a high rating.
The trails that we have back home (south of santos) have us spoiled with the flow I guess. I say this not to discredit the work that has been done there as we think that the builders have done a great job, but believe it's a little overrated single track wise in our opinion.  If your in the area it's defiantly worth a stop. ",jR SnIPe,"May 31, 2016",4.0,Unknown,https://www.singletracks.com/bike-trails/santos/
"
 This is a nice relaxing trail to ride with a little bit of turns to keep things interesting great if you're just learning to ride or have a new bike that you want to get used to ",axxman,"May 29, 2016",5.0,Dog Bone,https://www.singletracks.com/bike-trails/santos/
"
 This is wonderful if you were just starting out it is not too challenging woodlot about pills that make you want to just quit it has enough stuff to show you what the potential is about mountain biking if you're never going to get more than a Hardtail maybe with front suspension that would be perfect for these trails ",axxman,"May 29, 2016",5.0,Pine Tree Loop,https://www.singletracks.com/bike-trails/santos/
"
 I live an hour and a half away and still drive out at least every couple weeks. It is a great trail system with trails from beginner to advanced. I personally enjoy the red trails (Vortex, John Brown, and several others), but also love how flowy the blue trails are. Pack a lot of food and water and make this visit an all day event. There are certainly enough trails for it. ",Benjumanji,"May 19, 2016",5.0,Unknown,https://www.singletracks.com/bike-trails/santos/
"
 Great well maintained trail system! Decent signage. A little something for everyone. The advanced trails are quite rocky and rooty. Good flow on the intermediates. ",Keiron Gillespie,"May 16, 2016",5.0,Unknown,https://www.singletracks.com/bike-trails/santos/
"
 Extensive MTB system. 80  miles of something-for-everyone. Well maintained by experienced trail crew. Ray Petro (of Ray's indoor MTB park) winters at Santos and lends his unsurpassed expertise to make these trails the best in Florida. Lots of natural and wooden features, and plenty of other challenges. Even the yellow trails are fun when ridden at a faster pace. All trails are well marked. No fee to enter or ride. ",Chain-Breaker,"April 24, 2016",5.0,Unknown,https://www.singletracks.com/bike-trails/santos/
"
 Climbed everything in the vortex today even the hard right handed out of the cork screw ",two-wheels-only,"April 9, 2016",5.0,Unknown,https://www.singletracks.com/bike-trails/santos/
"
 Fast and flowy today ",two-wheels-only,"April 9, 2016",5.0,Twister,https://www.singletracks.com/bike-trails/santos/
"
 I would have never guessed FL has such good trails.  Everything from super rocky tech sections, to FAST flowy singletrack, to Red Bull style dirt jumps.  AWESOME! ",Colton Lock,"April 9, 2016",5.0,Unknown,https://www.singletracks.com/bike-trails/santos/
"
 A great fast trail maintained by OMBA. Excellent for any level. ",uglywerm,"March 19, 2016",5.0,Pine Tree Loop,https://www.singletracks.com/bike-trails/santos/
"
 F'n ride.   Fast fun flowy and FLAT ",gunghoguy,"February 12, 2016",5.0,Unknown,https://www.singletracks.com/bike-trails/santos/
"
 Fun trail. Great for all levels. I didn't have much time so only did 8 mi. Will be back. ",Maldo02,"January 6, 2016",5.0,Unknown,https://www.singletracks.com/bike-trails/santos/
"
 Awesome fun. I got 32 miles in when we rode 01/01/2016. I stayed out of the Vortex, just not my thing, but got in most or pieces of the other trails. From the easy trails to the most difficult. 49th Street Trail head was were I turned around at and headed back to catch more of the different trails. The only place I ended up walking the bike was the John Brown trail by the rock quarry. FYI: The coolest thing I saw all day was a small child on a strider bike on one of the difficult trails. ",cyclingpops,"January 4, 2016",5.0,Unknown,https://www.singletracks.com/bike-trails/santos/
"
 Fun layout. It is not a loop so you ride it one way from east to west then back the way you came. Flows better from east to west. There is a small series of pump sections with rocks and tight turns. Well maintained. ",bean909,"December 19, 2015",4.0,Ern N Burn,https://www.singletracks.com/bike-trails/santos/
"
 This is y all time favorite cross country trail after being on over 30 different trails.  It is hard packed, has a few nice banks, and a lot of fun features in one section. ",tyty25,"December 5, 2015",5.0,Twister,https://www.singletracks.com/bike-trails/santos/
"
 This is my favorite trail in Florida. It's got a little bit of everything for all kinds of riders, begginers or expert! ",tyty25,"December 5, 2015",5.0,Unknown,https://www.singletracks.com/bike-trails/santos/
"
 Great flow on most of the trails and the community was very welcoming! My only problem was that I accidentally turned onto one of the horse trails which was so churned up and muddy that I had to walk the bike for a large portion of it. As long as you read the signs you'll have a great time! ",makarios95,"November 9, 2015",5.0,Unknown,https://www.singletracks.com/bike-trails/santos/
"
 Love these trails,year round riding,and I can ride from my neighborhood to the trails! ",goincoastal,"October 17, 2015",5.0,Unknown,https://www.singletracks.com/bike-trails/santos/
"
 Santos is basically the fantasy course i would have designed when I was a kid riding bmx. It the coolest thing ever. ",Herman Munderchuck,"October 12, 2015",5.0,Unknown,https://www.singletracks.com/bike-trails/santos/
"
 Awesome dirt jumps and obstacles. Advanced trails do get pretty difficult and technical, but fun!         . ",bpownall,"August 17, 2015",5.0,Unknown,https://www.singletracks.com/bike-trails/santos/
"
 A great long distance trail. 95% of shade. Has a wide variety of red, blue and yellow trails. Mostly yellow. Had a great time. Worth going again ",fec717,"August 10, 2015",4.0,Unknown,https://www.singletracks.com/bike-trails/santos/
"
 Great trails! This is where I learned how to really ride trails. There is something here for everyone to ride; XC, wood features, drops, dirt jumps(wood tabletops and pro dirt doubles) and a pump track. ",August Raymond Motzer,"July 20, 2015",4.0,Unknown,https://www.singletracks.com/bike-trails/santos/
"
 A little something for everyone... ",Lisa Remillard Epps,"July 9, 2015",5.0,Unknown,https://www.singletracks.com/bike-trails/santos/
"
 EASY ",AWESOMEMTBIKER,"June 7, 2015",5.0,Anthill,https://www.singletracks.com/bike-trails/santos/
"
 EXTREME ",AWESOMEMTBIKER,"June 7, 2015",5.0,Imba Red,https://www.singletracks.com/bike-trails/santos/
"
 One of my favorite trails to ride. ",Cee Ken,"June 5, 2015",5.0,Unknown,https://www.singletracks.com/bike-trails/santos/
"
 A casual singletrack from the Shangri-La campgrounds to the Santos trails.  Adjoins the trails at Highway 484 where Nayls trails, Ern N Burn and Beyond meet.  A new addition that will improve with riding.  With this trail there are now three full facility campground areas found on the Santos trail system. ",Hap Proctor,"April 29, 2015",3.0,Paradise Trail,https://www.singletracks.com/bike-trails/santos/
"
 The longestof the Red trails in the entire Santos system.  Like all the rest there are plenty of short, stout, rocky climbs and descents.  Additionally, there are a few sections of ridgeline riding and many wooden ramps of various sizes.  Plenty to challenge the expert riders. ",Hap Proctor,"April 20, 2015",5.0,Imba Red,https://www.singletracks.com/bike-trails/santos/
"
 Great trails. Something for everyone from easy to difficult. ",brliii,"February 2, 2015",5.0,Unknown,https://www.singletracks.com/bike-trails/santos/
"
 Great trails. Something for everyone from easy to difficult. ",brliii,"February 2, 2015",5.0,Unknown,https://www.singletracks.com/bike-trails/santos/
"
 Took my daughter, 8, out on this trail for her and my first experience mountain biking and it was a perfect trail for the both of us to get out on the trails. ",Robert N Clark,"January 31, 2015",4.0,Pine Tree Loop,https://www.singletracks.com/bike-trails/santos/
"
 With everything packed into this trail it seems longer than it actually is.  Rocky climbs, descents, switchbacks and ridges for your riding pleasure.  Built in and around an old pit, this is more of a testing technical trail, not a fast flowing ride. ",Hap Proctor,"January 12, 2015",5.0,John Brown,https://www.singletracks.com/bike-trails/santos/
"
 New trail that badly needs wheels on the ground.  Nothing technical and is difficult only in the amount of energy needed to ride the trail.  Anyone riding out of the Ross Prairie TH should ride Tricycle as much as time allows.  The route itself is mostly flat through beautiful oak, palmetto and pine forest.  Abundant wildlife (deer, wild hogs, etc.) in the area.   A loop is possible if you ride State Road 200 for a quarter mile to the FS limerock road and take it to the Pruitt TH and ride the singletrack trail back. ",Hap Proctor,"January 8, 2015",4.0,Tricycle,https://www.singletracks.com/bike-trails/santos/
"
 A blast to ride.  Plenty of short rocky climbs with tight passages among the boulders.  Not too hard for expert level riders.  A step above Sinkhole for riders looking to increase their skills.  Great trail ridden in either direction.  Worthy of a repeat. ",Hap Proctor,"January 5, 2015",5.0,Rattlesnake Ridge,https://www.singletracks.com/bike-trails/santos/
"
 Sharp, steep technical climbs and descents packed into a short rocky trail.  Suitable for only the best of riders. ",Hap Proctor,"January 2, 2015",5.0,Anthill,https://www.singletracks.com/bike-trails/santos/
"
 Well worth the trip  if you are coming to fl. ",Buddy Ellmer,"December 22, 2014",5.0,Unknown,https://www.singletracks.com/bike-trails/santos/
"
 A fast, flowing trail with lots of curves.  A ""U"" shaped trail that shoots off of Canopy trail.  Good to ride when wanting extra miles or just a different route when riding around the Santos TH. ",Hap Proctor,"December 17, 2014",4.0,Speedway,https://www.singletracks.com/bike-trails/santos/
"
 Good trail to try before stepping up to the tougher red trails in the Santos system.  Just short of a fun mile with plenty of technical stuff without climbs or drops found elsewhere.  Great practice trail for intermediate riders with enough rock gardens, ledges, roots and switchbacks to help increase skills.  Could be rated as  ""dark blue"". ",Hap Proctor,"December 11, 2014",5.0,Sinkhole,https://www.singletracks.com/bike-trails/santos/
"
 Not too much separating Santos from any of the other major Florida systems, other than an additional 70  miles of trails, a new skills park, new wooden features, and did I mention the ""Vortex""?  The entire system is located on the Cross Florida Greenway which is now a state park.  There is camping and full facilities available at 3 of 5 trailheads spread across the trails. Great cooperation between the officals and a dedicated group of volunteers (OMBA.org) keep the trails well maintained.  Wide variety of trails for each level.  Of course, you are in Florida so no DH runs but there is year round riding for everyone else.   All trails are dedicated MTB; hikers & equestrians have there own trails. ",Hap Proctor,"December 11, 2014",5.0,Unknown,https://www.singletracks.com/bike-trails/santos/
"
 Short, fun trail with the typical features of the Santos area.  Enough rocks, roots and trees to keep things interesting.  One pit area with a few lines to ride in,out and around. ",Hap Proctor,"December 9, 2014",4.0,Marshmallow,https://www.singletracks.com/bike-trails/santos/
"
 A good intermediate trail surrounding the Vortex area.  One of the longer trails near the Santos TH.  Lots of curves with a few table tops on one end. ",Hap Proctor,"December 9, 2014",4.0,Twister,https://www.singletracks.com/bike-trails/santos/
"
 Under ridden trail in the Santos system.  Just off the 49th Avenue TH, it is slightly over a mile but full of twists and a couple of climbs at the end of the loop. ** Rerouting by the  OMBA crew added some bench cuts.  The fun factor on this trail has been greatly increased.  Don't miss it if you are around the 49th Avenue TH. ",Hap Proctor,"November 3, 2014",4.0,Canal Diggings,https://www.singletracks.com/bike-trails/santos/
"
 As always, well maintained and something for everyone.  Put in 25 miles this morning with a couple of friends, basically heading out of the main lot to the highway after the Land Bridge, very cool morning....great ride! ",flatback,"November 3, 2014",5.0,Unknown,https://www.singletracks.com/bike-trails/santos/
"
 Along with Pine Tree trail, this is the most perfect spot for all beginners.  Get some miles on nice, safe trails while having fun. ",Hap Proctor,"November 3, 2014",4.0,Dog Bone,https://www.singletracks.com/bike-trails/santos/
"
 Twister is appropriately named. Not a straight line to be found on the trail, and that's the joy of this ride. You will likely rub some shoulders on trees if you aren't picking your lines carefully, as there are a lot of skinny sections with small trees. But everything is easily navigable if you're paying attention. There are a few hazards, but nothing advanced. Some roots, a few short rocky sections, and an occasional felled (small) tree on the path.  There are a lot of turns. You'll never stop turning. Some turns are bermed and let you maintain your speed. Others require a little finesse to roll through at higher speeds. Overall, it's plenty fast and offers very little to slow you down. The roller hills near the beginning feel great, and don't require much effort to get them started. Visibility is good for the climbs, and only once (I think) was I dumped off a hill to speed into a fast turn that wasn't bermed. So there was a section or two that I had to brake where I would rather have maintained some speed. That could just be my inexperience, but the braking felt inopportune once or twice, if that makes sense.  It's mid-fall, so the trail was fairly littered with pine straw in some places, but the trail was very visible, and only a few sections were covered. This isn't a flat ride, but there didn't appear to be any challenging elevation changes either. This trail nears the Back Door red trail into the Vortex free ride area about 2 miles in. You can see it on your left, via a large rocky hillside and a gate. Walk across to Back Door, follow it left (southish) to the freeride area and go left past the dirt jumps for a fast route back to the Vortex trailhead. This area of Back Door has no challenging features. Just a few roots and rocks.  Twister is a flowing ride with lots of turn, lots of skinnys, and one low-clearance felled tree that I had to duck under (nice feature).  You will enjoy it! ",Stephenbutler,"November 2, 2014",4.0,Twister,https://www.singletracks.com/bike-trails/santos/
"
 Trail was not clearly marked.  Some of the trails within it led to nowhere. Some people chose to dispose of old tires in the water along the trail which is just an eye sore and super disrespectful. ",kgaul01@yahoo.com,"November 1, 2014",2.0,John Brown,https://www.singletracks.com/bike-trails/santos/
"
 Flat, fast, flowing trail. No elevation change but a few sweeping curves and switchbacks.  Don't miss if you are riding at the Santos TH. ",Hap Proctor,"October 7, 2014",3.0,Canopy,https://www.singletracks.com/bike-trails/santos/
"
 Best marked trails I have ever ridden.  Easy trails were fun and expert trails were challenging and technical, but not insane.  Next time I will bring my kids (11 and 9) for Santos, Vortex would be a bit much for them now. ",everybkr,"September 3, 2014",5.0,Unknown,https://www.singletracks.com/bike-trails/santos/
"
 There's a reason it's the #1 trail in florida, it's absolutely fantastic! Came up with a couple friends that had never ridden here, and they also agree it's a great trail system. And that's after we weren't able to do it all after one of them fell and snapped their carbon handlebar. Your best bet is to attack the Vortex head on with fresh legs, and make your way towards the trails near the trailhead after. Stay well hydrated, the trails this last weekend were hot. Whether in the sun or shade, the humidity was a killer. ",jblanco1984,"August 26, 2014",5.0,Unknown,https://www.singletracks.com/bike-trails/santos/
"
 Santos has over 90 miles of single track from very easy to expert. Trails are well marked with plastic markers, Yellow=easy, Blue=Intermediate, Red=Difficult. OMBA are constantly adding to the trails and clearing downed trees that are across the trails. THe trails go on and on and you will have a blast. ",DS,"August 11, 2014",5.0,Unknown,https://www.singletracks.com/bike-trails/santos/
"
 this & Alafia both deserve a 6 on a chart. Spectacular! ",pico26,"July 17, 2014",5.0,Unknown,https://www.singletracks.com/bike-trails/santos/
"
 FAST & Furious. if you got the legs.....turn it on & fly! ",pico26,"July 17, 2014",5.0,Bunny,https://www.singletracks.com/bike-trails/santos/
"
 Great stuff.....these folks from the 'Swamp"" group know how to make it perfect. wish I lived closer to make it my home trail. ",pico26,"July 17, 2014",5.0,Anthill,https://www.singletracks.com/bike-trails/santos/
"
 We'll deserving of being in the top ten list. I live four hours away and must say the trip is well worth it. You can ride for hours and never get bored here. Huge range from beginner to expert. My favorite is vortex section. Put this trail on your bucket list. ",sean_toffey,"July 16, 2014",5.0,Unknown,https://www.singletracks.com/bike-trails/santos/
"
 The reason these trails are so popular is the vortex which is a skill part which is amazing but thats the thing the actual trails are only meh besides the trail that loops around the skill park. ",Chase Carlson,"July 14, 2014",4.0,Unknown,https://www.singletracks.com/bike-trails/santos/
"
 Rode some of this trail system last week. I found it to be both fun and challenging for mostly flatland riding. The trails are very well maintained and marked. Even though I said ""Flatland"" Santos make very good use of the outer rims of the old Quarry to the point that all of the trail immediately around the rim of it are very technical and rocky. That said get you air pressure settings right and brings tubes and or tires. Lots and Lots of technical and rocky short climbs. FUN FUN FUN!!! ",Mike Durden,"July 11, 2014",4.0,Unknown,https://www.singletracks.com/bike-trails/santos/
"
 One of the best trails in Fl.Not many hills in Fl. so My review is based on other flat land trails.I base My reviews on what kind of land You have to work with and how the trail builder takes advantage of it.Santos takes advantage of almost lump of dirt and rock in the trail system.Of course there are flat boring sections,it is Fl.Santos uses what they have very well,with very hard and technical sections on the expert trails.The pits are great and the pump track section is second to none.Great trails.I am from Virginia in a area where the hills are a plenty and is see trails build here a that skip over many natural features that Santos takes advantage of. ",Daniel_Sheets,"July 6, 2014",5.0,Unknown,https://www.singletracks.com/bike-trails/santos/
"
 Best riding in Florida. It has a mix of everything here. Miles of XC, DJ, FreeRide, Pump tracks. Its all very well maintained with clear signage through the entire trail system. Multiple trail heads and some parts are less ridden than others so even on a Saturday you may only see 3 other people on the trail. ",Alex Schmitt,"July 2, 2014",5.0,Unknown,https://www.singletracks.com/bike-trails/santos/
"
 Fun section of the trail system at Santos. Usually always hit it when I'm up there. ",Alex Schmitt,"July 2, 2014",4.0,Twister,https://www.singletracks.com/bike-trails/santos/
"
 Fantastic trail system.  Miles of riding for every level.  Very well maintained by the Ocala Mountain Bike Association. One of the nicest trails in the south ",David Goebel,"June 21, 2014",5.0,Unknown,https://www.singletracks.com/bike-trails/santos/
"
 Fantastic trail system.  Miles of riding for every level.  Very well maintained by the Ocala Mountain Bike Association. One of the nicest trails in the south ",David Goebel,"June 21, 2014",5.0,Unknown,https://www.singletracks.com/bike-trails/santos/
"
 Santos trails is where I went as a beginner, and two years later there are still newer and more difficult obstacles to face. Absolutely love the group of people who manage the trails (OMBA). Very well kept trail system. ",gatorbait320,"June 19, 2014",5.0,Unknown,https://www.singletracks.com/bike-trails/santos/
"
 A good trail for beginning and experienced riders alike.  One of the best trails to ride if you are ready to step up to blue trails.  Not too tough but a fun ride where you can roll along while practicing your cornering skills. A geat trail when wanting to add miles to your ride. ",Hap Proctor,"June 11, 2014",3.0,Bunny,https://www.singletracks.com/bike-trails/santos/
"
 Santos is amazing. How amazing? Check out the short list of IMBA certified ride centers.  https://www.imba.com/model-trails/ride-centers This place has camping which you should reserve months in advance if possible and lots of parking. It hosts the Santos Fat Tire Festival in March which is an a lot of fun. It has all the trail you need to take yourself from beginner to expert. ",Matthew Aires,"May 7, 2014",5.0,Unknown,https://www.singletracks.com/bike-trails/santos/
"
 You'll come out nature drunk on this one ",,"April 7, 2014",4.0,Canopy,https://www.singletracks.com/bike-trails/santos/
"
 Can definitely get some velocity on d-bone. Fun ride, some really fast sections ",,"April 7, 2014",3.0,Dog Bone,https://www.singletracks.com/bike-trails/santos/
"
 No tech, but definitely worth the ride thru even just for the scenery. Nice ride for the kiddos ",,"April 7, 2014",3.0,Pine Tree Loop,https://www.singletracks.com/bike-trails/santos/
"
 The beginning humps are epic! ",,"April 7, 2014",4.0,Twister,https://www.singletracks.com/bike-trails/santos/
"
 This trail just keeps getting better and better. So is literally something of the whole family here.
Omba has done an awesome job with this system. Go ride SANTOS!!!! ",Uberjody,"March 25, 2014",5.0,Unknown,https://www.singletracks.com/bike-trails/santos/
"
 This was our first trip here as a family, so we were all new to the trails. The main trail head has a nice parking lot with bathrooms, covered picnic areas with grills, and is very clean and tidy. The trail system is about a quarter mile from the sheriff's substation. There is also a bike shop across from the trail head parking. The parking area has a nice little ""pump park"" that is really fun. My whole family had fun warming up on it. We really enjoyed the whole trail system. The first negative I have is that the trail is not as well marked as many I have ridden, and the maps at the trail head, and intersections don't have labels for the trails, and many don't say ""you are here"", and many of the boards didn't have maps at all. The second negative is that is seems all of the yellow and blue trails are bi-directional. They doo have good visibility, but I think it would be better if some of the blues said, ""do not enter here"". Other than that, it is an excellent park/trail system. ",madmanwithabike,"March 23, 2014",4.0,Unknown,https://www.singletracks.com/bike-trails/santos/
"
 Easy trail with two way traffic. This trail feeds many of the others. It also boarders the trail where Santos is bisected by Highway 25. If you hit Pine Tree and want to get out of the part, then this is pretty much your exit trail. If you are trying to get to Vortex from the main trailhead, then you take this trail left and eventually you will see the parking area for Vortex section across Highway 25. ",madmanwithabike,"March 23, 2014",4.0,Pine Tree Loop,https://www.singletracks.com/bike-trails/santos/
"
 An easy yellow for anyone. The trail has nice scenery and feeds into many of the other trails. ",madmanwithabike,"March 23, 2014",4.0,Dog Bone,https://www.singletracks.com/bike-trails/santos/
"
 An easy blue. It is for the most part like any of the rest that I rode while here. The trail has good visibility. ",madmanwithabike,"March 23, 2014",4.0,Cow Bone,https://www.singletracks.com/bike-trails/santos/
"
 This was the first trail my family hit after the entry into the trail system. It has a few small root and rock technicals, but my wife is a beginner and she had no problems traversing it. This is a nice warmup for anyone. ",madmanwithabike,"March 23, 2014",4.0,Dr Ruth,https://www.singletracks.com/bike-trails/santos/
"
 The trail is slightly winding with lots of tree cover. I didn't get to ride it in its full capacity since it was leaf littered when I rode it. There are a couple of slight ups and downs at the end, but a beginner could easily ride this trail. It is more or less built for speed in my opinion, which is what I enjoy. ",madmanwithabike,"March 23, 2014",4.0,Twister,https://www.singletracks.com/bike-trails/santos/
"
 The trail is easily traversed by anyone with any skill. The trail is slightly windy with slight elevation changes. It is borderline yellow instead of blue in my opinion. ",madmanwithabike,"March 23, 2014",4.0,Bunny,https://www.singletracks.com/bike-trails/santos/
"
 Yes barely an Intermediate trail, which is good for my wife current ability.  She loved the trail and had blast.  She likes the name too! ",Jetnjeff29r,"March 22, 2014",4.0,Bunny,https://www.singletracks.com/bike-trails/santos/
"
 Twister is very fun, in either direction, Although I wish it was one way or alternated directions each day or week or something.  As other have said not super technical, untill you get er up to speed, that really works your cornering skills and those moderate features become more intense. ",Jetnjeff29r,"March 22, 2014",5.0,Twister,https://www.singletracks.com/bike-trails/santos/
"
 Those trails are just amazing !  We were not sure to be able to ride together since we have a little girl of 18 months. But both the easy and intermediate can be ride with a baby trailer. Good flow, just wide enough. We will come back for sure. ",isa.production@videotron.ca,"March 19, 2014",5.0,Unknown,https://www.singletracks.com/bike-trails/santos/
"
 The Red Trail is Part of Vortex.  The left side.  The Rollercoaster section completes the Vortex.  Several short steep ups, that are a little rooty, some big rocks.  A couple bridges, up and down, as well as stunts along the way.  Some exposure, with an overhead rock, coming right off a drop into a natural berm, an awesome change up.  You need to commit for sure. ",Jetnjeff29r,"March 18, 2014",5.0,Imba Red,https://www.singletracks.com/bike-trails/santos/
"
 Great trail with a quite a few dips & climbs to test rider and bike.  A fair portion of trail mimics mountain trails as it follows ridge tops with 10-20' drops if one leaves the trail.  Probably the most challenging blue trail in the entire OBMA system.  Good combination with Nayl's trail out of 49th Avenue trail head.  For a shorter trip out of Ross Prairie Trail Head take Beyond trail east and ride this trail on the return west ride home. ",Hap Proctor,"March 16, 2014",5.0,Ern N Burn,https://www.singletracks.com/bike-trails/santos/
"
 For beginners this is a super fun trail.  Not difficult but the vegetation squeezes the trail even from above.  Riders of only the yellow trails of the Santos Trailhead area might find them a bit claustrophobic.  A beautiful ride that should make entry level riders smile.  Additionally there are camping and full bathroom facilities  available at the Ross Prairie trailhead. ",Hap Proctor,"March 16, 2014",3.0,Beyond,https://www.singletracks.com/bike-trails/santos/
"
 A good ride connecting the Landbridge Trailhead to the 49th Avenue TH.  Unique feature is a mile or so of uncovered trail through a Florida Shrub Jay habitat project.  This project continues and the heavy equipment has crossed the bike trail a few times but nothing drastic.  A break from oak/pine forest that bookend this trail.  A few mounds to climb near the west end that could catch you off guard, forcing you to walk up your first trip!  Portable bathroom at 49th Avenue but no drinking water.  Connects to Nayl's trail for continued  western adventure.
2015 Edit:  Slight trail reroute on the western edge to avoid highly eroded areas.  Trail is a bit slower now but should improve with riding. ",Hap Proctor,"March 3, 2014",4.0,Christmas Section,https://www.singletracks.com/bike-trails/santos/
"
 Great trail(s) away from the busy Santos Trailhead that makes it a good pick for weekend riding.  Lots of tight turns and close trees to ride between.  Various vegetation types to travel thru...pine, oak and palmetto forest.  There are a few mounds to climb keeping the trip interesting.  The north trail is 6 miles of blue and the south is 4 miles.  The south trail features a long wooden bridge that presents a good climb returning east.  The final 1.5 miles is a yellow trail.   The trail begins at the 49th Avenue Trailhead where the only facilities are portable potties and no drinking water. ",Hap Proctor,"March 3, 2014",5.0,Nayles Trail,https://www.singletracks.com/bike-trails/santos/
"
 A good starting trail for every beginner.  Intro to Mountain Biking 101.  A new wooden roller has been added just south of the intersection with the Shorty trail.  Guaranteed to put a smile on your face!! ",Hap Proctor,"March 3, 2014",3.0,Pine Tree Loop,https://www.singletracks.com/bike-trails/santos/
"
 A good trail to ride when making the jump from the yellow trails.   A few more rocks, roots, turns and mounds to complete your graduation!  Fun ride that will help a beginner's confidence. ",Hap Proctor,"March 3, 2014",4.0,Dr Ruth,https://www.singletracks.com/bike-trails/santos/
"
 A good blue......ride it in toward the Trail Head as a test before attempting any reds.  If successful you are close to being ready for The Sinkhole. ",Hap Proctor,"March 3, 2014",4.0,Cow Bone,https://www.singletracks.com/bike-trails/santos/
"
 The Santos is a huge trails system in Ocala Florida. Including the marked in progress trails I did rides over 54 miles long(5.25 hours. Most of the mileage are on easy trails, with a significant amount on intermediate trails. The advanced trails are in the minority, but are pretty sweet. I put them together in a loop that only doubled back on the fire road going into and out of the Vortex. It starts at the Santos trail head and took about an hour and a half. Pine east to Cow Bone, which flows so nicely into Magic Mountain, that really continues best, right on Rattlesnake Ridge, jump back on to Cow Bone to get to Anthill, take that around to DR Ruth (very briefly, to get to John Brown, including the bench cut along the blue highway to the pit, back to the the Blue Highway (left) to Intermediate Bunny Trail, West Pine takes you over to the Vortex trail head. After a loop of Vortex, back out to Dog Bone south to Dog Bone north, get you to Twister, Puppy, Dog Bone west, Canopy, Speedway connect you to Shorty, a bit of DR Ruth to get you to Sink hole in my favorite direction. Marshmallow to Pine west gets you back to the trail head. OMBA has a well marked trail system and a super Google Map of the Santos Trails Short with all the advanced (Red) sections. Facebook Page See http://www.mtbepicrides.com/search?q=santos to get the links and photos and other trails that I compare to Santos ",Jetnjeff29r,"March 1, 2014",5.0,Unknown,https://www.singletracks.com/bike-trails/santos/
"
 Great trail to ride plus there are other bike trails in the area if this is too short for you. ",Jimmy_V,"February 20, 2014",4.0,12 Hours Of Santos Course,https://www.singletracks.com/bike-trails/santos/
"
 Awesome trail with a lot of variety for being in Florida. Total length of about 65 miles. Has a freeride section called Vortex which is currently being added on by Ray Petro. Has something for everyone with jumps of all sizes. ",~Mountain Bike Addict~,"February 2, 2014",5.0,Unknown,https://www.singletracks.com/bike-trails/santos/
"
 This trail has something for everyone.  Miles upon miles of great trails ranging from beginner to expert.   The only problem with the trail is that it isn't closer to my house! ",Badgerfan,"January 21, 2014",5.0,Unknown,https://www.singletracks.com/bike-trails/santos/
"
 This is my favorite place to ride in Florida. Followed by Balm Boyette, Alafaya, Markham Park (in that order). Lots of well maintained trails and they are always improving. Also LOVE the Santos Campground. Right on site with access to the trails. My favorite trail is Vortex. ",berduderunner,"January 8, 2014",5.0,Unknown,https://www.singletracks.com/bike-trails/santos/
"
 Great flowing trails.I am 60 and not very fast but had to ride the more technical trails to get a workout.The more advance trails are great and the skills area is second to none. ",Daniel_Sheets,"December 16, 2013",4.0,Unknown,https://www.singletracks.com/bike-trails/santos/
"
 soft and easy ride ",,"December 6, 2013",3.0,Unknown,https://www.singletracks.com/bike-trails/santos/
"
 Nice singletrack to connect the loop.  Some small climbs.  Just a fun little ride to get some miles in and avoid an out and back on ern-n-burn.  All of our group enjoyed this section. ",,"December 3, 2013",4.0,Beyond,https://www.singletracks.com/bike-trails/santos/
"
 Rode this trail with some friends and we all really enjoyed it.  We came from land bridge and this was my favorite section.  Some slightly technical stuff in the beginning and a quick, fun ride the rest of the way.  Trail was in great shape and weather was perfect.  Ross prairie trailhead was a nice place to fill up water and rest. ",,"December 3, 2013",5.0,Ern N Burn,https://www.singletracks.com/bike-trails/santos/
"
 Santos is one of the best, if not THE best mountain biking trails in Central Florida. This trail system contains challenges for the pros, but at the same time has things for any guy to bring his significant other along and still have a good day. The full facility camping is a plus too! OMBA, the organization that maintains these trails  is VERY involved in creating a model trail system that will continue to improve years from now. I give this trail system a 5 out of 5 because of the trails, camping, OMBA, and the skills area. ",jbond352,"October 26, 2013",5.0,Unknown,https://www.singletracks.com/bike-trails/santos/
"
 This trail is actually named 'The Vortex Loop'. The addition of wood features (wood berms, wall rides, etc.) is set to make this trail monumental! ",Mojo70,"October 9, 2013",5.0,Imba Red,https://www.singletracks.com/bike-trails/santos/
"
 The Santos Trail has lots of nice groomed trails for all levels of riding. All the trails are well marked. Met the guys at Santos Trailhead Bike Shop and they were very helpful and have everything you need to keep you on the trail. ",corndoggreg,"October 2, 2013",5.0,Unknown,https://www.singletracks.com/bike-trails/santos/
"
 We rode this after the Christmas trail....good blue trail with some good hills/climbs.  Well kept trail that is fun to ride. ",,"September 15, 2013",4.0,Canal Diggings,https://www.singletracks.com/bike-trails/santos/
"
 We enjoyed this trail.  Goes in and out of pines and opens up into what looks like an old quarry that allows you to hey some speed riding on limestone.  Nice, easy trail to get some extra miles in. ",,"September 15, 2013",5.0,Christmas Section,https://www.singletracks.com/bike-trails/santos/
"
 One of my favorites at Santos.  Really like the ups and downs, the trail is shady and from landbridge we rode 20 miles and enjoyed it all. ",,"September 15, 2013",5.0,Nayles Trail,https://www.singletracks.com/bike-trails/santos/
"
 Agree with the others....if ur not an expert (I am not) riding this trail will mean ur walking ur bike some....and maybe taking a spill.  Very impressive trail even though I couldn't complete it all.  My friend enjoyed it, but has way more skills than I. ",,"August 29, 2013",5.0,Anthill,https://www.singletracks.com/bike-trails/santos/
"
 Fun, fast trail without a lot of obstacles.  Rode this trail with my wife and we both enjoyed it. ",,"August 29, 2013",5.0,Bunny,https://www.singletracks.com/bike-trails/santos/
"
 Went riding here with coworkers....really liked this trail.  Great blue trail for those of us who like a little challenge but want to avoid red trails. ",,"August 29, 2013",5.0,Dr Ruth,https://www.singletracks.com/bike-trails/santos/
"
 Good trail if you just enjoy getting out on a nice and easy trail.  They do a great job taking care of this trail....great for beginners. ",,"August 29, 2013",5.0,Pine Tree Loop,https://www.singletracks.com/bike-trails/santos/
"
 Very fun trail with lots of ups and downs.  One of my favorites at Santos. ",,"August 29, 2013",5.0,Twister,https://www.singletracks.com/bike-trails/santos/
"
 Great network of trails!  Plenty of yellows, blues and reds to make everyone happy.  I have been here twice with coworkers and we all have different skill levels, but we all enjoy it.  Have rode from main trailhead to Land Bridge....great ride!   Looking forward to checking out more. ",,"August 23, 2013",5.0,Unknown,https://www.singletracks.com/bike-trails/santos/
"
 Rode this trail system on New Year's Day, 2013 and again on January 3, 2013.  Once just wasn't enough.  I was visiting my mother for the holidays and was going to bring my road bike from snowbound KS.  I wanted to ride MTB but did not think they had decent trails in FL.  Man was I WRONG!  This was a monster trail system.  Lots of fun.  ""Brown"" ice, rocks, short but steep uphills, winding trails with multiple twists and turns, the Vortex area, skills area to get into Vortex.  Amazing place.  Loved every second of it and my first day's ride started at 0700 with 38 degrees.  Had no trouble getting warmed up.  If in the area, I highly recommend a ride or two here.  I know I will look forward to my winter visits to my mother's for some of her cooking and some great riding.  This was the first IMBA Epic trail system I have ridden.  Did not disappoint.  Since then, two or three more of the Epics but Santos will remain in my mind as my first.  Hahaha ",dcteater,"August 20, 2013",5.0,Unknown,https://www.singletracks.com/bike-trails/santos/
"
 Miles and miles of trails!  Great variety.  Vortex is something else and will definitely help you step up your game. Can't wait to ride again...too bad its 100mi away. ",ebjr,"August 12, 2013",5.0,Unknown,https://www.singletracks.com/bike-trails/santos/
"
 First mtb trail I ever rode (2011) and still one of my favorite.  Ride whenever I visit my mother in Florida.  Something for every skill level. ",grahamt,"July 26, 2013",4.0,Unknown,https://www.singletracks.com/bike-trails/santos/
"
 First mtb trail I ever rode (2011) and still one of my favorite.  Ride whenever I visit my mother in Florida.  Something for every skill level. ",grahamt,"July 26, 2013",4.0,Unknown,https://www.singletracks.com/bike-trails/santos/
"
 I agree that this is one of the more fun trails at Santos. It is not particularly challenging and while there are a couple of table tops, a beginner could definitely have fun on the this trail. It is one of the longer ones so you could get a rhythm going. Fun. ",mmmorrison,"July 23, 2013",4.0,Twister,https://www.singletracks.com/bike-trails/santos/
"
 It is beautiful and you can really get some good speed and work on your switch backs. However because of the greenery, visibility is short and you have to be careful of not smacking into someone coming the other way. ",mmmorrison,"July 23, 2013",4.0,Canopy,https://www.singletracks.com/bike-trails/santos/
"
 The setting for this trail is beautiful. And while there is quite a bit to ride, I don't know if there was something for everybody. There is some for beginners for sure and they should love this place. The trails will get you used to roots and rocks and you can take in some amazing scenery. The truly advance can take care of the pit area and there some for things to do there. However as a solid intermediate rider, i found it a bit frustrating. Hard to get any flow going on John Brown or IMBD Red and they were short. The blues were a lot of fun and longer so that helped, however they were not terribly challenging. All in all, I will be back to try again. ",mmmorrison,"July 23, 2013",3.0,Unknown,https://www.singletracks.com/bike-trails/santos/
"
 Our first time riding. Once we found the trailhead we had a great ride.  A nice, long ride, with some nice twists and technical areas.  Better signage would be great and distance markiers (if possible) too.  A great ride though. ",Pake,"July 22, 2013",3.0,Nayles Trail,https://www.singletracks.com/bike-trails/santos/
"
 Great place to ride! The trails around the Main entrance are flatter, and seem to have more flow. The more technical trails surrounding the Vortex pit are a blast! but I seem to go slower since there is much more elevation change. The actual freeride area is awesome! It varies from small jumps, to medium, to Large! There are about 9 drops ranging from 1ft to 25ft or so. I think it has a great mix of things for everyone and overall an awesome park! ",jlud512,"July 11, 2013",5.0,Unknown,https://www.singletracks.com/bike-trails/santos/
"
 Santos has lots of trails...lots and lots.  A map is a must.  Each piece of trail has its own style of fun, but short lived with all the intersections. I thought the Santos side was very beginner friendly.  The techinal trail was on the Vortex side.  A lot of intersections on that side too.  The huge drops were interesting.  Most of them were bigger than I felt my XC bike would handle.  I had fun on the smaller ones though. Santos has a little bit for everyone.  I'm glad I printed a map before I left the house or I might have missed a few sections. ",rangelinenaturepreserve,"March 11, 2013",3.0,Unknown,https://www.singletracks.com/bike-trails/santos/
"
 Drove nearly 3 hours to finally try it out and was just ""ok,"" for my wife and I.  The ""medium"" tracks could be relabeled as ""easy"" and the ""harder"" ones were a lot of rocks and roots (which are fine, if that's what you prefer).  We did enjoy watching a young rider do a successful launch and land in the ""freestyle"" area.  My wife did have fun with the kids on the ""bump"" track by the parking lot.  We will stay with Alafia, Balm Boyette and Alva for riding closer to home. ",Pake,"March 4, 2013",3.0,Unknown,https://www.singletracks.com/bike-trails/santos/
"
 Love santos I ride 3 times a week there great trails ",,"January 12, 2013",5.0,Unknown,https://www.singletracks.com/bike-trails/santos/
"
 Rode the epic good mix of trails and difficulties hard pack very little sand good signage along trails would definatly recomend these trails. ",jake1,"December 30, 2012",5.0,Unknown,https://www.singletracks.com/bike-trails/santos/
"
 I will be going Jan 2013 to MTB and to bmx. Hope it will be fun. ",GiantTalon12,"December 18, 2012",5.0,Unknown,https://www.singletracks.com/bike-trails/santos/
"
 Just rode here for the first time last weekend. Well worth the trip. The parts carved into the old quarry , ""the vortex section"", are some of the best trails I've ridden. If you go here, try to allow yourself a few days to soak it all in. ",sean_toffey,"December 5, 2012",5.0,Unknown,https://www.singletracks.com/bike-trails/santos/
"
 Thank goodness the in-laws retired here. This is tremendous fun. And, lots of places to practice and learn skills.  You don't have to ride off cliffs to have a good time! ",ABW928,"November 27, 2012",5.0,Unknown,https://www.singletracks.com/bike-trails/santos/
"
 I drive 2 hours to ride this trail, super fun! ",Uberjody,"October 28, 2012",5.0,Twister,https://www.singletracks.com/bike-trails/santos/
"
 I love santos! Some of the best riding in FL. We came from south GA to ride for the weekend. We stayed at the santos trailhead campground, which is very nice and right at the trails. Overall the trails where in great shape. We like the more technical trails which theres plenty of here. But there are also plenty of nice flowy trails too. The only thing that was kind of dissapointing was the vortex freeride area. We had brought our freeride bikes to try some of the features there and it wasnt in the best shape. Only a few features where kept up the rest were overgrown and washed out which made them pretty sketchy. But we talked to a local freerider there and he said soon their getting some more funding to keep it up better, so hopefully the next time itll be better. Overall a great trail system!  ",rm240sx,"October 15, 2012",4.0,Unknown,https://www.singletracks.com/bike-trails/santos/
"
 Combine this with Ern n burn for some of the most fun fast flowy cross country riding in Florida, just rode this again and the new wooden bridge up that sandy hill is a great add, great job to those who built it!  These trails from 49th to Ross Prairie and back are my favorite in the state. ",dcluley,"October 10, 2012",5.0,Nayles Trail,https://www.singletracks.com/bike-trails/santos/
"
 Rode here this past Sunday 09-16-12 and the experience was way better then my first since I broke 5 ribs on my 2nd attempt on the 10' drop off!! These trails are a load of fun for all leveled riders. Can't wait to go back again!! ",Peresite70,"September 20, 2012",5.0,Unknown,https://www.singletracks.com/bike-trails/santos/
"
 Still the best place to mountain bike in Florida.  The red trails that wrap around the Vortex are challenging, but not for the faint of heart.   Cowbone and Twister are fun blue trails for first timers.  I thought the trails were in great shape overall. ",,"September 4, 2012",5.0,Unknown,https://www.singletracks.com/bike-trails/santos/
"
 Miles and Miles of singletrack that will take you clear across I-75 (west) and almost into Citrus County.  I have ridden Santos two times now and no matter what kind of rig you are on you will have fun!!!!  Love the technical Red IMBA loop around Vortex (great practice for western mountain riding) as well as the difficult steps/drops of Sinkhole and Rattlesnake Ridge.  Never thought mountain biking could be this good in FL (as an avid CO MTB'er) - must visit if youare in the area.  All of the tecnical trails/features can be avoided if so desired, but the beginner/intermediate trails can contain areas of sugar sand (especially further west along the Greenway). ",SLOWGATOR00,"August 22, 2012",5.0,Unknown,https://www.singletracks.com/bike-trails/santos/
"
 MOSQUITOES! Bring bugspray during the ""wet months""! I rode the non-freeride parts of system trail (unfortunately) with the GF and had a good time aside from the mosquitoes, which effectively prevented us from stopping. The yellow trails are very, very easy. I'd recommend taking blues/reds when possible for some excitement. Twister, a blue which has a series of ~10ft mounds, was my favorite. I'll be back to hit the freeride section! ",StreakMTB,"August 8, 2012",4.0,Unknown,https://www.singletracks.com/bike-trails/santos/
"
 I love this place i do the epic ride all the time about 35 mile loop there something for everyone here a must ride ",,"July 29, 2012",5.0,Unknown,https://www.singletracks.com/bike-trails/santos/
"
 Just great fun!  I can't believe some of the arial stuff they have set up- those guys are nuts!  Rattlesnake ridge is one of my favorites- a great workout with plenty of technical challenges! ",suppo165,"July 13, 2012",5.0,Unknown,https://www.singletracks.com/bike-trails/santos/
"
 I only had a short time to ride here. I was wiped out from 21 hours of driving, and the wife wanted to move on to Orlando to see her friend. I cannot wait to go back, next time I am dropping the wife in Orlando and going back for a day or two. I had a hard time keeping my eyes on the trail, because there were so many critters rustling around and I kept looking to see what they were. A lizard lover's paradise. ",erikolson,"July 4, 2012",5.0,Unknown,https://www.singletracks.com/bike-trails/santos/
"
 I wasn't sure is this really EPIC trail until I rode Vortex section and John Brown trail. These two are so worth of riding and made me wanting to come back again.
Very nice trail system with trails for everyone with any skill level. Pictures doesn't show the real beauty of the terrain. It's must ride for every mountain biker. ",stumpyfsr,"June 30, 2012",5.0,Unknown,https://www.singletracks.com/bike-trails/santos/
"
 Santos has something for everbody!  I drive about an hour and a half to get there and wish I lived closer.  One of the best networks I've ridden in Florida fo sho! ",Bdiggi,"May 8, 2012",5.0,Unknown,https://www.singletracks.com/bike-trails/santos/
"
 Rocky technical trail. More annoying than fun. Slow and steep hills. Not much flow. If you like playing a goat, this is for you.  ",Wryfox,"May 7, 2012",3.0,John Brown,https://www.singletracks.com/bike-trails/santos/
"
 This may sound strange to say, but I think this was the most pure fun trail at Santos. I like to go fast and this trail lets you zing big time and slide around corners, many with mild berms to help. Great visibility, flat and winding. Great way to shake the stress of the reds and just fly around for a while. ",Wryfox,"May 7, 2012",5.0,Bunny,https://www.singletracks.com/bike-trails/santos/
"
 Did this trail at the end of the day. Woudl have been more fun if I was fresh, but it seemed very slippery with lots of pine needles and leaves on trail. Slid off at couple points. Have to manage your speed because you want to go fast and then a tight switchback pops up. Same difficulty either direction. More flowy than anything else at Santos but is at far western end of trail system. 20 minute drive from Vortex. ONe of the better trails, if not the best for pure fun rolling and riding. ",Wryfox,"May 7, 2012",4.0,Ern N Burn,https://www.singletracks.com/bike-trails/santos/
"
 First time at Santos this past weekend, everyone tells me I have to go! so i finally got enough time to make the trip (100 miles). The most striking thing about it,coming from the coast and not native to Florida, is that this is all pine forest and very rocky. Its mostly flat with small hills so trail ratings are based on how rocky the trails are, and a little bit on steepness and how narrow. Let's put it this way, I road the IMBA red and didn't notice it was an expert trail until I finished. I would put each level trail rating one notch lower than typical trails I""ve ridden. I am by no means an expert, having only started mountain biking last fall. I didn't find anything here that would stop an intermediate rider except some of the drops in the Vortex. I did 44 miles and found it all doable at my level, including all the reds I rode. I'm not sure it was worth the trip, this first time for sure, to see what the talk is about but I doubt I would go back when there are similar trails, though shorter length, around my home area. Update to this to add that the description above says all trails are one way...not true at all. Most of trails I rode were two way and some folks ride very fast..keep an eye out for riders coming towards you!* Review edited 5/6/2012 ",Wryfox,"May 6, 2012",3.0,Unknown,https://www.singletracks.com/bike-trails/santos/
"
 This place was the boom I did the hole 26 miles in 3hrs and 30min at 8mph average speed  ",ICEMAN733,"April 29, 2012",5.0,Unknown,https://www.singletracks.com/bike-trails/santos/
"
 Rode this trail on my third day straight riding Santos and had already riden several miles before this one. Not sure if I was just tired but this trail almost made me throw up I was so tired from the steep but short climbs on this trail. Very fun trail.* Review edited 4/26/2012 ",jseagrove,"April 27, 2012",5.0,Imba Red,https://www.singletracks.com/bike-trails/santos/
"
 This place is so fun. Its the best flat trail system I have ever been on. I rode this place three days in a row when I visited my parents in the Villages Florida. First time riders up to expert riders will have a good time here. Something for everyone.  ",jseagrove,"April 27, 2012",5.0,Unknown,https://www.singletracks.com/bike-trails/santos/
"
 Great trail system and something for everyone.  Most of it obviously doesn't have much elevation change which made for a nice long epic day mileage wise. The Vortex area was just crazy for those of you who ride some of those dropoffs!  I did prefer Alafia on the trip but this was a lot of fun.* Review edited 4/23/2012 ",bboehman,"April 24, 2012",5.0,Unknown,https://www.singletracks.com/bike-trails/santos/
"
 This place is my home away from home! Ive been biking for 4 years now and always come here. It has close to 85 miles total! There r different sections that go way out north but i ride in the santos and vortex section. This place has beginner trails, intermediate, and expert trails. Go try it you will love it and come back to ride it again! Try the pump tracks in vortex and santos. They just got redone. ",,"February 27, 2012",5.0,Unknown,https://www.singletracks.com/bike-trails/santos/
"
 you have to ride here. something for everyone. vortex on the bmx is all i ride ",iamarealscientist,"February 9, 2012",5.0,Unknown,https://www.singletracks.com/bike-trails/santos/
"
 Awesome trail. I started at the 49th St. Trailhead and rode the 6 miles to SR484. Came back on the ""easier"" trail that was about 4 miles. Nice little play area on the way back too!! Fast and flowing....my new favorite!! ",jmitch,"February 7, 2012",5.0,Ern N Burn,https://www.singletracks.com/bike-trails/santos/
"
 Such a great trail!!! nice flow, and can be ridden fast if you like. My wife was able to ride it and she just started riding, but ti still had challenges for me. ",JMHZ2401,"January 3, 2012",4.0,Twister,https://www.singletracks.com/bike-trails/santos/
"
 Great beginner trails, nice flow, and a fun ride. ",JMHZ2401,"January 2, 2012",4.0,Dog Bone,https://www.singletracks.com/bike-trails/santos/
"
 This trail is a new fantastic addition to the Ross Prarie Santos area trails.  It is pure intermediate flowy fun! There are a couple technical challenges, with a giant rock crossing that was tough to clear on my xc hardtail and a weird climb on a diggings pile with a hairpin corner around a tree and some sawgrass up top. Lots of rock gardens throughout with some big  limestone hunks to dodge that can set you off your line. (carbon crank killers). The trail is fairly new and still needs to be broken in, packed down, and perfected, but whoever laid it out did a fantastic job of using all the terrain available to make the most fun. You can connect this with Nayl's trail east and west and the canal diggings loop to make a great 18 -20 mile out and back (depending on starting point) from either Ross Prarie campground or the 49th street trailhead. 49th st makes it easier with Nayl's west as a warmup to Ern n Burn both ways skipping the 1.3 mile yellow trail accessing Ross Prarie campground and continuing back on the slightly easier Nayl's east/yellow to cooldown on the way back.  Coming from Ross Prarie is a bit longer and leaves you on the more strenuous  section of Nayl's and Ern n burn when you are a bit more tired. Both options are a lot of fun and seem like more of a ""trip"" than connecting some of the sections of northeast Santos. ",dcluley,"December 31, 2011",5.0,Ern N Burn,https://www.singletracks.com/bike-trails/santos/
"
 I had some fun on this trail. Just nice XC riding here, nothing to get too excited about. In the middle of the trail there is an area that was logged so it looks like a wasteland. The trail there was packed with lime rock so you can really blaze thru it. ",IdahoLife,"December 19, 2011",3.0,Christmas Section,https://www.singletracks.com/bike-trails/santos/
"
 The length and variety make this the best red at Santos. I think there is something here to challenge all riders. you wont be bored. ",IdahoLife,"December 9, 2011",5.0,Imba Red,https://www.singletracks.com/bike-trails/santos/
"
 A cool little trail in the Christmas section of Santos. Short and sweet. There are some quick elevation changes and some stuff you can play on.  ",IdahoLife,"December 4, 2011",3.0,Canal Diggings,https://www.singletracks.com/bike-trails/santos/
"
 A great section of Santos. It's a nice long ride with a lot of variety. You go from tight twisty singletrack to playing on the canal diggings to wide open pine forests where you can open up the throttle. Great trail and well maintained by OMBA. ",IdahoLife,"December 3, 2011",5.0,Nayles Trail,https://www.singletracks.com/bike-trails/santos/
"
 Nice XC singletrack. not much in the way of technical challenges. You can connect this with Ern n Burn for a nice loop. A good place for beginners to get some miles in ",IdahoLife,"November 30, 2011",3.0,Beyond,https://www.singletracks.com/bike-trails/santos/
"
 One of the best trails I've mountain biked on. Loved every minute, trails range from beginner-advanced, very well marked and mantained. If you want to practice endurance, this is a good one. Had over 45 miles on my ride there! I consider myself an intermediate rider and I was able to do all the trails except one or two sections in John Brown. Fun stuff! Would move to Ocala to be close to this one! ",malva,"November 29, 2011",5.0,Unknown,https://www.singletracks.com/bike-trails/santos/
"
 Santos is a great trail system, if a bit overrated.  I wouldn't rank it in the top 25 in the nation.  It has a lot of options with trails ranging from ridiculously easy to really technical hard stuff. My favorites here are IMBA Red, Sinkhole and John Brown, although John Brown can be a bit too technical for me to clear everything, especially when the slick mud is on the rocks n' roots and makes you spin out and lose all momentum. Dr. Ruth is good too, but some of the blues are almost too easy compared to other intermediate trails i've ridden in Florida.  I like Alafia and Balm-boyette better for flow and fun in Florida, with Balm-boyette taking the trophy for my favorite ride in the state (that's still open). Overall, the additional amenities like a campground, tons of miles, and the skills area are a big plus to make Santos a national Epic destination, however.  You will have fun, but there are tons of other trail systems out there that should rival Santos Epic status. Edit. . . If you consider the Ross Prarie area trails as part of santos, and they keep connecting the two campgrounds throughout the greenway with similar trails. . . Then this system will reach truly ""epic"" status. Trails like ern 'n burn and nayl's going all the way up to santos would give you about 50 miles (one way) of Florida mtb fun.* Review edited 12/30/2011 ",dcluley,"November 27, 2011",4.0,Unknown,https://www.singletracks.com/bike-trails/santos/
"
 WOW...thats how i describe this trail. I always rode in the Vortex section of Santos but i'm glad I went to check out ern n burn. This is now my favorite santos trail. The trail uses the diggings to perfection.  ",IdahoLife,"November 27, 2011",5.0,Ern N Burn,https://www.singletracks.com/bike-trails/santos/
"
 Pretty fun trail. Quite technical with some good-sized rocks and boulders. Gets pretty hairy in some spots and has some sharp turns. It's a little bit short for my taste. I prefer IMBA Red because of its length and it is a little more flowy, yet still technical. If you're at Santos, definitely check this trail out, though. Oh, just a heads up, watch out for a guy trail running on this trail. I'm pretty sure he's not supposed to, but I have seen him at Santos a couple times. Very annoying when you feel like you have to give way to someone on foot when it's a bike trail. ",afullsodacan,"November 26, 2011",4.0,John Brown,https://www.singletracks.com/bike-trails/santos/
"
 Crazy steep and technical trail. I had to pansy out and walk quite a bit of it. I hope to eventually conquer it. For me, I prefer IMBA Red and John Brown. I find them a little more at my level, so I found them more fun. If you're an expert, you will probably really enjoy this trail. I'll give it a 5 because it is so crazy for a Florida trail, but for overall fun for someone like me, I'd say 4 stars ",afullsodacan,"November 23, 2011",5.0,Anthill,https://www.singletracks.com/bike-trails/santos/
"
 Wow, this is my favorite red trail at Santos. Lots of up and down hills with lots of rocks too--very surprising for Florida. Has some pretty steep parts and is pretty darn technical--yet not too technical. To me, this is  the most flowy red, peppered with skinnies, dropbridges, rockhops. I'm not that great at that kind of stuff yet, but most of those things have ways around them. Its also the longest red by far. John Brown is about the same level. If you want crazy technical, ride Ant Hill. It was too much for me, haha.* Review edited 11/22/2011 ",afullsodacan,"November 23, 2011",5.0,Imba Red,https://www.singletracks.com/bike-trails/santos/
"
 First trip to Santos Today. I rode all the Blue (Intermediate) trails (Twister, Cow Bone, Dr. Ruth, Bunny, Marshmallow, Speedway and Canopy) and all the Red (Advanced) trails (Vortex aka IMBA Red, Sinkhole, Rattlensake Ridge, Anthill, John Brown and Magic Mountain) in the Santos and Vortex sections. Some twice. I also rode some of the Yellow trails (mostly to get to the Blue and Red trails), rode both pump tracks, did a couple of drops and some tabletop dirt jumps. All told I rode more than 25 miles and really tested my skills. I enjoyed the Blue trails the most: fast and flowy with lots of nice bermed corners, switchbacks and tech in the form of rock gardens and roots. I'm an intermediate rider, and I handled all the blues without problem, including the two most difficult blues, Dr. Ruth and Cowbone. Twister was my favorite--long, fast and lots of banked corners.  The only Red trail I completed without eating sh*t was Sinkhole. Some of the stuff on the Red trails is very, very difficult for someone at my level--often with very serious consequences for failure. Some of the climbs up rocks are just silly, and there are quite a few big, fast descents on rock with lots of loose rock and sharp corners. I'm pretty shredded right now, but glad I tried them all. I thought the blues were too easy, and the reds (for the most part) were a little beyond my abilities. I was hoping for more trails with big, fast dirt downhills and uphills, ala Chuck Lennon. Still this place is amazing, and I'll be back. I've got a lot of work to do before I can ride all the reds. * Review edited 10/26/2011 ",JSF,"October 26, 2011",5.0,Unknown,https://www.singletracks.com/bike-trails/santos/
"
 This trail should not be in the top 500.  I lived in ocala for 5 years and rode this trail 20-30 times.  There are some ridiculous drops in what appears to be an old quarry and a terrain park.  Other than that the 100 degree days and enormous banana spiders pretty much ruin the average single track and poorly designed trails.  If you live in Florida give it a try but I would not travel here.  There are too many other great trails around the country ",wsutter,"August 16, 2011",2.0,Unknown,https://www.singletracks.com/bike-trails/santos/
"
 I cant say much more than what has already been said 100 times over. Santos is a great park that has something for everyone, even the begginer. If you ever had the desire to throw yourself off a cliff...then this is your destination! plenty of big drops in excess of 20' here. If you like the technical stuff...then come on on out, plent of that too. If your just into pedalling all day on a flowing single track, then this is your place too..great blue rated trails that have the best flow and super great surface. I will be back many times to come. Be sure to visting the guys at the Santos Trail Head Bike Shop, they will treat you right.* Review edited 8/1/2011* Review edited 8/1/2011 ",Crowbar12,"August 1, 2011",5.0,Unknown,https://www.singletracks.com/bike-trails/santos/
"
 I absolutely love Twister. I rode a few of the red (advanced) trails, but I had the most fun on Twister (intermediate). This trail was a winding, quick-paced, weave through the forest, which also had some fun hills, and even a few crazy steep, approximately 10-foot high mounds back-to-back, which made it like a little rollercoaster section. ",afullsodacan,"August 1, 2011",5.0,Twister,https://www.singletracks.com/bike-trails/santos/
"
 This a great trail system. I had a lot of fun at this place. It doesn't seem to be as well known as Alafia, but it is easily as good, if not better in my opinion. Like Alafia, it has some pretty crazy stuff, but also some trails that even beginners could ride. I absolutely loved Twister. I rode a few of the red (advanced) trails, but I had the most fun on Twister (intermediate). This trail was a winding, quick-paced, weave through the forest, which also had some fun hills, and even a few crazy steep, approximately 10-foot high mounds back-to-back, which made it like a rollercoaster section. I definitely want to visit this place again. Although next time I plan to have a printed-out map. That was the only draw back was that I got lost a few times, because there were no brochure style maps that you could grab at the trailhead sign. But that's what you get when you don't have to pay to ride. ",afullsodacan,"August 1, 2011",5.0,Unknown,https://www.singletracks.com/bike-trails/santos/
"
 Went to Santos for the first time. We have only been riding blue and mild reds for a little bit. Blues where great and the red by the vortex, that we walked kicked our @$$. we will definitely vacation there again.    ",RazorRay,"July 22, 2011",5.0,Unknown,https://www.singletracks.com/bike-trails/santos/
"
 First of all, @ clickner: I have seen other trail reviews from you and you always poo poo them with one star no matter how awesome they may be..what gives?? Forget the 'global ranking', that means nothing. I have ridden the 'top ten' and they are all great but we all have our own idea of what a great trail system is. Though Santos is 2 hours from my house, I ride it at once a month because it is, simply put, one of the the best trails in the country. The 'red' trail systems are bad @$$ and the blues are a great warm up. In fact, if I had one suggestion to OMBA (thanks for the great trails btw) would be to make the blues a bit  more challenging than they are now...many of them are simply yellow trails. I don't need to reiterate some of the great reviews below, but I will say that you can ride a solid 15 miles on some of the most technical riding you can find, and without the work of a whole lot of climbing. IF you can ride all of these trails without walking a bit, then you truly are an expert. But there is something for everyone, and if you ride ALL 60 Epic miles in one day, I promise you that you will get a great workout. BTW, rode this yesterday, and some trails are sandy in spots, and will be until we get  more rain. Thanks again OMBA... I will miss this trail when I move to Colorado ",Michael Paul,"June 12, 2011",5.0,Unknown,https://www.singletracks.com/bike-trails/santos/
"
 So you are telling me that this trail is  #48th and Telegraph Trail System in Durango CO is in the 400s? There is something wrong with this system.  ",clickner,"May 9, 2011",1.0,Unknown,https://www.singletracks.com/bike-trails/santos/
"
 Santos is arguably one of the best trail systems on the east coast. Trails are superbly built/maintained and have much to offer whether you're either a beginner, the weekend warrior or an expert. Trail markings leave a little to be desired though so expect to do some back tracking your first visit.    * Review edited 2/26/2012 ",limetownjack,"April 10, 2011",5.0,Unknown,https://www.singletracks.com/bike-trails/santos/
"
 Santos is a mountain bike destination. There is something for everyone here. Only one thing to add to all the previous reviews. New trail is being added west of SW CR 484, This is west of the 49th St TH. ",RoadWarrior,"April 5, 2011",5.0,Unknown,https://www.singletracks.com/bike-trails/santos/
"
 Great cross country riding!  A good way to change it up from the more popular sections of Santos.  A nice long ride with some semi-technical sections.  You'll have a blast out here!  ",joetutt,"March 31, 2011",4.0,Nayles Trail,https://www.singletracks.com/bike-trails/santos/
"
 The ride would be on the boring side if it wasn't for the beautiful scenery.  This is one of those rides where you take a deep breath, open your eyes wide open and take in the scenery.  Always enjoy riding through Canopy. ",joetutt,"March 31, 2011",4.0,Canopy,https://www.singletracks.com/bike-trails/santos/
"
 This trail is a blast.  One of the best thing about this red is it's length.  It's, by Santos standards, a long red, so you get to enjoy the good stuff for quite some time.  Love the rock gardens!  ",joetutt,"March 31, 2011",5.0,Imba Red,https://www.singletracks.com/bike-trails/santos/
"
 This is a good one. I like starting near the main trail head so you get to go down the rock gardens instead of up ",IdahoLife,"March 31, 2011",4.0,Cow Bone,https://www.singletracks.com/bike-trails/santos/
"
 Trail was very well maintained which really surprised me. My buddy and I cut through most of the single track to get to the vortex section and then proceeded to spend the rest of the day hitting the jumps. Again I was taken back by just how well the park was upkept and clean. There were picnic tables and trashcans which im sure helped in keeping the park green. Probably the most fun Ive had at a mountain bike park. Although the signle track at Alafia was a little more challenging. ",MERCE006,"March 30, 2011",5.0,Unknown,https://www.singletracks.com/bike-trails/santos/
"
 Another one of my favorite blues, Cow Bone seems very similar to Sinkhole, a nearby red trail.  You can really get some speed here and it has a few sweet rock gardens that are really fun.  Depending on which way you're going you've got some short technical climbs or descent which are great as well. ",joetutt,"March 30, 2011",4.0,Cow Bone,https://www.singletracks.com/bike-trails/santos/
"
 This is another classic Santos red trail. Has a little bit of everything and can be a blast to run. Be ready for small steep climbs and rocks. Def hit this trail if you are at Santos.  ",IdahoLife,"March 30, 2011",4.0,Rattlesnake Ridge,https://www.singletracks.com/bike-trails/santos/
"
 A lot of rock gardens to get some practice on. This is the easiest red trail in Santos but you will still need some skills to ride thru the whole thing. It’s a good trail to master if you want to step up from the blue trails without wrecking constantly.  ",IdahoLife,"March 30, 2011",4.0,Sinkhole,https://www.singletracks.com/bike-trails/santos/
"
 Great trail to test your skills. not a very long trail but that just means yo get to do it over and over again. very fun ",IdahoLife,"March 30, 2011",5.0,John Brown,https://www.singletracks.com/bike-trails/santos/
"
 Really fun short red trail.  Not as good as John Brown but still fun!  Like the little ridges and enjoy the tight little climbs.  Good heart pumpin' action. ",joetutt,"March 30, 2011",4.0,Rattlesnake Ridge,https://www.singletracks.com/bike-trails/santos/
"
 Although red, it's not super technical, but really fun and fast.  Has some really fun rocky sections that you can just blast through and a number of short fun climbs.  Fun red to start on! ",joetutt,"March 30, 2011",4.0,Sinkhole,https://www.singletracks.com/bike-trails/santos/
"
 My favorite red at Santos!  Love the short techy climbs and gnarly boulders.  Great to ride both directions, love to do it several time over to really get the heart pumpin.  Fun trail, don't miss it. ",joetutt,"March 30, 2011",5.0,John Brown,https://www.singletracks.com/bike-trails/santos/
"
 Little elevation changes, not technical at all.  Not too much fun, but a quick and easy way to get from the Santos trailhead to the Vortex section.  If you have the time, use the other trails to get in and out of Santos, but if you pressed for time to get back to the trailhead, use Pine Tree. ",joetutt,"March 30, 2011",2.0,Pine Tree Loop,https://www.singletracks.com/bike-trails/santos/
"
 I love Twister!  Super fast and flowy with sweet banking turns twisting through the Santos trail system.  Plus, it's long, giving you plenty of time to enjoy yourself.   ",joetutt,"March 29, 2011",5.0,Twister,https://www.singletracks.com/bike-trails/santos/
"
 Nice and flowy section of Santos.  Not over exciting, nor is it technical, however fun way to either cool the legs down after crushing the reds or warm them up beforehand.   ",joetutt,"March 29, 2011",3.0,Bunny,https://www.singletracks.com/bike-trails/santos/
"
 A real fast flowing trail that I like to see how fast I can go. In my opinion this is barely and intermediate trail. Not much elevation change and just minor obstacles. All riders should be able to enjoy the bunny.        ",IdahoLife,"March 26, 2011",3.0,Bunny,https://www.singletracks.com/bike-trails/santos/
"
 A short but sweet trail in Santos. There are a couple of rock gardens and roots to contend with that add to the appeal of the trail. Nice singletrack that is one of my favorites in Santos.      ",IdahoLife,"March 26, 2011",4.0,Dr Ruth,https://www.singletracks.com/bike-trails/santos/
"
 A beginner’s trail that is fun for all skill levels. Beginners will enjoy the ease and build some confidence and more experienced riders will enjoy flying thru the track.    ",IdahoLife,"March 26, 2011",3.0,Dog Bone,https://www.singletracks.com/bike-trails/santos/
"
 A nice loop that is suitable for beginners trying to get into MTB or just for anyone who wants to enjoy Santos. The trail winds thru some nice scenery and will take you to most trails throughout Santos.  ",IdahoLife,"March 26, 2011",3.0,Pine Tree Loop,https://www.singletracks.com/bike-trails/santos/
"
 I rode John brown twice last weekend.  What a great trail system!  There is something for everyone.  OMBA really takes great care of these trails.  These are some of the best trails in Florida. ",tyonkers,"March 22, 2011",5.0,Unknown,https://www.singletracks.com/bike-trails/santos/
"
 Santos has something for everyone and it is one of my favorite trail systems in Florida. It has fast flowy trails, and though rocky trails, and also has a 50 mile Epic that can offer you a little of everything. it also has 2 different Pump tracks and one of the best Jump sections I have ever seen... Great camping, and bike shops very close by.. the complete package! * Review edited 3/17/2011 ",darrinw2001,"March 17, 2011",5.0,Unknown,https://www.singletracks.com/bike-trails/santos/
"
 One of my favorites in Santos. There are a couple of good drops off of some mounds in the beginning and then you get into some fast twisty singletrack. Well maintained and very fun ",IdahoLife,"March 15, 2011",4.0,Twister,https://www.singletracks.com/bike-trails/santos/
"
 I have ridden Santos twice.  It is a well maintained trail and one of Florida's best - but I found it very flat and had a hard time getting my heart rate elevated.   Warning - beware of ticks.  I did not wear a deet based insect repellent and arrived home after my second ride removing about 8 deer ticks that I found over the next few days.  I wont ride again witout wearing strong insect repellent.   ",dxpedlar,"March 13, 2011",3.0,Unknown,https://www.singletracks.com/bike-trails/santos/
"
 One of the best in North/Central Florida. ",IdahoLife,"February 9, 2011",5.0,Unknown,https://www.singletracks.com/bike-trails/santos/
"
 Super maintained trails. We headed out into the trails from behind Santos bike shop on Hwy441 headed straight for the landbridge over I75.  Believe it took us 45min ...very fast trails some tight spots and switchbcks.   Overall fun.  No spiders right now either. ",orlando7,"January 18, 2011",5.0,Unknown,https://www.singletracks.com/bike-trails/santos/
"
 Great trials section. 25 miles greenway. Nice trails. Great camping ",jbster13,"November 4, 2010",5.0,Unknown,https://www.singletracks.com/bike-trails/santos/
"
 We rode the Vortex side, not Santos. We def got to practice our switchbacks. hehe  The ride in Vortex was pretty, but of course flat slightly boring. They did have a pump track that was pretty small. Avoid the ""advanced"" trails as they are just crazy. Not extreme, just poorly planned. Climbing a 60* rock or tight trees where you're ducking under spiders is not ""advanced"", just unridable. I think the highlight of the Vortex was the jumping section. Not easy to do, but set up nice and great for practicing catching air. My husband loved this part... ",sun79rise,"September 1, 2010",2.0,Unknown,https://www.singletracks.com/bike-trails/santos/
"
 Finally rode Santos and like everyone's told me it's unbelievable!  With the exception of hardcore downhill, there's something for everyone out there.  We rode several trails, John Brown, Vortex, Twister, Bunny, Dr. Ruth, Canopy, and one or two more.  Loved John Brown and Vortex.  Both short but really sweet technical trails.  Twister and the Bunny trail were both really fast, clean, fun rides.  All sections are really well maintained.  Came across a couple pump tracks.  Had an absolute blast out here.  This place is a mountain biker's dream. ",joetutt,"August 28, 2010",5.0,Unknown,https://www.singletracks.com/bike-trails/santos/
"
 Rode the trail a week ago and it started out great until I let somebody talk me into riding the vortex for a beginner bad move.Took a spill on a downhill dip other than that the trail was great. ",jamestime1,"August 11, 2010",4.0,Unknown,https://www.singletracks.com/bike-trails/santos/
"
 just plain insane mtb'ing for FL. my first time out there and we clocked over 20 miles , riding most all of the red and blue trails, and some of the yellow trails. Can't wait to go back! ",sevendaysoff,"July 11, 2010",5.0,Unknown,https://www.singletracks.com/bike-trails/santos/
"
 Not much for elevation, but trails were amazing.  Very well maintained and marked.  Fun riding throughout.  Rode over 20 miles and still have much more to explore and repeat!!  Might have to come back down again next year to have more fun! ",eastwood,"February 22, 2010",5.0,Unknown,https://www.singletracks.com/bike-trails/santos/
"
 Very well maintained trail, Santos Area is great for speed and endurance but if you are looking for technical trails you should go straight to vortex area, a little short but challenging and super fun. ",ziraga,"February 16, 2010",4.0,Unknown,https://www.singletracks.com/bike-trails/santos/
"
 Just read all the reviews below... This park is the best in the South East. ",Mattgarrett,"January 30, 2010",5.0,Unknown,https://www.singletracks.com/bike-trails/santos/
"
 Wow, there are a lot of miles of trail here along with a ton of variety. On most of the blue trails I found the technical stuff was too far apart and I'd love to have more red trails but overall the there is a ton of fun to be had in Santos. I don't think hit soft sand once which was a pleasant surprise. With so many miles of track there it would be great if there was some beginner track for the kids. Much of the yellow trail is very tame but the chance of the kids colliding with a fast rider is pretty high.* Review edited 12/19/2009 ",jls,"December 19, 2009",4.0,Unknown,https://www.singletracks.com/bike-trails/santos/
"
 The trail with the most variety in Florida. Beginner to expert, fast swooping sections like twister, rocky, more technical loops like Vortex, rythmn section, and the quarry. Top trail in FL along with Alafia.* Review edited 11/24/2009 ",GoKite5,"November 25, 2009",5.0,Unknown,https://www.singletracks.com/bike-trails/santos/
"
 Trails are in great shape. The camping area is really nice, full amenities. Spend two days here if you can. ",Phlip44,"October 17, 2009",5.0,Unknown,https://www.singletracks.com/bike-trails/santos/
"
 Just finished my 2 day ride at Santos and now on my way to Alafia.  Santos is a great ride for everyone! The beginner and intermediate trails are smooth and flow beautifully through the forest.  Havent ridden much of the red trails, but the ones through the vortex area were very fun with a lot of ups and downs.  And then there is the Vortex area itself which is amazing! I love Santos! ",wheelieboy,"August 16, 2009",5.0,Unknown,https://www.singletracks.com/bike-trails/santos/
"
 I'm a newbie and I just finished riding this place for the second time and is AWESOME! The EZ's are really easy and the intermediates have some sweet (but doable) technical stuff and fast ups and downs mixed with some fun twisty twisty and some smooth riding. And the red's are definitely hard, but if you're ok with putting your feet down when you need to and walking when you're in over your head, then def see what you can pull off, and you'll prob surprise yourself! It's truly got something for everyone and the variety makes it a choose your own adventure for how challenging you want it to be. LOVE twister!! ",mudly68,"August 3, 2009",5.0,Unknown,https://www.singletracks.com/bike-trails/santos/
"
 Best trail system I've been on for florida. If you like to freeride. It's the only place I know of to really test what your made of. ",auratone25,"July 3, 2009",5.0,Unknown,https://www.singletracks.com/bike-trails/santos/
"
 love all the trails the red marked are awsome, the drops insane loved them on a 20in andnow i love them more on a 26in XD ",bmxjosh25,"June 24, 2009",5.0,Unknown,https://www.singletracks.com/bike-trails/santos/
"
 I've been to Santos twice now and I think that it's great. I'd have to say that it is better than Alafia due to the amount of miles there and the diverse type of trails.The first time I went I found myself annoyed by all the trail intersections which forced you to constantly decide which way to go. The second time I took a little time to figure out the trail colors so I could just shoot for the harder stuff. I have yet to be there when the freeride guys are doing their thing but hope to catch them in action soon. The little freeride practice area has some short drops that are always fun. The campground is good and happens to be right next to the trail head. We are truly lucky to have a trail system like this in Florida! I won't hesitate to make the 1.5 hr trip again soon. ",Tranceman,"October 28, 2008",5.0,Unknown,https://www.singletracks.com/bike-trails/santos/
"
 Santos is the best trail in Florida, hands down! It's size alone means that you can't see it all in one day and it just keeps you coming back for more. The vortex freeride section has everything, huge drops, jumps, even a bmx track. Due to the fact that it was built in a quary means the elevation changes will have you questioning wether or not you are really in Florida. If you havn't been to Santos yet you're missing out. ",jester450,"October 9, 2008",5.0,Unknown,https://www.singletracks.com/bike-trails/santos/
"
 UNBELIEVABLE ",Jordan300,"August 18, 2008",5.0,Unknown,https://www.singletracks.com/bike-trails/santos/
"
 Finally went last weekend and the place is rocking. Lots of great people there that'll help you out if you get lost (really not that bad a layout, for as long as the trails are it's easy to get back to trailhead). The trails were in excellent shape considering all the rain lately, only a couple muddy patches. Advice? Bring plenty of liquid. A bottle will not do it cause it's so long and you'll find yourself having to go all the way back every hour or so. Other than that, i had a blast exploring this place for the first time. ",Phlip44,"August 1, 2008",5.0,Unknown,https://www.singletracks.com/bike-trails/santos/
"
 All I can say is, ""wow"". This place has it all- easier trails for beginners, freeride areas for the experienced, and just some fun riding. I love it here. Going out there again this weekend to try out some other trails I didn't have a chance to hit the last time. This place is HUGE! ",rich67,"July 6, 2008",5.0,Unknown,https://www.singletracks.com/bike-trails/santos/
"
 Their is just not enough words to describe how epic of a ride you will have at Santos.  Their is something for every level of skill, from the very beginner to the most expert rider.  Love the free riding area of the Vortex, but their are some really insane jumps their, some that I would not partake in!  Anthill rocks, but short.  John Brown & Magic Mountain rock also!  Pine Tree is really a nice trail for the beginner or just a good work out that you can get some good speed on, even when wet.  I live in Melbourne, FL (about 120 miles or so) and it is always worth the time coming or even camping their at Santos or the surrounding area.  Just beautiful country!!  They took all our good trails away here in my area, and the only worth while trail riding is either in Ocala or Tampa/Lithia area.  All be safe and ride hard!  MTB'ing ROCKS!!* Review edited 6/22/2008 ",spcoast,"June 23, 2008",5.0,Unknown,https://www.singletracks.com/bike-trails/santos/
"
 First off, it's tough to give this trail an overall difficulty rating because the trails are so varied. Yes, there are about 60 miles of trail here (hard to believe but true) and yes Florida mountain biking rocks. I wasn't sure what to expect myself but now I'm a believer. I rode most of the trail during the OMBA Spring Break Epic ride (40 miles) right after a morning rain shower. I was afraid the trails might be muddy but on the contrary - the rain helped compact the sand, making the trails fast and fun. Speaking of sand - there really isn't that much - it's mostly covered with leaves and pine needles. Anyway, Santos is legit even for those outside the sunshine state. ",Jeff Barber,"March 17, 2008",5.0,Unknown,https://www.singletracks.com/bike-trails/santos/
"
 Awesome flowing single track...for Florida at least...mostly hardpack with very little sand and it also has a great expert section with sets of jumps and several large drops ",Fatsnook,"October 3, 2007",5.0,Unknown,https://www.singletracks.com/bike-trails/santos/
"
 There are many trails to take . The trails are marked to indicate level of difficulty. Yellow tags indicate beginner level trails, blue is for moderate level trails, and red trails are for experienced riders. Remember that the trails tend to wind and intersect with each other so listen for approaching riders.* Review edited 9/12/2007 ",ositoking,"September 13, 2007",5.0,Unknown,https://www.singletracks.com/bike-trails/santos/
"
 I just went to this trail for the frist time in july 07 and WOW!  The scenary here is amazing (especially coming from south florida.)  The trails are really fun for everyone, even the easy trails because they are really fast.  And then there is the freeride area.  That area is amazing.  There is so many jumps and drop offs.  I would go to Santos just to ride in the freeride area. ",wheelieboy,"August 9, 2007",5.0,Unknown,https://www.singletracks.com/bike-trails/santos/
"
 By far the best Florida has to offer in my opinion. It has everything from Family biking trails that are just as smooth as can be all the way to the most extreme double black diamond courses winding in and out of an old rock quarry. The pit of the quarry has been transformed into a BMX course that is free ride (AOR). In Santos you have epic rides like Ant Hill, Magic Mountain, and John Brown. If your not careful you will surely be carried off these trails. First major injury occured here, another friend was taken away in an ambulance. So if you are looking for everything from Sunday strolls to Diabolical madness, this is the place.. (Word of advice, bring a med kit, won't go unused) ",necritheus,"July 17, 2007",5.0,Unknown,https://www.singletracks.com/bike-trails/santos/
"
 What an experience for only my second time out on a mtb.  Will be spending alot more time at Santos.  Challenging, epic, well kept. ",dmax67,"June 29, 2007",5.0,Unknown,https://www.singletracks.com/bike-trails/santos/
"
 humongous mtb park. you can spend days riding there. there is a campground on premises. trails are marked well and are of different levels of difficulty for everyone. bring map, plenty of fuel and hit the trails very early in the morning.  ",rocketbracket,"October 26, 2006",5.0,Unknown,https://www.singletracks.com/bike-trails/santos/
"
 This trail system and park totally rock. There is something for everyone and all levels. The trails are hard packed well groomed and obviously receive TLC all the time. The Vortex area will challenge even Daren Bearcloth. There are drops as deep as 27' and ladder bridges that will keep you in line. Probably the best trail system and freeride park I have ridden.  ",deesnats,"October 3, 2006",5.0,Unknown,https://www.singletracks.com/bike-trails/santos/
"
 Great Trails.  Lots of fun for everyone. All the trails are well marked.  The maps posted throughout the riding area are great.  The technical trails are definitely challenging and very rocky.  All the other trails moderate and easy were awesome.  This was definitely worth the 1 1/2 hour drive that I made for this ride. ",dlnelson15,"September 4, 2006",5.0,Unknown,https://www.singletracks.com/bike-trails/santos/
"
 I rode this trail today. There are many trails to choose from and you could ride all day long. About 70% of the trail is for beginners, 20% is intermediate, and 10% is advanced. The advanced sextion is very rocky and technical. You have to be a real mountain biker and for the freerider, it is the best place in Florida. They have many downhills, jumps, and bridges. The woodlands of the trail are very nice.  ",ositoking,"July 3, 2006",5.0,Unknown,https://www.singletracks.com/bike-trails/santos/
"
 Best singletrack in Florida.  Over 20 miles of trails.  Area also includes separate hiking & horse trails.  There is something for every type of rider here...scenery, great singletrack, technical challenges, and downhill.  Other decent trails in the Ocala and Gainesville area. ",pryder,"February 12, 2006",5.0,Unknown,https://www.singletracks.com/bike-trails/santos/
"
 Lots of fun.  Stayed off of the expert trails  but was still able to ride a most of the trails. ",Phelpsfamilyof4,"August 3, 2022",4.0,Unknown,https://www.singletracks.com/bike-trails/alafia-river-state-park/
"
 Great challenging trails... something for everyone.. just a great system ",LowDawg,"May 29, 2022",3.0,Unknown,https://www.singletracks.com/bike-trails/alafia-river-state-park/
"
 Very fun trails that are very well maintained. There is definitely something for everyone here. Loved it! Everyone was very friendly ",TravisGill,"December 29, 2021",5.0,Unknown,https://www.singletracks.com/bike-trails/alafia-river-state-park/
"
 Great trail system, from mild to wild ",barrybikes,"January 4, 2020",5.0,Unknown,https://www.singletracks.com/bike-trails/alafia-river-state-park/
"
 Top trail system.   Among the best I've ridden in the East.   What a great trail system. Highly recommended.  Buzzard Bay Loop kinda creepy. Must be a hundred big buzzards in the trees around the small pond.  Felt like they were just waiting for me to fall so they could attack. =:-o.     Trailheads are very well marked and include QR code's you can scan to get information about that specific loop.  I rode the day after a rain and the trails were in good shape.  Seems they are mostly sand and drain well. Many places on the trail system there are large boards with the full trail system
Map.  Trails are properly rated for the skill level.  Lots of boardwalks and variety for any one.
#njmooseandsquirrel
#fulltimetruckcamping
#fulltimetruckcamperliving
#lancetruckcampers
#truckcamperlife  #alafiamtb ",johnpitts01,"December 21, 2019",5.0,Unknown,https://www.singletracks.com/bike-trails/alafia-river-state-park/
"
 Great well maintained, something for everyone. Better be in good shape for the single and double blacks. ",Allan Taylor,"November 21, 2019",5.0,Unknown,https://www.singletracks.com/bike-trails/alafia-river-state-park/
"
 Outstanding trail sustem. The crew who maintains the trail does an awesome job. Glad to call this my home trail. ",George Jonah,"August 22, 2019",5.0,Unknown,https://www.singletracks.com/bike-trails/alafia-river-state-park/
"
 Really fun trails and something for everyone. Well maintained and well marked. Some more technical trails with varying levels of drops, jumps, bridges, and climbs. Usually always an option to go around an obstacle if you're uncomfortable with it. You'll see plenty of people out there as well but it never seemed overcrowded and all are pretty friendly. Easy parking and a small bike shop on site. $5 park entry fee per car. Didn't want my day to end but I was toast after riding all day. Plenty to explore and will definitely be back! ",curriston766,"June 4, 2019",5.0,Unknown,https://www.singletracks.com/bike-trails/alafia-river-state-park/
"
 Amazing trails. Highly highly recommend as there is something for everyone. Well marked and well maintained. Good technical sections including drops, jumps, bridges, and others. Usually always have the option of doing an obstacle or going around it. Really just great great fun. Spent all day here and didn't really want to stop riding but by the end of the day my body was toast. Will definitely be back. ",curriston766,"June 4, 2019",5.0,Unknown,https://www.singletracks.com/bike-trails/alafia-river-state-park/
"
 One of the finest trails in the state of Florida. Excellent flow and technical trails to keep you wanting more. A nearly full over-flow parking lot is all the proof you need to know what people think of these trails. Good enough that it is worth a day trip up from Miami. Only thing keeping her from 5 stars was getting lost taking a wrong turn in an area not well marked. ",jblanco1984,"March 25, 2019",4.0,Unknown,https://www.singletracks.com/bike-trails/alafia-river-state-park/
"
 Brilliant, beautiful park! ",William V. Ganis,"March 22, 2019",5.0,Unknown,https://www.singletracks.com/bike-trails/alafia-river-state-park/
"
 Pretty fun trail series! They just opened some pretty gnarly drops! ",BananaSeat5,"March 7, 2019",4.0,Unknown,https://www.singletracks.com/bike-trails/alafia-river-state-park/
"
 Pretty fun trail series! They just opened some pretty gnarly drops! ",BananaSeat5,"March 7, 2019",4.0,Unknown,https://www.singletracks.com/bike-trails/alafia-river-state-park/
"
 n our way to Tampa from Miami we stopped and spent some time in the Everglades. While it's awesome to see alligators in their natural habitat from a boat, it's not so great when they are sitting on the sides of mountain bike trails. Is Alafia giving SAntos a run for it's money - or have they pulled ahead? you decide.... oh- and if you need a rental- check out AJ's Bikes. ",VECON Sports,"February 26, 2019",5.0,Unknown,https://www.singletracks.com/bike-trails/alafia-river-state-park/
"
 Proud to call alafia my home town trail since I'm only 50 mins from it and come ride here almost every weekend. Great nature encounter and the trails are just up to par and well maintained. Riding in balm boyette next weekend another great system here in Fl. Happy riding everyone. ",SRQ_mtbiker,"February 22, 2019",5.0,Unknown,https://www.singletracks.com/bike-trails/alafia-river-state-park/
"
 A Yankee's perspective: anyone coming from mountains should have no problem with the Blue and Single Black Diamond trails. Double blacks will primarily depend on how good you are at drops and jumps.  So I just rode this today. First off- mountain bike only unidirectional trails automatically makes this a good trail system. But add in how well maintained the trails are (thank you Swamp guys and gals), the flow, the tech they have been able to add, the fact that there is a trail for every leval, and the sheer beauty of the place, and you have something special.  Would I make a trip to FL just to ride it- probably not just for the mountain biking part. You can find things just as good probably a lot closer to home. But I would for the uniqueness and beauty of it. I mean where else can you mountain bike in jurassic park and pass a rookery of Snowy Egrets? And if you are within a 3 hour drive of it while in FL you definitely should check it out.  Re skill color markings- I would say they are accurate. The blacks and double blacks aren't really more gnarly, as there isn't much gnar in general (it is FL after all) but they have more technical ascents and descents and the double blacks have some real rad drops and jumps that are not for the faint of heart or unskilled.  If you like speed hit North Creek and Rollercoaster. There are then some short blues and blacks and double blacks off of these you can try if you're feeling up to it. Buzzard Bay, Razorback, Derailed and Frankenstairs were all dooable by yours truly on a rental with no dropper. That lack of dropper stopped me doing some bigger drops as I nearly got castrated by the seat on a 6 footer and decided to limit myself to 3 footers or less after that. UBC Alafia has a great mini bike shop there if you forget something and they rent bikes. Word of warning- no droppers on the cheaper rental mountain bikes and not even a quick flip on the seat post. I'm gonna write them about this. They are really awesome and have some nice bikes, but come on man, it's 2019 and with trails like what they have in Alafia all their bikes should have droppers. I rented a Stumpy ST (120/130) that if it had a dropper would have been a fine bike. But as it was I rode half my ride with the seat too low for pedalling so I could hit the drops, and then when I was getting cramps raised it for the more pedal trails but had to avoid drops and just couldn't really jump at all.  Type of bike- don't need a long travel bike, although something slacked out that pedals well too would be awesome for the drops on the double blacks. I was so wishing I had my Bronson- while I wouldn't have needed all the suspension it would have allowed me to hit the double black drops. Recommend going to Alafiatrails.com before you go- they have GoPro footage of all the trails.  $5 per car to get in.  Now stop reading this and go ride it. ",DADventureTV,"February 18, 2019",5.0,Unknown,https://www.singletracks.com/bike-trails/alafia-river-state-park/
"
 Amazing place !!! ",Paul Loeffelholz,"January 10, 2019",5.0,Unknown,https://www.singletracks.com/bike-trails/alafia-river-state-park/
"
 just getting a lot rain lately. hard options are getting washed out. ",harleyferg,"August 20, 2018",5.0,Unknown,https://www.singletracks.com/bike-trails/alafia-river-state-park/
"
 Despite 18 days straight of afternoon rain, the trail crew has still managed to keep the blue singletrack well maintained. No washouts or standing water, just a few muddy patches to navigate around. ",CrowSlayer,"August 5, 2018",5.0,Unknown,https://www.singletracks.com/bike-trails/alafia-river-state-park/
"
 Awesome track! Just moved to tampa from Phila area two weeks ago. Never seen anything like this place. Like singletrack rising in viet nam. Amazingly well maintained. Kudos to SWAMP team. ",pvenuti,"June 3, 2018",5.0,Unknown,https://www.singletracks.com/bike-trails/alafia-river-state-park/
"
 This was my first trail ride since moving to FL from VA. What this trail lacked in elevation was more than made up with technical trails.   The trails are very well maintained.  I had a blast riding it and look forward to returning. ",Brian M Conlon,"May 1, 2018",5.0,Unknown,https://www.singletracks.com/bike-trails/alafia-river-state-park/
"
 Last weeks rain did a great job washing down the loose sand at Roller Coaster.  Just discovered today, outside the restroom is a motion activated purified & refrigerated water station.  Nice touch. ",CrowSlayer,"March 26, 2018",5.0,Unknown,https://www.singletracks.com/bike-trails/alafia-river-state-park/
"
 Best trail system in Fl. Plenty of trails for all levels. The blues are probably blacks in most other Fl trail ratings. The blacks are serious and for experienced riders. Make sure to do a ""test"" ride first. ",JY99,"October 25, 2017",5.0,Unknown,https://www.singletracks.com/bike-trails/alafia-river-state-park/
"
 As with skiing Green, Blue and Black.  Rated fairly.  They're awesome trails, all of them.  It takes good cardio and skill to complete any blue.   Completing North Creek and then roller coaster without stopping, one guy posted, you're in pretty good shape.  It took many rides on each one just to be able to complete it based on difficulty.  It was great practice for 2 years, twice a month for 6 months.   So 2 years netted 12 to 20 runs.  It was good training for headin to MOab, which Ive visited twice now.  Short steep drops, turns, ups etc.  You won't be able to ride even the Blues without a few recon runs.  Unless your an avid dedicated rider.  You won't be disappointed. ",asasailor1,"October 12, 2017",5.0,Unknown,https://www.singletracks.com/bike-trails/alafia-river-state-park/
"
 Best trail park I been in Florida ",jmalagon,"August 26, 2017",5.0,Unknown,https://www.singletracks.com/bike-trails/alafia-river-state-park/
"
 Hit this place up for the first time yesterday and was thoroughly impressed.  I've mtb'd at Santos & Mtn. Dora and this place is much better.  For starters, all the trails are centrally located around the parking lot, bike shop, playground, picnic tables, and bike wash.  Favorite trails were Twisted Sister, North Creek, Roller Coaster, Serpent, and Spitfire (personal fav).  There is an entrance fee of I believe $4 but it's well worth it.  Trails are clearly marked and will definitely be coming back to this place as I live in Orlando. ",Ak471978,"August 13, 2017",5.0,Unknown,https://www.singletracks.com/bike-trails/alafia-river-state-park/
"
 Great Fun, Something For Everyone! I Consider Myself Somewhat Of And Advanced Rider And I Found That No-Where On The Easy Trails To The Gnarliest Descents Was I Bored, Or Just Felt, Un-Challenged. I Give It Five Stars For Fun, For Diversity And For All Around Just Feel That The Trails Have. I Consider It Better That Santos, And Potentially Even Vortex! Now That's Hard To Compete With. ",Florida Shredder,"June 22, 2017",5.0,Unknown,https://www.singletracks.com/bike-trails/alafia-river-state-park/
"
 What a great trail system.  We live about 2.5 hours away, and I see us making frequent trips here to improve our skills.  We rode River Loop, Rock Garden, Garden Ridge, and Roller Coaster.  River Loop and Rock Garden were very easy, with just a few up hills.  The trail features were easy but fun.  Garden Ridge had a few step uphills when traveled clockwise, but was much easier counter-clockwise.  Roller Coaster was awesome!  What a great trail!  We can't wait to head back! ",Billy Burton,"June 18, 2017",5.0,Unknown,https://www.singletracks.com/bike-trails/alafia-river-state-park/
"
 Love the Trail...something for everyone...did all the Easy stuff...did the Rollercoaster...what fun... Need to go back and do some more. ",LowDawg,"June 15, 2017",5.0,Unknown,https://www.singletracks.com/bike-trails/alafia-river-state-park/
"
 An awesome trails set! Can't wait to come back. ",awakenedlotus108,"June 10, 2017",5.0,Unknown,https://www.singletracks.com/bike-trails/alafia-river-state-park/
"
 Stuck to the green trails as I was riding with a new biker.
We had a great ride! Conditions were extremely dry so the Sand Pine trail was a real challenge. ",kk1berger,"May 30, 2017",5.0,Unknown,https://www.singletracks.com/bike-trails/alafia-river-state-park/
"
 I have Benin going here since 4th grade loved every minute ",jack bike skills,"May 22, 2017",5.0,Unknown,https://www.singletracks.com/bike-trails/alafia-river-state-park/
"
 First timer to the trails. Double black diamond trails down to green beginner trails. It's time to drag the family out there. Enjoyed Rollercoaster, Gatorback and Moonscape. Shelly's Loop was fun as well. Narrow ledges on the advanced trails. The trailhead has restrooms, bike wash and plenty of shaded parking if you get there early. Gate opens at 8:30AM. Blue trails were a great warm up. Nail biting fun!???? ",Likz2bikeOkc,"May 13, 2017",5.0,Unknown,https://www.singletracks.com/bike-trails/alafia-river-state-park/
"
 Top notch trail system near Tampa Florida. Could be mistaken for some up north trails it is that good. Has some very good downs and is flowy enough to get some great speed. Rode all blue intermediate trails and some black diamond and double black diamond. My day ended with a nasty fall on moonscape. Overall rollercoaster, magic island, bridges, twisted sister, and spitfire were awesome. Buzzards Bay and razorback we're also great rides as well. Trail loops are very easy to follow and bring back to the parking lot every time. Definitely worth the ride from Orlando! Will be back! ",Xcalrider,"May 6, 2017",5.0,Unknown,https://www.singletracks.com/bike-trails/alafia-river-state-park/
"
 Awesome park for Florida- difficult Black Diamonds and alot of nice trail work done.  Great park altogether ",undrwtrassassin,"March 19, 2017",5.0,Unknown,https://www.singletracks.com/bike-trails/alafia-river-state-park/
"
 Thanks to SWAMP vokunteers for the grooming work this weekend!  Rollercoaster was greatly improved.  All blue, black and double black (didnt ride any green) trails were tacky vs. the dry conditions of recent months.  Grip was great.  Love this place.  Thankful that it is so close and kept in such good shape by the SWAMP club. ",AlafiaJunkie,"January 1, 2017",5.0,Unknown,https://www.singletracks.com/bike-trails/alafia-river-state-park/
"
 Great trail system, and continues to get better. Lots of excellent singletracks -thanks SWAMP Club. ",davidakemper@gmail.com,"December 29, 2016",5.0,Unknown,https://www.singletracks.com/bike-trails/alafia-river-state-park/
"
 It was a very good trail. It had a lot of obstacle courses, such an adrenaline rush! It is great! ",florida2,"December 26, 2016",5.0,Unknown,https://www.singletracks.com/bike-trails/alafia-river-state-park/
"
 This an awesome epic trail.  Something for everyone.  The green trails are rideable by any beginner.  The blues require some more skills.  For an intermediate rider, the blues are challenging and off the hook.  The diamonds a pretty nuts and for experts only.  I rode with my son who is a beginner and he was slightly out of his league on the blues.  I rode Shelly's diamond and although very short it was great.  Most blues and all blacks have little room for error.  There are spots on the blacks that you can even walk.  I loved this place.  The parking lot has all the amenities you could ever want.  A bike station has a bike wash, tools, stand and pump.  There are also bathrooms and ample parking.  This is a trail not to be missed. ",bikeit420,"November 26, 2016",5.0,Unknown,https://www.singletracks.com/bike-trails/alafia-river-state-park/
"
 Fantastic improvements on the trails! Roller coaster rides better than ever! ",themanro,"November 6, 2016",5.0,Unknown,https://www.singletracks.com/bike-trails/alafia-river-state-park/
"
 The trail system is composed mostly of sand with occasional soil, limestone rocks and roots. The easy loop is a leisurely ride through dense wooded area. The real fun is found at the intermediate and advanced loops. Here you'll find wooden berms, steep punchy climbs followed by fast short rutted descents, constant blind turns with washed-out hillside on one side and swamp on the other waiting to swallow you up. People of all skill levels can find something challenging at this park. ",N8XC,"August 18, 2016",4.0,Unknown,https://www.singletracks.com/bike-trails/alafia-river-state-park/
"
 These trails are super challenging of your technical ability and super fun. I have ridden in lots of places in the country and this is definately one that stands out thanks to the terrific trail work by the local bike organization SWAMP! ",Michael Darpino,"July 26, 2016",4.0,Unknown,https://www.singletracks.com/bike-trails/alafia-river-state-park/
"
 The new spitfire trail is amazing rode it twice and loved it  if swamp keeps this up north Creek is going to be 5 plus mile loop ",spike07,"July 16, 2016",5.0,Unknown,https://www.singletracks.com/bike-trails/alafia-river-state-park/
"
 Gatorback and Moonscape/Gravitron are definitely double black diamond as far as Florida trails go. Super fun flowing North Creek Trail, and Rollercoaster is a super pump trail. ",Hobbes,"June 13, 2016",5.0,Unknown,https://www.singletracks.com/bike-trails/alafia-river-state-park/
"
 Other-worldly system of MTB trails from beginner to double-black diamond. Trails are well-maintained, but some aren't well marked. $5 per carload entrance fee.  Good facilities at the trail head. ",Chain-Breaker,"April 24, 2016",4.0,Unknown,https://www.singletracks.com/bike-trails/alafia-river-state-park/
"
 Outstanding system of trails. Trail map also provided by the Park Ranger when you enter. Area comes with a bike wash station and tools. Highly recommended. Series of beginner to expert trails, well marked, and easy to access. Bring your lunch! Picnic tables available and you can easily spend all day here!! ",Angel K,"April 6, 2016",5.0,Unknown,https://www.singletracks.com/bike-trails/alafia-river-state-park/
"
 Fun trail system got a lil turned around in bridges looking for gator but finally got around the whole system ",trussmonkey666,"March 17, 2016",4.0,Unknown,https://www.singletracks.com/bike-trails/alafia-river-state-park/
"
 Fun trail.  Nothing too technical, a couple of tight turns you have to make or you're swimming with the fishes.  Good time ",LStadelmeier,"February 9, 2016",3.0,Unknown,https://www.singletracks.com/bike-trails/alafia-river-state-park/
"
 It has a little of everything from beginner to advanced except downhill. There is just no downhill in FL   Can't believe it is rated 4th in FL, I need to try those other 3. ",Alvin Mullen,"January 14, 2016",5.0,Unknown,https://www.singletracks.com/bike-trails/alafia-river-state-park/
"
 Excellent trail system... well marked. I'm new to trail riding and prefer blue level and black diamond trails. Great variety for the novice to experienced rider. Worth the 2.5 hour drive. ",hubbabubba,"January 9, 2016",5.0,Unknown,https://www.singletracks.com/bike-trails/alafia-river-state-park/
"
 This is the best track I've ridden in Fl. ",YareaIIy,"December 30, 2015",5.0,Unknown,https://www.singletracks.com/bike-trails/alafia-river-state-park/
"
 Awesome trails this is how all MTB parks should be like ",mugs,"December 28, 2015",5.0,Unknown,https://www.singletracks.com/bike-trails/alafia-river-state-park/
"
 Great trail system with stuff for beginners and advanced riders. Flowy trail with technical features in the right spots, some small climbs (20') and tricky sections but not too technical. A lot like Santos but much shorter and has one big easy loop to link in the harder trails. The only bad thing is the outer loop is bi-directional so watch for other riders, there are a few blind corners. Thinking that this system just made the IMBA Epic cut, wasn't much ""epic"" about it. Not like killer downhill runs on a mountain type epic, more like most of the trails look the same and stop don't stop because 1,000 mosquitoes will swarm you type epic. But do yourself a favor and ride Santos, grade A right there! Anything south of Santos is all just blah.
Also there's a $4 entry fee. ",~Mountain Bike Addict~,"November 30, 2015",5.0,Unknown,https://www.singletracks.com/bike-trails/alafia-river-state-park/
"
 This  is the BEST florida trail EVER!!!! It has trails for everyone very well marked rangers and personnel there are very friendly. . Has trails from kids level to OMG REALLY!!! NEXT BEST TRAIL IS BALM BOYETTE just next door to Alafia. 2 best trails in Florida no doubt!!!!!!! ",,"November 21, 2015",5.0,Unknown,https://www.singletracks.com/bike-trails/alafia-river-state-park/
"
 Rode this park twice over past month.  Lot of great natural trail.  The Green trails can tend to be sandy, but the great Intermediate and Advanced selections. ",Lando_Griffin,"November 19, 2015",5.0,Unknown,https://www.singletracks.com/bike-trails/alafia-river-state-park/
"
 Was awesome had something for everyone.   Road roller coaster it had a lot of ups and downs in a few narrow areas. Didn't feel like you are in Florida at all except the heat. ",msith69,"November 17, 2015",5.0,Unknown,https://www.singletracks.com/bike-trails/alafia-river-state-park/
"
 I was impressed with these trails because they are in Florida! Technical and lots of short, steep climbs and good downhills. Enjoyed the swampy and sandy terrain, different than what I'm used to in the Midwest. ",Myo-Fit,"November 14, 2015",5.0,Unknown,https://www.singletracks.com/bike-trails/alafia-river-state-park/
"
 Amazing trail system, lots of elevation changes as far as Florida goes. Best overall trail system in central Florida. ",rickbr11,"October 5, 2015",5.0,Unknown,https://www.singletracks.com/bike-trails/alafia-river-state-park/
"
 Overall great florida MTB trails.  Trails are mostly well maintained and a pleasure to ride. ",E Sails,"September 24, 2015",4.0,Unknown,https://www.singletracks.com/bike-trails/alafia-river-state-park/
"
 Amazing mountain biking.  More technical but has trails for almost every age.  Definitely recommend Roller Coaster, Bridges, and North Creek ",Alex_FL,"August 9, 2015",5.0,Unknown,https://www.singletracks.com/bike-trails/alafia-river-state-park/
"
 Amazing mountain biking.  More technical but has trails for almost every age.  Definitely recommend Roller Coaster, Bridges, and North Creek ",Alex_FL,"August 9, 2015",5.0,Unknown,https://www.singletracks.com/bike-trails/alafia-river-state-park/
"
 Fun technical blue runs. Didn't get a chance to ride greens or black. ",Jeff Long,"July 21, 2015",5.0,Unknown,https://www.singletracks.com/bike-trails/alafia-river-state-park/
"
 Trails for the beginner to the expert.  Do not underestimate the trail signs.  When they say extreme they mean it.  For the seasoned rider this is a great place to ride. Up - Down - Fast - Obstacles.  All here.  Good place to camp and kayak also. ",Draco1,"July 17, 2015",5.0,Unknown,https://www.singletracks.com/bike-trails/alafia-river-state-park/
"
 I had a local act like a tool here today over how close I parked to his blueish grey Colorado (even though he had enough space to open his tailgate and still have leg room). Shortly after that, I was approached by another local who explained I was over another line and that the park rangers could potentially ticket me there. This is my 4th time at this incredibly fun and well thought out trail and I must admit that the typical interaction with the locals is usually a lot closer to how the gentleman behaved towards me than the other rider. Although extremely crowded on the weekends (you will encounter riders in both directions on greens), there is plenty of space, trail options, and even overflow parking if needed for everyone including nubes and kids. The trail does have a good amount of sugar sand here and there so you can go a little low on the tire pressure if you'd like.  A little rain wouldn't hurt this trail at all so don't skip out just because the afternoon showers sprinkle a little. ",eltommyc,"June 29, 2015",5.0,Unknown,https://www.singletracks.com/bike-trails/alafia-river-state-park/
"
 Got to ride Alafia in February. What a great trail system. There is something for everyone, The locals are very cool and helpful. I am an old man, and I skipped one of the black diamond sections. I will be back. ",scube54,"June 16, 2015",5.0,Unknown,https://www.singletracks.com/bike-trails/alafia-river-state-park/
"
 I'm just going to reiterate what everyone else has said before. Do not underestimate this trail system because it's in Florida..... The trails flow like a roller-coaster with awesome drops and climbs that will keep you coming back. And a ton of switchbacks to keep it even more interesting. ",AdamFromTampa,"May 10, 2015",5.0,Unknown,https://www.singletracks.com/bike-trails/alafia-river-state-park/
"
 Do not underestimate this park because it's located in Florida. We have some very technical trails due to the phosphate mining that took place here. The trails flow like a roller-coaster with lots of drops and climbs and a ton of switchbacks.... One of my favorite places to ride. ",AdamFromTampa,"May 10, 2015",5.0,Unknown,https://www.singletracks.com/bike-trails/alafia-river-state-park/
"
 One of the best  trails in Florida!! ",jci27,"April 5, 2015",5.0,Unknown,https://www.singletracks.com/bike-trails/alafia-river-state-park/
"
 Black diamonds are worth the trip. for  flat trail you can get a lot of speed. ",Theejuicer,"March 21, 2015",4.0,Unknown,https://www.singletracks.com/bike-trails/alafia-river-state-park/
"
 The trails were great. Rode most of them with my 8, 14, and 15 year old. Our favorites are Roller Coaster and North Creek. We logged almost 20 miles today. The best so far!!! ",Chewing,"March 11, 2015",5.0,Unknown,https://www.singletracks.com/bike-trails/alafia-river-state-park/
"
 Best trail in Florida hands down. Excellent maintenance and great thrills. ",JWorld127,"February 16, 2015",5.0,Unknown,https://www.singletracks.com/bike-trails/alafia-river-state-park/
"
 Review: Florida is flat....don't fool yourself. In most areas the severe terrain dictates the trail. In Florida the local MTB chapters seek out any challenging terrain. Once they find some, they bend the laws of time and physics to maximize the very meager gifts bestowed upon them. Alafia is a testament to how amazing ""SWAMP"" is. I am a native of the Minneapolis/St. Paul area. I ""winter"" in Florida, because going 3 months without riding is a fate worse than death for me. Most of the world's population of children dream of Florida to experience Disney World. This is the same passion i feel for Alafia. ""Magic island"" and ""Twisted Sister"" are worth the 23 hour car ride from my front door. ""Roller coaster, North Creek,Moonscape"" and the all too aptly named ""Buzzard Bay"" are literal works of art. If you manage to ride on a week day before 10 AM. Be sure to hug the guy in the Toyota Tundra with shovel in hand that frequents ""Roller-coaster"". He is an artist and has a practical vision that I wish could be applied to several other trails in Florida. The only real concern is the 2-way riding that blankets a good portion of the trails. Be wary, but most of the difficult trails are 1 way fortunately. ",Singletrekker,"February 12, 2015",5.0,Unknown,https://www.singletracks.com/bike-trails/alafia-river-state-park/
"
 More fun than I would have imagined.  With all the time I spend in TPA, wish I would have known about this trail sooner.  No long climbs, but the climbing there is, is STEEP.  Don't let FL trick you, the Black Diamonds are for real.  Technical, steep, and fast. ",fivorgr,"February 5, 2015",4.0,Unknown,https://www.singletracks.com/bike-trails/alafia-river-state-park/
"
 If you haven't been to Alafia in a while, come on back, it's better than ever!  Swamp has been working overtime adding new features, new  option loops off of North Creek such as Razorback and Twisted Sister, and some  rollers, jumps, and O-berma-care all around the park.  Rides even better than before, and tons of fun.  Some people still scoff at real, ""mountain biking"" in Florida, but it is indeed a real deal.  Come on down and have a blast. ",dcluley,"February 1, 2015",5.0,Unknown,https://www.singletracks.com/bike-trails/alafia-river-state-park/
"
 Don't underestimate Florida trails. They're definitely NOT flat.  Alafia is a rollercoaster of sand, oak roots, and limestone with plenty of beautiful green swamps to take a dip if you get too cocky. There's even a trail called rollercoaster. ",endobiker,"January 12, 2015",5.0,Unknown,https://www.singletracks.com/bike-trails/alafia-river-state-park/
"
 Alafia is one of the best trail systems I have ridden! The scenery is awesome and plenty of technical stuff. Not a ton of climbs but there are a lot of fast flowy trails. Perfect for beginner and advanced riders. ",zj123,"January 9, 2015",5.0,Unknown,https://www.singletracks.com/bike-trails/alafia-river-state-park/
"
 If you're in the central FL area, mainly the west side. You ought to treat yourself to a fun ride at Alafia and, or Balm Boyette. To improve, or keep your skills sharp. Go ahead and see what FL has to offer. ",JMDELVAL11,"January 3, 2015",5.0,Unknown,https://www.singletracks.com/bike-trails/alafia-river-state-park/
"
 Fantstic trail system that has something for everyone. For as flat as Florida can be, you still get quite a few punchy climbs and fast descents. ",Erica Barnes,"December 21, 2014",4.0,Unknown,https://www.singletracks.com/bike-trails/alafia-river-state-park/
"
 Fun, swoopy, and flowy trails. Great place to ride in the winter and always plenty of other riders  here. Really unique trail system that makes excellent use of the terrain. ",Jeff Barber,"December 19, 2014",4.0,Unknown,https://www.singletracks.com/bike-trails/alafia-river-state-park/
"
 These trails are awesome, it reminded me a bit of true mountain biking.  Challenging trans, well kept, pretty nature.  Best trails I have ridden. ",Austin Brown,"November 27, 2014",5.0,Unknown,https://www.singletracks.com/bike-trails/alafia-river-state-park/
"
 I put in over 20 miles today and all I can say is wow!!! The trails are in great shap. A stressful week at work just malted away! THANKS SWAMP! The new section on roller coaster is out-freakin-standing!!!! ",spike07,"November 23, 2014",5.0,Unknown,https://www.singletracks.com/bike-trails/alafia-river-state-park/
"
 You haven't ridden Florida if you don't visit Alafia.  Great set of trails for beginners to the more advanced riders.  Some of the most challenging intermediate trails I've ridden.   Lots of short, stout climbs and descents. Like Santos all they need is a mountain to be a ""destination"". ",Hap Proctor,"November 4, 2014",4.0,Unknown,https://www.singletracks.com/bike-trails/alafia-river-state-park/
"
 trails were fast and dry. ",harleyferg,"August 23, 2014",5.0,Unknown,https://www.singletracks.com/bike-trails/alafia-river-state-park/
"
 oh my my. what a great freaking park. why do I have to live so far away? spectacular on so many levels. I would say, best park in Florida. sorry Santos, but you're barely in Second place. ",pico26,"July 17, 2014",5.0,Unknown,https://www.singletracks.com/bike-trails/alafia-river-state-park/
"
 Although I preferred Balm Boyette, Alafia is a great ride! SWAMP does a fantastic job building and maintaining the trails at both parks. Moonscape, North Creek, and Rollercoaster were probably my favorites, but it doesn't matter what you like to ride, you'll find something for you here. There is lots of flowy, fast singletrack with quick ups and downs to keep you entertained. The bathrooms and bike wash are a nice touch as well! Certainly worth spending a day to check out. Once you make a trip out there you'll probably find yourself making excuses to go back! ",schwei,"June 25, 2014",4.0,Unknown,https://www.singletracks.com/bike-trails/alafia-river-state-park/
"
 My first visit to this park was great. The trails are fun and challenging. I consider myself an beginner/intermediate rider and the blue trails were just right. The local riders were friendly and helpful and the trails, created and maintained by SWAMP, are superb. ",Alan Holbrook,"June 21, 2014",5.0,Unknown,https://www.singletracks.com/bike-trails/alafia-river-state-park/
"
 These trails are not rooty and doesn't have boulders everywhere making it very pleasant compare to some I'm used to. I loved it. Bring rested legs cause it does allow you to pedal up those narrow, curvy , uphills. The downs are just as pleasant. As a first timer on these trails my rear brakes were used excessively on the down curves but I loved this park. Plenty of greenery, bridges, hills, and obstacles. Will take a 1 day road trip again. ",,"June 9, 2014",5.0,Unknown,https://www.singletracks.com/bike-trails/alafia-river-state-park/
"
 The angels sing at Aafia!!! ",Trey Grantz,"May 19, 2014",5.0,Unknown,https://www.singletracks.com/bike-trails/alafia-river-state-park/
"
 In town from Ky, rode this and Balm Boyette next door.  These trail are HOT.  Thanks SWAMP!!!  Beginner to advanced, the double black diamond trails are very difficult/techy.  Others are easy to intermediate.  All riders of all skill can come and have fun all day here.  I love all the bridges and wooden structures built.  Dont stop for a power bar break because the mosquitos will eat you alive.  Trails are very well maintained and the parking area has awesome ammenties for bikers.  Parking $5.00  Make sure you go see Balm Boyette too while you are here. ",cavedweller,"April 26, 2014",5.0,Unknown,https://www.singletracks.com/bike-trails/alafia-river-state-park/
"
 On vacation in FL last week. Wow this lives up to epic. I got on a blue marked section--didn't see it on map--but lots of wooden ramps and fast ups and downs and right next to the alligator drink..lol  Found a really fast blue intermed trail just as I was abt to leave so checked that out too. Only got 9 or 10 miles but it was def the best of the 4 trails I visited !! ",armyslowrdr,"March 31, 2014",5.0,Unknown,https://www.singletracks.com/bike-trails/alafia-river-state-park/
"
 Typical east coast spaghetti trails that try to make the most out of limited space. There are a couple of interesting features but nothing overly challenging and certainly not ""epic"" (I think I did every trail in the park in less than two hours). Good for beginner/intermediate riders. ",Eric Foltz,"March 30, 2014",3.0,Unknown,https://www.singletracks.com/bike-trails/alafia-river-state-park/
"
 this is a super trail!!!
It is super steep, super sandy, super scary, super fast and super fun!!! ",Uberjody,"March 25, 2014",5.0,Unknown,https://www.singletracks.com/bike-trails/alafia-river-state-park/
"
 This was my first time to alafia and wow had a great time. The intermediate were a blast. I am looking forward to riding it a lot. ",bw020752,"March 24, 2014",5.0,Unknown,https://www.singletracks.com/bike-trails/alafia-river-state-park/
"
 EPIC, NO DOUBT
Some serious trails.
Well marked, tons of fun! Lots of work has been done here to make this trail, and I passed a guy that was building a new line.
Must Ride! ",BeefyBoy,"March 2, 2014",5.0,Unknown,https://www.singletracks.com/bike-trails/alafia-river-state-park/
"
 Alafia is fun and very manicured.  It's a fraction of the effort of the IMBA epics I have done in CO.  You'll be able to hit all of it in a day.  It's great in the winter.  Watch for gators. ",vbeckman74,"January 20, 2014",4.0,Unknown,https://www.singletracks.com/bike-trails/alafia-river-state-park/
"
 Definitely my all time favorite place.  It has all many levels with a variety of technicalities from roots to roller coasters to sand...  Plenty of canopy for those hot summer months.  It was pure fun!  And the best part is that the camp ground is right next to it.  Get up and ride all day! ",Juliecambe,"January 9, 2014",5.0,Unknown,https://www.singletracks.com/bike-trails/alafia-river-state-park/
"
 I didn't expect to find such a nice trail system in Florida. Trails are well maintained and well build. Not very flowy but rich in technically sections. Packed sandy trails gives nice traction....enjoy. ",piekaar,"January 1, 2014",4.0,Unknown,https://www.singletracks.com/bike-trails/alafia-river-state-park/
"
 This is definitely one of the better trail systems in Florida. Lots of short ups and downs with some technical climbs and drops. ",Eric Foltz,"December 27, 2013",3.0,Unknown,https://www.singletracks.com/bike-trails/alafia-river-state-park/
"
 This trail was amazing!!!! What I had been chomping at the bit to get on. Tons of people there. Stayed on mostly the easy stuff and jumped on Bridges for a little bit of fun. Greens are nice and pretty flat, lots of roots to keep you on your toes. Bridges was really fun, very flowy! Beginner trails are multidirectional but i didnt run into many people riding opposite me, intermediate and advanced trails are single direction. Wish I was staying so much closer so I could get more time there. It was certainly worth the 1.5 hr drive since I rode for almost 2 hours. And the $4 fee is nothing to keep the trails maintained. Great facilities as well! ",monkeytroup123,"December 21, 2013",5.0,Unknown,https://www.singletracks.com/bike-trails/alafia-river-state-park/
"
 I LIKE THIS TRAIL AS FAR AS DIFFICULTY IT NEEDS BETTER SIGNS AS FAR AS MILEAGE ",topgunner212002,"December 21, 2013",4.0,Unknown,https://www.singletracks.com/bike-trails/alafia-river-state-park/
"
 Everything I hoped it would be.Not too sandy,flat or swampy.Great trails no mater where they were located,but for Florida the best in the state.They made great use of the old mining area.love the tight curves and numerous G drops. ",Daniel_Sheets,"December 16, 2013",5.0,Unknown,https://www.singletracks.com/bike-trails/alafia-river-state-park/
"
 OK for Florida! ",business4gws@bellsouth.n,"November 29, 2013",3.0,Unknown,https://www.singletracks.com/bike-trails/alafia-river-state-park/
"
 There are not any bike rentals at the park itself. There are bike rentals available at AJ's Bikes and Boards, which is about a 15 minute drive from the trails. ",allaboutsumgsus,"November 15, 2013",0.0,Unknown,https://www.singletracks.com/bike-trails/alafia-river-state-park/
"
 Awesome trail system....something for everyone.  All the trails were in great shape, the scenery was beautiful and we had perfect weather.  We really enjoyed North Creek and Rollercoaster.....lots of fun! ",,"October 29, 2013",5.0,Unknown,https://www.singletracks.com/bike-trails/alafia-river-state-park/
"
 GREAT Florida riding! A MUST for any avid mountain biker in Florida that wants something that is challenging. These trails could be marked better to correspond with the map given at the ranger station, but stumbling on new trails is part of the thrill of mountain biking. The wood bridges, green swamps, and landscape of this place should make this trail system a MUST ride on your list. ",jbond352,"October 26, 2013",5.0,Unknown,https://www.singletracks.com/bike-trails/alafia-river-state-park/
"
 Fantastic trail system here! Drove down from Jacksonville (3.5 hours) and hit Balm Boyette on day one, and this trail on day 2. To me, Alafia was the better trail system. Seemed to have better flow and trail conditions overall. I imagine BB could have decent flow once you know the trails, but won't know until the next trip down. For anyone in Jacksonville, the extra hour drive to FATS would likely be a better option IMHO. For anyone in central FL and below, this trail is fantastic, with BB only a couple miles away for more mileage. ",jeffrey_j,"October 20, 2013",4.0,Unknown,https://www.singletracks.com/bike-trails/alafia-river-state-park/
"
 Just rode Copper Harbor and and agree that it is maybe the best. I think there are a few other IMBA Epics that are in between these though, Kansas Switchgrass,Big South Fork in Tennessee and Oak Mtn in Allabama to name two. Check my other reviews http://www.mtbepicrides.com/2013/03/alafia-river-state-park-run-down.html
http://www.mtbepicrides.com/2013/07/balm-boyette.html
http://www.mtbepicrides.com/2013/07/switchgrass-imba-epic-wilson-lake.html
http://www.mtbepicrides.com/2013/03/oak-mtn-kwik-stats-3.html
Kansas Switchgrass
Balm Boyette
Big South Fork
Greg Rides Trails ",Jetnjeff29r,"August 20, 2013",3.0,Unknown,https://www.singletracks.com/bike-trails/alafia-river-state-park/
"
 This trails has everything for everyone. The volunteers have done an amazing job. ",Floridamtbtrider,"July 9, 2013",5.0,Unknown,https://www.singletracks.com/bike-trails/alafia-river-state-park/
"
 Alafia has interesting trail side features.  The green swamps and mossy trees make parts of the trail spooky looking.  The trail itself is fun.  I wish there were a few less intersections though.  Some of the signage is confusing.  I'm glad I had a map.   Rollercoaster and Moonstone were easy to follow with a good level of challenge.  These two are great trails. The trailhead facilities are top notch...clean restrooms, shelters with picnic tables, paved parking lot, bike wash station, and more.  The trailhead was so nice I questioned if I parked in correct location in the park.  I give the trailhead an A plus. Trails vary from swoopy and flowing to rooty and rough.  There are trails for all skill levels.  There are some sandy areas, but it was not too loose when I was there.  There are some steep up&downs, but short enough to be rideable.    There are signs that say ""Extremely Difficult Trail"".  These sections are very fun, but only moderately challenging. ""Extremely Difficult"" might be stronger wording than necessary.  ""Difficult Trail"" would be a more accurate description in my opinion.  Again, these sections were very fun. I give this trail network a thumbs up.  I will definately ride Alafia again during my next visit to Florida. ",rangelinenaturepreserve,"March 11, 2013",4.0,Unknown,https://www.singletracks.com/bike-trails/alafia-river-state-park/
"
 This place is sick! Trails have great flow and awesome speed. Has everything from beginner to expert. A great workout and a huge shot of adrenaline. Trails are well marked and the facilities at the trail head are top notch. ",bulletprooftiger,"February 13, 2013",5.0,Unknown,https://www.singletracks.com/bike-trails/alafia-river-state-park/
"
 Alafia's trails are in the best shape they have been in a long time. With Jeff the trail boss constantly doing trail work with his wife and some crew every week. It just keeps getting better and better. Me and a few of my riding friends have actually been adding a few new additons to the trails recently, like on North Creek and Roller Coaster, which include nice banked berms, pump bumps, and a few double jumps, with many more to follow in the future. And also Jeff and his crew have started on a completely new trail extension off of North Creek that's going to be called Devils Island, which should trun out to be a great addition to that already super fun trail. So if you ride this trail system at Alafia, you'll have new and improved options each week that will be added for you to ride!!! ",Peresite70,"January 31, 2013",5.0,Unknown,https://www.singletracks.com/bike-trails/alafia-river-state-park/
"
 I rode the green and blue trails... and there were plenty! Some of the best rides of my life :) Florida is great for its lush vegetation and each trail had different scenery from water to ferns to palmetto. Great signage and lots of options. My favorite was probably north creek or bridges. I appreciate the options for easy or harder on the intermediate trails. And I was surprised to see random trick spots like ramps between trees. Easy trails were super gentle, sand and gravel soften up tough roots, I could take my little sister. Watch out for sandy pine-it really is sandy, and hot. The rest of the trails were hard packed dirt and shady. Double black diamonds available and they looked gnarly. ",alyanne,"January 29, 2013",5.0,Unknown,https://www.singletracks.com/bike-trails/alafia-river-state-park/
"
 I agree with (Roller-coaster) living up to it's name. I also agree with leaving the double black diamond trails alone until later. ",GiantTalon12,"December 17, 2012",5.0,Unknown,https://www.singletracks.com/bike-trails/alafia-river-state-park/
"
 Man, I have never really experienced mountain biking until I rode here. The trails I usually ride (Soldier's Creek and the Econ State Park near Orlando) rarely test my abilities and endurance, but I was dog tired after two days riding here and completely thrilled! I recommend Roller Coaster and Bridges to everyone and Rabbit Ears for those who are confident, but have never ridden REALLY hard, fast trails (its only 0.25 mi). I didn't attempt anything harder, but might next time! The campground is alright: $25 a night for a place to park and neighbors close by. Its really meant for RV's, not real camping like I would prefer. But the convenience is worth it. Here's a link to a (free) trail map on the State Park website:   http://www.floridastateparks.org/alafiariver/doc/additionalinformation/alr-website_bike_brochure.pdf ",UCFbiker,"November 20, 2012",5.0,Unknown,https://www.singletracks.com/bike-trails/alafia-river-state-park/
"
 A littlle wet today but not bad, SWAMP great work on gatorback was a great ride.  ",Trek820beast,"August 30, 2012",5.0,Unknown,https://www.singletracks.com/bike-trails/alafia-river-state-park/
"
 Go to the video tab.  I just recently posted a video of the Gatorback trail at Alafia only a few weeks old, should be the first video.  ",bruces,"August 30, 2012",0.0,Unknown,https://www.singletracks.com/bike-trails/alafia-river-state-park/
"
 Still a great trail to ride even though the heavy rains have made the lowest elevations very sloppy and eroded several on the steepest grade changes.  Don't ride trails beyond your skill level or you will get hurt as the EMTs are frequent visitors. ",,"August 27, 2012",4.0,Unknown,https://www.singletracks.com/bike-trails/alafia-river-state-park/
"
 Visited on 08/05/12 had a great time, conditions were great  exactly what i expected great ride tough trails, plus bike wash love it. ",Trek820beast,"August 24, 2012",5.0,Unknown,https://www.singletracks.com/bike-trails/alafia-river-state-park/
"
 Swamp riders should really consider closing ""river loop"".  It was by far the mudddiest ride i have ever had. Blues were all pretty dry but the greens were wet especially river loop. Facility was great but the trails were in pretty poor shape. Only rode a few black diamonds and they seemed fine but the hole place is in need of maintenace  I am in no hurry to return. ",,"August 6, 2012",3.0,Unknown,https://www.singletracks.com/bike-trails/alafia-river-state-park/
"
 Somebody help gatorback! Trail maintenance has been done to the easier trails but poor gatorback has been Hung out to dry over rooted , washouts etc ",dmc751,"August 4, 2012",2.0,Unknown,https://www.singletracks.com/bike-trails/alafia-river-state-park/
"
 Great trail system. As a visitor to FL, I've found the ""phosphate mine"" style trails to be a lot of fun as I've never ridden anything like they before - steep drops and climbs. Check out videos of Gatorback/Moonscape/Franks Loop to see what I'm talking about. Don't waste your time on the easier trails like Sand Pine and Rock Garden - they weren't challenging enough and were washed out and overly rooty thanks to the rain. ",StreakMTB,"July 29, 2012",5.0,Unknown,https://www.singletracks.com/bike-trails/alafia-river-state-park/
"
 Rode Alafia 7/22/012 as well and had a blast. The Gatorback trail was riding fast!  ",bruces,"July 25, 2012",5.0,Unknown,https://www.singletracks.com/bike-trails/alafia-river-state-park/
"
 Rode Alafia's trails yesterday 07-22-12 and they were all pretty much in good shape... ",Peresite70,"July 23, 2012",0.0,Unknown,https://www.singletracks.com/bike-trails/alafia-river-state-park/
"
 What can I say that hasn't already been said?  It's a GREAT trail system, and a great workout!  I learned not to ride alone on this trail- the hard way.  One separated shoulder and a bruised ego later...but I'd still love to come back!  I live in jax, and the closest thing to the technical stuff here that I can think of is at mala campra (another of my favorites) ",suppo165,"July 13, 2012",5.0,Unknown,https://www.singletracks.com/bike-trails/alafia-river-state-park/
"
 Only got to ride a few of the trails and from all the rain we've been getting there are spots on the trails that have sand build ups on, and a couple washouts here and there. Only seen one spot on North creek that was closed for maintence, but the rest we rode was definitely rideable. Hopefully once the rain stops the trails will beable to be repaired to the riding conditions they usually are. ",Peresite70,"July 13, 2012",4.0,Unknown,https://www.singletracks.com/bike-trails/alafia-river-state-park/
"
 This Park has a great parking area plus a system of trails that are suited for all leveled riders from begineers to advanced riders. And all the scenery is great as well. I give Alafia a 2 thumbs up. ",Peresite70,"July 12, 2012",5.0,Unknown,https://www.singletracks.com/bike-trails/alafia-river-state-park/
"
 First of all I was impressed with facilities at the trailhead - simply best. And the trail itself is fun to ride. But, like others mentioned, hard to navigate sometimes when there are no signs at intersections. Other then signage, I'd say if you're in the area, it's well worth of an hour driving. I wish it was dry, so I can ride Moonscaper too. Roots and drops are sweet and unpredictable in some places. It's a technical and challenging trail not for first-time riders. ",stumpyfsr,"June 27, 2012",4.0,Unknown,https://www.singletracks.com/bike-trails/alafia-river-state-park/
"
 I understand where Rich67 is coming from and for the regular MTBer some of the trails are a little challenging but... I love the roots, washouts, etc. I don't believe that every trail has to have flow. There are riders like myself that love the challenge of a hardcore/ungroomed trail but we are the minority. I think a system with a couple of flowing and a couple of super technical trails sounds perfect. I really enjoy Alafia. Thanks SWAMP club.  ",bruces,"June 18, 2012",0.0,Unknown,https://www.singletracks.com/bike-trails/alafia-river-state-park/
"
 I went back out to Alafia after a hiatus (been spending time at Boyette), and I am seriously disappointed. The trails are sketchy, rooted, and some are downright dangerous due to the layout and obstructions. The only trails with any flow to them are North Creek and Bridges. Roller Coaster and Moonscape have gone downhill. The other trails like Rock Garden and Sand Pine are overgrown with roots and not fun to ride at all anymore. I tend to avoid some of the other trails because of the lack of flow and enjoyment factor. I have a hell of a lot more fun on Ridgeline and Abyss at Boyette-those trails flow and are a blast to ride. Hopefully someone goes out to Alafia and revamps the trail system out there- it's just not all it's cracked up to be anymore. ",rich67,"June 9, 2012",3.0,Unknown,https://www.singletracks.com/bike-trails/alafia-river-state-park/
"
 Great trails... Be careful out there!!! ",,"May 23, 2012",5.0,Unknown,https://www.singletracks.com/bike-trails/alafia-river-state-park/
"
 SICK, SICK, SICK!!!!!!!!!  Such a great ride!!!!  So many different trails to keep you busy and well satisfied ALL DAY LONG!!!!!!* Review edited 5/15/2012 ",racerseth,"May 16, 2012",5.0,Unknown,https://www.singletracks.com/bike-trails/alafia-river-state-park/
"
 Loved this trail system, a bit difficult to navigate at times but wow sums this trail up.  ",JoshuaTee,"May 15, 2012",5.0,Unknown,https://www.singletracks.com/bike-trails/alafia-river-state-park/
"
 it was kick ass!!!! one of the best trails I have bike on  ",ICEMAN733,"May 13, 2012",5.0,Unknown,https://www.singletracks.com/bike-trails/alafia-river-state-park/
"
 This park is amazing.  The only thing I would say is to make sure you know what you're doing before you cruise down a double black like gator back because if you don't, you could seriously get hurt.  Bridges is good, roller coaster is great, and if you want to go higher than those just know what you're getting into. ",hobybart,"April 12, 2012",5.0,Unknown,https://www.singletracks.com/bike-trails/alafia-river-state-park/
"
 Was a good trail for the first time riding here.  Only thing I didn't like was the lack of markings at some intersections.  A few of us first timer groups were trying to figure out which way to go.  Didn't get to ride everything so I'll need to go back to hit the rest of it. ",kevprides,"April 7, 2012",4.0,Unknown,https://www.singletracks.com/bike-trails/alafia-river-state-park/
"
 Absolutely the greatest trail I have ridden. The trail has numerous sections based on ability that are marked well. The trail is very well maintained thanks to S.W.A.M.P which is a club that does all the maintenance. Gatorback was extremely difficult due to the rocks roots and steep quick climbs and descents. You must choose your line wisely. My favorite was the Rollercoaster. Don't over look the east trails because they are still a lot of fun to ride. The scenery is pretty amazing as well with the Spanish moss hanging from the trees in a what feels like a thick jungle.  ",cynergy68,"April 4, 2012",5.0,Unknown,https://www.singletracks.com/bike-trails/alafia-river-state-park/
"
 Try Gatorback at Alafia if you want extremely tough. Florida has lots of roots. If you know how to ride them, it is no different than riding rocks. Loyce Harper Park (aka. Carter Road) is also a fantastic and challenging trail. Santos in Ocala has some crazy stuff, especially the Vortex. ",dylee66,"March 29, 2012",5.0,Unknown,https://www.singletracks.com/bike-trails/alafia-river-state-park/
"
 Great place to test your skills! Has a trail or two for everyone at every skill level! If thinking about a trip, this place is a must! ",,"March 27, 2012",5.0,Unknown,https://www.singletracks.com/bike-trails/alafia-river-state-park/
"
 Was disappointed, trails have great potential but too many roots, Spent most of my time slowing dowafn instead of catching air. Seems that trail rating signs are over played . The harder it said it was the more roots it had. But moonscape was worth the trip. About two truck loads of red clay to fill up some of the gaps .between roots before and after technical sections would speed up the trail greatly and turn not so technical white knuckle status. Like I said great potential could be a top 5 technical xc tracks in the country. I still think the fingers at loyce harper are better to train on but also remember it is a use at your own risk trail aka no suing. Alafi does not have that luxury so I guess they can't get that crazy with the trails ",dmc751,"February 23, 2012",4.0,Unknown,https://www.singletracks.com/bike-trails/alafia-river-state-park/
"
 Why is it that out of towners have the holier than thou reviews? If Ohio dude wants more dificult he should ride the double diamonds like Moonscape. We travel from Pa every winter to ride here and love it. There are no long climbs like at home but the change of pace short climbs and drops are a welcome change and are a ton of fun to ride. The use of the terrrain is excellent and every year there are a few new sections. Well planned, well maintained, lots of variety for this topography and beautiful scenery, [owls, gators, armadillos] and a nice campground to stay at.  Compared to Santos? ride 'em both! ",Pennsylvaniamike,"January 20, 2012",5.0,Unknown,https://www.singletracks.com/bike-trails/alafia-river-state-park/
"
 This is a nice little park.  a lot of work went into it.  I rode the Rollercoaster loop and the Gatorback, as well as some of the beginner and intermediate trails.   Although very enjoyable, with technical challenges, it does not seem epic.  It's worth the drive from Tampa, or if you're heading back north from the gulf coast.  Not sure I would make the drive from Orlando, with Santos nearby.  The good:  Lots of trails.  Various difficulty levels.  Good use of topography for those who like quick ups and downs.  It's nice to have a place to wash the bike.   The less good:  If you like long, flowing lines so that you can build up speed, this isn't the place.  Nothing I rode seemed that difficult, although I didn't ride Moonscape.  If they made the lines just a little longer on the intermediate rides, it would be possible to really fly along.    I'm calling it a good after-work ride because it reminds me of the trail out my back door in Medina, Ohio.  I can't understand why anyone who has ridden truly epic rides would call this epic -- but it is certainly good, especially since it's tucked into Florida flat lands.   I just noticed that this somehow got rated as number 9 in the US.  That's a complete joke.  I've been riding all around the US, and I live in Ohio.   This is a nice little place, but it wouldn't even be number 9 in Ohio (and there is only one in Ohio that should be in the top 50).  DO NOT drive hundreds of miles to come here.    Thanks to the people who made it!  * Review edited 1/13/2012 ",Oldcog,"January 14, 2012",3.0,Unknown,https://www.singletracks.com/bike-trails/alafia-river-state-park/
"
 My Favorite trail in Florida. Great trails with big hills for Florida. I can ride here all day and not get bored. ",Specialized_Rider,"January 14, 2012",5.0,Unknown,https://www.singletracks.com/bike-trails/alafia-river-state-park/
"
 swampclub.org's description was totally accurate. It highly entertains every single level of rider. My 8 year old loved the Greens. My 9 year old loved the Blues, was challenged big time by the Diamonds, and we could do mostly nothing but walk through the D-Diamonds (only 1 way to find out, right?). (Novice and Intermediate XC riders we are).
I could tell by talking and watching the fast, fluid and sometimes skying locals, that once one gets to know the tracks well, this place is just heaven, for Florida. ",MXJaxson,"January 5, 2012",5.0,Unknown,https://www.singletracks.com/bike-trails/alafia-river-state-park/
"
 Kudos to SWAMP, these trails are some of the best.  I have been biking for about 6 months and found the intermediate trails to be very challenging, more so than Santos.  I will return soon. ",wegishs,"January 2, 2012",5.0,Unknown,https://www.singletracks.com/bike-trails/alafia-river-state-park/
"
 Fantastic trails that have great levels of skill. Most of the steep drops are short enough that you don't feel like you're going to lose complete control and have uphills immediately after - for an advanced rider, only one or two parts of the trail system are so challenging that you may not be able to do it. Moonscape and Gatorback are excellent; I also really enjoyed the little double black diamond offshoot loops Frank's Loop (with one corner that you absolutely cannot get wrong unless you like swimming in the swamp) and Shelley's Loop, which managed to break my bike hangar with the biggest drop of any part of the trail network. ",sprodj,"December 25, 2011",5.0,Unknown,https://www.singletracks.com/bike-trails/alafia-river-state-park/
"
 A great place to spend the day MTB. There are trails for every skill level so everybody can come and play. The blues are fun and the black diamonds arent all that tough. ",IdahoLife,"December 22, 2011",5.0,Unknown,https://www.singletracks.com/bike-trails/alafia-river-state-park/
"
 awesome trails, well maintained. Well worth the trip from Miami, Fl. My favorite trail the was the North Creek. The roller coaster and moonscape were awesome too but quite challenging. Gator was too difficult for me wish I would have not entered it, walked most of it cause its really rooty uphills and some of the downhills are rocky
and spooked me out. maybe next time* Review edited 12/5/2011 ",yem999,"December 5, 2011",5.0,Unknown,https://www.singletracks.com/bike-trails/alafia-river-state-park/
"
  Thanks to swamp This is a really excellent park for MTB!!  nice flow. drove for 4 hours to this park will drive again.  ",carlitosway,"December 5, 2011",5.0,Unknown,https://www.singletracks.com/bike-trails/alafia-river-state-park/
"
 Technical masterpiece. I consider myself an intermediate rider and I have to say that I was able to have fun and feel challeged at the same time. Steep ups and down, specially on Rollercoaster. Had to walk some sections of Roller Coaster, a little bit over my comfort level that one. Some drops throught the park but they are marked beforehand so you have the option to take a chicken run. Nonetheless there are other trails beginner-intermediate that were very fun. Would never thnk you are in Florida. Very well marked and nicely mantained* Review edited 11/29/2011 ",malva,"November 29, 2011",5.0,Unknown,https://www.singletracks.com/bike-trails/alafia-river-state-park/
"
 AWESOME again!!! Fat Tire Festival 11/19/11 provided us with (2) days of riding Alifia, (1) day at Balm-Boyette. Alifia's BEST trails: Rollercoaster (Blk) - lots of big bumps; North Creek (Blu) terrific run-outs, with one super cool curving drop-in; Bridges (Blu) - (5) big drops make this one close to Black, but it's a great Blue.  ",G8rbiker,"November 18, 2011",5.0,Unknown,https://www.singletracks.com/bike-trails/alafia-river-state-park/
"
 Rode this a few years ago on vacation and loved it.  Some of the trails were insane and you can get in over your head real quick.  Something for everyone though and I had a blast, it was easy to see why it was named an IMBA Epic. ",bboehman,"October 31, 2011",5.0,Unknown,https://www.singletracks.com/bike-trails/alafia-river-state-park/
"
 Trail was nice, some steep hills. Must have rained before we pulled in, trail was slippery in some sections. Had alot of fun though. Glad we checked it out. Spent all day riding almost every trail we could. ",hdguach,"September 6, 2011",4.0,Unknown,https://www.singletracks.com/bike-trails/alafia-river-state-park/
"
 This park has something for everyone, from multi-use trails, no helmit required, beginner, intermediate, advanced and suicidal. Moonscape and Gator back are suicidal and should only be attempted by serious experienced riders with bikes up for the challenge. I skipped Gatorback after talking to locals, moonscape is incredible, but incredibly difficult climbs and drops, I had to walk a lot of them. Roller Coaster is incredible fun, with enough to challenge even the most seasoned riders, I busted my dirt2 front shock on one of the downhills ! Bridges is also incredible with huge up and downs but nothing too crazy. Both rollercoaster and bridges are for the most part fast and flowy with some serious drops and climbs, but nothing I couldn't handle. For sheer fun, Northcreek can't be beat, it reminded me of the Tsali trails in North Carolina, if someone dropped you there, you wouldn't know you are in Florida, well except for the heat and humidity. On the 2nd day, I got stung by bumblebees, my hand is swollen twice its normal size, got heat exhaustion with vomiting and diarea. If you visit this park in the summer months be warned, the heat and humidity is extreme, even my expensive cycling jersey couldn't wick away the sweat.* Review edited 8/29/2011 ",kpienaar,"August 29, 2011",5.0,Unknown,https://www.singletracks.com/bike-trails/alafia-river-state-park/
"
 Wow, this place has some way crazier stuff than I expected to be in Florida. The harder trails were very difficult and were a rough technical challenge. There was quite a bit of quick up-and-down sections that were really steep. Some parts were also VERY rooty. But there are also some trails that are really easy and flat. Another thing that is great about the trail system is that there are many spots along the trails where you can choose to ride a harder or easier section of the different trails. So this system of trails offers something for everyone. My favorite trail that I rode here is definitely Rollercoaster. I highly recommend this one because it lives up to its name. ",afullsodacan,"August 1, 2011",5.0,Unknown,https://www.singletracks.com/bike-trails/alafia-river-state-park/
"
 We rode these trails about 10 months ago, and LOVED them. a 'good' Tiring ~12 miles. We can't wait for the Fat Tire Festival in Nov.!! ",G8rbiker,"July 23, 2011",5.0,Unknown,https://www.singletracks.com/bike-trails/alafia-river-state-park/
"
 Just got back from Alafia river state park and really enjoyed a great mountain bike park. The SWAMP club that maintains most of the tracks in this area do a fantastic job, my wife and i enjoyed the numerous trails, and the creature comforts of the trail head. If you mountain bike in FL this is a must ride. Can say enough of the help i got from local riders including gregorio who after i snapped my front fork loaded me and my bike up and installed his old fork on my bike allowing me to enjoy Alafia, and not cut my riding vacation short.* Review edited 7/8/2011* Review edited 7/8/2011 ",leo70,"July 8, 2011",5.0,Unknown,https://www.singletracks.com/bike-trails/alafia-river-state-park/
"
 The last time I rode this trail I broke my finger, but I was having so much fun I kept on riding for two hours! This is some of the most technical and well planned trails south of the Mason Dixon. There is something for everyone here, but the advanced trails are the crown jewel, particularly Moonscape, Roller Coaster, and Gatorback (which I have seen a gator ON the trail, fyi). It is quite a hike for me to drive to Alafia, but everytime I go I ride the same trails for hours and hours...it never gets tiring, and there are all these little loops, rocks, roots, etc.. that are fun WIPs (works in progress, i.e. you don't get them right the first time) that challenge even the most seasoned riders. This trail is one of a kind, a true IMBA epic trail. Some have complained that it is not 'as good' as some trails in Colorado or Moab...but I bet you can't ride those in February in shorts and run into a gator rubbing up against a palm...then go to the beach after 35 miles of riding??? I'm just sayin'....if you are EVER in the Tampa/Brandon area, DON'T miss your chance to ride this trail as well as Boyette (across the street). AJ's rents bikes, as do several shops in Tampa. ",Michael Paul,"June 12, 2011",5.0,Unknown,https://www.singletracks.com/bike-trails/alafia-river-state-park/
"
 It was a week after a race, 4/11, and the trails were a mess as far as being marked. I'd go into a advanced trail and come another entrance. Roller Coaster and Moon-something were a mess with tape and no markings. It was my second time there and won't be discouraged, even though i shredded a XTR Shadow backtracking on Roller Coaster. Clean it up please!!! It's not a bunny trail, so make it safe! ",jrexsimmons,"May 2, 2011",4.0,Unknown,https://www.singletracks.com/bike-trails/alafia-river-state-park/
"
 this trail system is the jewel of the SWAMP Mountain bike club in Tampa Florida. It offers something for every rider skill level with a ""Easy"" loop, great ""Blue"" intermediate trails, and plenty of Black and Double Black advanced stuff. You wont believe you are in Florida!  ",darrinw2001,"March 24, 2011",5.0,Unknown,https://www.singletracks.com/bike-trails/alafia-river-state-park/
"
 Awesome ride. condensed. no long travel. alotta fun. Very good ride for florida ",connorbug1,"February 2, 2011",4.0,Unknown,https://www.singletracks.com/bike-trails/alafia-river-state-park/
"
 This is one of the destination points of Florida mountain biking. tons of neat riding here from beginner to expert! the trails are well maintained and are really nice. Lots of technical Florida riding ",FishBoy87,"September 22, 2010",4.0,Unknown,https://www.singletracks.com/bike-trails/alafia-river-state-park/
"
 One of my all time favorite trails. this trail is perfect for cyclists of all levels. There are miles upon miles of fun single track, from  easy pine flats to agrressive rocky uphill technical challenges.  ",Mattgarrett,"January 30, 2010",5.0,Unknown,https://www.singletracks.com/bike-trails/alafia-river-state-park/
"
 The absolute the best in Florida!  Amazing terrain and housekeeping!  Variety of challenges for all levels and just an awesome place.  An absolute jewel!!! ",reif-s,"November 27, 2009",5.0,Unknown,https://www.singletracks.com/bike-trails/alafia-river-state-park/
"
 Great variety and park amenities. Good for beginner to expert. Top trail in FL along with Santos. ",GoKite5,"November 25, 2009",5.0,Unknown,https://www.singletracks.com/bike-trails/alafia-river-state-park/
"
 Alafia River State Park is a great trail system for everyone from beginners to expert riders. The park has nice facilities with pavilions, restrooms, shower, and a bike wash. Beginners looking to gain skills should look into riding North Creek. Intermediate riders will love Bridges and Roller Coaster. Advanced riders looking for steep climbs and descents with switchbacks need to check out Gatorback and Moonscape. There are also a lot of little off shoot trails like Rabbit Ears that are short fast paced trails through the woods with some technical obstacles. The trails are not as smooth or fast rolling as Boyette, but offer more technical terrain. Most trails are one-way singletrack. I really enjoy this trail.* Review edited 9/11/2009 ",nickbj05,"September 12, 2009",5.0,Unknown,https://www.singletracks.com/bike-trails/alafia-river-state-park/
"
 Alafia River State Park is a network of trails.....easy trails consist of River Loop & Sand Pine, Intermediate Trails consist of Bridges, North Creek & Rock Garden,  Difficult Trails consist of Rabbit Ears & Roller Coaster,  Very Difficult Trails consist of Gatorback & Moonscape.  Today the heat index was over 105 degrees and we were out there on Gatorback, Bridges, North Creek (twice rode), Roller Coaster & Rabbit Ears.......had a blast today! ",JSurratt,"June 20, 2009",5.0,Unknown,https://www.singletracks.com/bike-trails/alafia-river-state-park/
"
 I rode the Alafia Green River trail & Alafia Rock Garden trail.  Not too difficult to ride, but a lot of fun......started at 6pm and ran out of daylight.* Review edited 6/3/2009 ",JSurratt,"June 4, 2009",4.0,Unknown,https://www.singletracks.com/bike-trails/alafia-river-state-park/
"
 Loved it. Road it today and it was awesome. Nice park Something for everyone. If you miss this you miss some of the best we have in Florida. ",Floridadan,"May 5, 2009",5.0,Unknown,https://www.singletracks.com/bike-trails/alafia-river-state-park/
"
 Alafia is an excellent trail system well desrving of its EPIC status. Great trails with alot of twists, turns, climbs, and descents. Pretty scenery through palm frond ""forests"", swamp land, hills, and ridgelines. The roots can be challenging/annoying at times but are rideable. North Creek and Rollercoaster are my favorites with Bridges and Gatorback close behind. Rabbit Ears are three short loops but worth the ride. Moonscape is cool and offers what is probably the most difficult terrain in the park. I ride a hardtail and was able to ride everything I came to. There are hundreds of pics posted of the trails and as usual they hardly do it justice. You just have to go check them out for yourself.....
The Park is nice and has excellent facilities including bathrooms with full electric and plumbing, a bike wash, and vending machines for after ride snack. There are several picnic benches and a playground for kids.* Review edited 4/18/2009 ",Devin_P,"April 18, 2009",5.0,Unknown,https://www.singletracks.com/bike-trails/alafia-river-state-park/
"
 Awesome trails. Swamp Club does a good job building and maintaining these trails. Something for everyone. ",cujo,"April 11, 2009",5.0,Unknown,https://www.singletracks.com/bike-trails/alafia-river-state-park/
"
 Good trail. Lots of ups and downs and fun stuff like that. I thought the trail was a little weathered and there were a lot of things on some trails that made the running not too smooth (ie roots rocks sand)... I rode it a while ago in january so I hope it got cleaned up because then it would be sweet! I like the citrus trees around too. Be careful with directions! Its not too hard to find too, but i got lost for a minute.* Review edited 2/26/2009 ",Pschmoling,"February 26, 2009",4.0,Unknown,https://www.singletracks.com/bike-trails/alafia-river-state-park/
"
 I ride a lot in Texas and visited the Tampa area recently. I had an unexpected surprise with Alafia. I did not expect to find such a fine trail in Florida. I for one did not associate Florida with mountain biking, but I do now. Hats off to SWAMP for a job well done. * Review edited 2/9/2009 ",bblais,"February 10, 2009",4.0,Unknown,https://www.singletracks.com/bike-trails/alafia-river-state-park/
"
 I ride Alafia twice a week and still have not gotten tired of it. It is also well worth the trip if your not a local. The parking lot is never far away which helps when you bike breaks down. The trails are maintained by the local mtb club. Not a lot of miles here but you can string several trails together and have a good half day trip. I'm so thankful we have a great trail like this right in my own back yard! You won't think your in Florida. ",Tranceman,"October 28, 2008",5.0,Unknown,https://www.singletracks.com/bike-trails/alafia-river-state-park/
"
 Very nicely laid out with some fun riding. This was my first time out on a mountain bike on something other than pavement, so some of the crazier stuff was not on my agenda. Still, the facilities and park layout were excellent, thanks to SWAMP. ",rich67,"July 5, 2008",5.0,Unknown,https://www.singletracks.com/bike-trails/alafia-river-state-park/
"
 Alafia River State Park # 1 in Florida  ",ositoking,"June 23, 2008",5.0,Unknown,https://www.singletracks.com/bike-trails/alafia-river-state-park/
"
 Finally finished the place, uhg, exhausted. Gatorback is my fav, with brides and rollercoaster 2nd. Moonscape is a freakin ball buster with some insane drops and climbs and very easy to get lost. Most of river was closed due to mud and swamp getting a little too high from the recent rain. The variety here is amazing, the riders great, and the workout intense. Bring water if you can, the trails run deep and there are no fountains, even the main fountains at the trail head were out...Highly recommend a full suspension bike, unless you like your balls pushed in 1/2 a foot. ",Phlip44,"March 21, 2008",5.0,Unknown,https://www.singletracks.com/bike-trails/alafia-river-state-park/
"
 This place rocks. It is far enough away from everything else it is rarely crowded. Great riding the different style loops, tracks were all in good shape, great scenery around what is left of the river. The roots do get a little tough with a solid framed bike (trek 950) but nothing I couldn't handle. haven't gotten to the technical parts yet, going back to do that soon. Did about 5-10 miles and was completely exhausted. Probably should be wearing protection when doing anything tougher than novice, there were definitely some hairy parts.* Review edited 2/19/2008* Review edited 2/19/2008 ",Phlip44,"February 19, 2008",5.0,Unknown,https://www.singletracks.com/bike-trails/alafia-river-state-park/
"
 I rode this trail yesterday. After Razorback closed, this has been the greatest park in Florida. North Creek trail has a new advanced extension. All the other trails are great and in good condition.  ",ositoking,"February 11, 2008",5.0,Unknown,https://www.singletracks.com/bike-trails/alafia-river-state-park/
"
 Absolutely everything I expected and more. Great selection of trails from beginner to highly skilled. Great facilities and an overall beautiful place. Very polite riders (even the hardcore dudes) and even sat and watched 2 unicycle riders (that's right, I said unicycle... uno wheelo!) riding one of the intermediate trails and then headed for the double black diamond trails. I hope they made it out safely.  I would suggest the Sand Pine trail over the River Loop for beginners. The River Loop is heavily rooted and can turn into an unenjoyable ride after 3 miles of such bumpy terrain.  Beware: At the end of The Bridges trail, which is intermediate, there is a small sign that gives two options: easier way and more difficult. Well, the more difficult way is actually a short trail rated black diamond. I'm an intermediate rider and just about pee peed my shorts on that thing. Good thing for padded shorts. Anyway, this place is fantastic and I can't wait to go back when I've got more skills and better nerves because I'd like to see the advanced trails without getting thrown from my saddle too many times. I still can't believe those 2 unicycle dudes! Siiiiiiiick! ",DieselMike,"February 10, 2008",5.0,Unknown,https://www.singletracks.com/bike-trails/alafia-river-state-park/
"
 A lot of fun. Wish I could get out there to ride it more often. Its definitely worth the drive. ",mindlessphilosophy,"December 31, 2007",4.0,Unknown,https://www.singletracks.com/bike-trails/alafia-river-state-park/
"
 This park offers some of the most challenging off-road bicycling trails in Florida. Once the site of a phosphate mine, the reclaimed land has unique topography that offers some of the most radical elevation changes in Florida.  ",ositoking,"October 1, 2007",5.0,Unknown,https://www.singletracks.com/bike-trails/alafia-river-state-park/
"
 Growing up in FL and spending alot of time in South Florida this is probably better park in the area.  Very happy I moved out of S FL and now have this in my back yard.  Several trails which are very close to the parking area which makes its nice and enjoyable for families & groups of varying skill leveles.  This park has something for everyone from the most skilled riders to the beginners. ",41ants,"August 8, 2007",5.0,Unknown,https://www.singletracks.com/bike-trails/alafia-river-state-park/
"
 I just finish the last sections, Gatorback, A couple of short advanced loops off rock garden, Finally finishing off at Sand Pine... Gatorback is beautiful and brutal! The 2 advanced sections off Rock Garden were perfect for my sub-superhuman abilitys, Sand Pine was fun! The temp on the trail was 93 F. and very humid, Moving quickly and effortlessly down Sand Pine made for a great cool down.
- Sand Pine sent me home with 2 bruised shoulders from ricocheting off trees in a single track fast section that opens into a cluster of  6"" diameter pines with 4 options to get through... I was moving fast, tired and didn't decide my line fast enough... wasn't pretty.
Had a great time!  ",oohsh_t,"August 7, 2007",5.0,Unknown,https://www.singletracks.com/bike-trails/alafia-river-state-park/
"
 this place is great rode there the other day with swamp club had a blast they are some great people to ride with. North Creek is one of the best flowing trails in the park or in centerl fl. love this place ",Dippy1584,"May 25, 2007",5.0,Unknown,https://www.singletracks.com/bike-trails/alafia-river-state-park/
"
 This trail rocks!  I ride here once a week and will continue to drive for 40 minutes every week to ride here.  Very good flow to the more advanced trails.   ",papercityhustler,"May 7, 2007",4.0,Unknown,https://www.singletracks.com/bike-trails/alafia-river-state-park/
"
 I agree w/ the last two entries.  This is a great trail & the Swamp club does a nice job of maintaining this trail system.  This park has something for every riding level.  Something that other parks cannot boast.  This IS worth the drive! ",Allen_,"April 16, 2007",4.0,Unknown,https://www.singletracks.com/bike-trails/alafia-river-state-park/
"
 After months at Oleta and Markham this seemed easy and fast.  Swamp Club keeps it real nice maintained with a lot less roots and rocks than So Fl trails. Definitely a reccomend for this one.  ",BMURPHY,"April 16, 2007",5.0,Unknown,https://www.singletracks.com/bike-trails/alafia-river-state-park/
"
 One of the Best in Florida....I love it !   This trail has a good mix...the most difficult trails are Gatorback (just reopened as of 02/02/07) and Moonscape.  My favorites are Roller Coaster, Bridges  and the Advanced portion of Rock Garden.  Also North Creek is my Warm up Trail.  I don't really care much for Sand Pine or the beginner portion of Rock Garden.  I do think this park is totally beautiful and the Swamp Club does a great job maintaining the trails.  * Review edited 2/19/2007* Review edited 2/19/2007 ",Major813,"February 19, 2007",5.0,Unknown,https://www.singletracks.com/bike-trails/alafia-river-state-park/
"
 you will find trail for yourself in Alafia. my fave was moonscape and rollercoaster and that brand new trail they just finished building that i forgot the name. Sand Pine trail is really smooth and fast switchback. i hit 12 to 14mph  on it. trails are somewhat easy to find and well marked. i got bored a little at the rock garden and river. i had to walk down some of those double diamond drops since my skill level and my hardtail were not up that level yet. my hat off to people that build Alafia trails. really great job. ",rocketbracket,"October 26, 2006",5.0,Unknown,https://www.singletracks.com/bike-trails/alafia-river-state-park/
"
 I came here last weekend on the 20th. Good news everyone..they opened up a new trail! It is about 3 miles long and it is a sweet singletrack with a couple of bridges. Some trails are closed due to the raining season.  ",ositoking,"August 28, 2006",5.0,Unknown,https://www.singletracks.com/bike-trails/alafia-river-state-park/
"
 I was there May 6th and rode most of the loops. The club down there definitely keeps on top of the trails, well maintained and marked in all but a few places. Some type of endurance event was going on so it was pretty crowded. Several spots were too sandy, but it would be a difficult task to haul something to pack some of these areas. Rode the 2 easy loops, 2 intermediate loops, then rollercoaster and moonscape (considered difficult and more difficult repectively). I'm far from an expert and don't agree completely with the difficulty ratings of these trails. I found the trails marked difficult to be more enjoyable than the others, and I would think most any intermediate rider would get through rollercoaster fine. The intermediate trails are a root fest, which got annoying after some time. I'll be heading out on the first saturday of the month to help these guys with maintaining these trails, really appreciate the hard work from clubs like SWAMP. ",dashreeve,"May 8, 2006",4.0,Unknown,https://www.singletracks.com/bike-trails/alafia-river-state-park/
"
 I was here today and the trail is in great condition. It was very dry enough. There were plenty of riders. I wish to invite all mountain bikers to come to ride one of the best trails in Florida.  ",ositoking,"January 16, 2006",5.0,Unknown,https://www.singletracks.com/bike-trails/alafia-river-state-park/
"
 Best for all riding levels.  ",ositoking,"October 8, 2005",5.0,Unknown,https://www.singletracks.com/bike-trails/alafia-river-state-park/
"
 Parts of the trails were closed during the summer, but all is open now. ",Adventurecycling,"January 13, 2005",0.0,Unknown,https://www.singletracks.com/bike-trails/alafia-river-state-park/
"
 First time at this park, Awesome. Good for all riders. Will definitely be coming back. ",BX_BMBRZ,"August 18, 2019",5.0,Unknown,https://www.singletracks.com/bike-trails/markham-park-2/
"
 Was super dry and dusty ",Firemigs,"April 16, 2019",4.0,Unknown,https://www.singletracks.com/bike-trails/markham-park-2/
"
 Just opened some sick jumps! ",BananaSeat5,"March 7, 2019",4.0,Unknown,https://www.singletracks.com/bike-trails/markham-park-2/
"
 When it started to snow in the Northeast last week, we decided to high tail it to Florida for some more reasonable fall weather. This is the first of 4 videos we'll be posting in the coming weeks. We started just outside of Fort Lauderdale in Sunrise Florida. Markham Park is a lesser hyped trail than Virginia Keys, Santos, and Alafia. We think that may be because the locals want to keep it all to themselves... and we don't blame them! ",VECON Sports,"February 26, 2019",5.0,Unknown,https://www.singletracks.com/bike-trails/markham-park-2/
"
 Amazing creative layout of trails ! ",Paul Loeffelholz,"January 9, 2019",5.0,Unknown,https://www.singletracks.com/bike-trails/markham-park-2/
"
 Considering this trail a double diamond, of any color, is a joke.  I'm an intermediate rider who got through with little difficulty, walking a couple of short sections I wasn't anticipating, on my short travel bike.  If this is a double (whatever color) diamond then what is the Portal in Moab considered?  Fun, short, full featured trail rated way too high in difficulty because it's in a place where the Earth is flat.  Ride w caution & sense, you'll be fine. ",pedroll,"December 20, 2018",0.0,Gun Range,https://www.singletracks.com/bike-trails/markham-park-2/
"
 What a blast ! Raining today but so much fun. All different levels and trails for everyone. Trails are marked well . ",STANL,"May 13, 2018",5.0,Unknown,https://www.singletracks.com/bike-trails/markham-park-2/
"
 The trails were well maintained and were so much fun! Markham park has something for everyone. From super technical climbs to super flowy trails and some really fun jumps. Markham park has some super easy trails for people just learning to ride, and some super difficult trails for experts trying to improve their skills. I had a great time and would definitly return if I didn't live in PA. ",Evonskiy,"March 31, 2018",5.0,Unknown,https://www.singletracks.com/bike-trails/markham-park-2/
"
 5 star FL trail. No Mts here dudes. This park, after Alafia and Santos is the best we got. ",JY99,"February 2, 2018",5.0,Unknown,https://www.singletracks.com/bike-trails/markham-park-2/
"
 I Just rode there on december 23, it was totally awesome! Area 51 was really friggin' perfect! ",Florida Shredder,"January 10, 2018",5.0,Unknown,https://www.singletracks.com/bike-trails/markham-park-2/
"
 Post Irma Cleanup the trails are 100% re-opened and riding fantastic. If anything some of the alterations forced by Irma have made certain areas even more fun and interesting to ride. Route 66 trail has just gotten a new boardwalk on its advanced section as well. ",Jan Smith,"January 9, 2018",0.0,Unknown,https://www.singletracks.com/bike-trails/markham-park-2/
"
 Fun trails to ride. I always have a blast here. Man made obstacles for downhill and technical rides. Watch out for armadillos! ",Shoeyjosh,"November 12, 2017",4.0,Unknown,https://www.singletracks.com/bike-trails/markham-park-2/
"
 Honestly I didn't think this was that challenging the first time I hit it I only thing I reccomend is to get towed through the trail and have them Call out the climbs and drops ",terence225,"October 23, 2017",5.0,Gun Range,https://www.singletracks.com/bike-trails/markham-park-2/
"
 Unfortunately, Markham had massive damage from hurricane Irma. Volunteer crews went in today, and will again tomorrow and are working very hard to clear it but in many places it is impossible to tell where the trail even was. Hopefully we can get it open soon, but a lot of work will have to be done. ",Jan Smith,"September 16, 2017",0.0,Unknown,https://www.singletracks.com/bike-trails/markham-park-2/
"
 I enjoyed the expert trains, there were just a couple of sections that were very risking for the nonexpert. ",Mike@MikeHolt.com,"July 18, 2017",4.0,Unknown,https://www.singletracks.com/bike-trails/markham-park-2/
"
 Hands down the best mountain biking trails in Florida. It may not be the most popular (like Santos) but definitely the best! Very technical but flows at times. It accommodates to all riders of different skills! Definitely check out the gun range trail in the back for Pro/Expert riders. ",Yeticraze,"July 7, 2017",5.0,Unknown,https://www.singletracks.com/bike-trails/markham-park-2/
"
 Great ride... Nice people ",knowPAINknowGAIN,"July 5, 2017",5.0,Unknown,https://www.singletracks.com/bike-trails/markham-park-2/
"
 First time out here today, so pumped on it. Fast sections, tech sections, jumps, birms, everything you want in mountain biking without the mountain since we're in Florida. Definitely check it out '????'???? ",Tattoosbytucker,"June 26, 2017",5.0,Unknown,https://www.singletracks.com/bike-trails/markham-park-2/
"
 Don't bother going now I'm a local and after a week of rain the trail is absolutely flooded and unridable ",hsbdsjdbdn,"June 7, 2017",5.0,Unknown,https://www.singletracks.com/bike-trails/markham-park-2/
"
 Great system of trails ",mingomtman,"February 10, 2017",5.0,Unknown,https://www.singletracks.com/bike-trails/markham-park-2/
"
 Great time. Double red diamonds weren't as challenging as I expected. ",ptwelve,"January 26, 2017",5.0,Unknown,https://www.singletracks.com/bike-trails/markham-park-2/
"
 My backyard park! Has a little something for everyone! Extremely technical sections and some really flowy sections. Lots of bailouts for indecision. Beginners should check out green and adaptive trails.   Pedal pedal pedal! ",sammrides39,"December 25, 2016",5.0,Unknown,https://www.singletracks.com/bike-trails/markham-park-2/
"
 Really great trail system! Easy to navigate. Good signage around the entrance and exits of each trail segment. There are segments of these trails for every level rider and the segments are generally pretty short, allowing for easy bail outs. Lots of manmade features & burms, a few good climbs, some great downhills, cool pump track & skills area, etc. First timers be very careful! The trails can get very technical and not all obstacles are in plain sight. Also some of the jumps don't look like jumps straight away so ride with caution. I would def recommend this trail system for the more advanced rider & I would like to go back soon! ",lalokita,"December 10, 2016",5.0,Unknown,https://www.singletracks.com/bike-trails/markham-park-2/
"
 This is a fun loop, which I do every time I go to Markham Park. It's hard to believe you can pack so much variety into such a small stretch, and that's exactly what the builders have done. In terms of difficulty you should definitely have some bike sills before attempting this one. There's NO space to stand off to the side or walk your bike, so you'll get run down if you can't hang. Do a few loops through here and you'll be exhausted. ",Seth's Bike Hacks,"October 17, 2016",5.0,Gun Range,https://www.singletracks.com/bike-trails/markham-park-2/
"
 Beginning trails to advanced, it all here. ",CHRISCRAFTMIKE,"September 8, 2016",5.0,Unknown,https://www.singletracks.com/bike-trails/markham-park-2/
"
 Markham Park has an excellent trail system with Novice, Intermediate, Expert and Pro level singletrack trails.   I am 52 year old that started riding Markham Park 3 times a week for the last 8 months.  I started out on Novice trails on a crap bike and have moved up to a decent bike and riding all expert trails.     I have seen the trails in all seasons and wet and dry.   
They have excellent maintenance with volunteer organization that appears to be very active and I hope to join them in the future in order to pay forward.  
The trails are not pristine groomed, nor would I want them to be.     There are fun sections with smooth bank turns, but other areas are roots, ruts and washouts that one would anticipate on a challenging trail system.   
The environment is woody forest with great shade.  The soil is packed sandy with lots of sharp coral rock.   Crashing has a definite risk of lacerations on the rock in some areas.  Just ride in control and wear protective gear.  Helmet is required to ride on trails.   
Can't say enough good things about the trail and the people that ride and volunteer here.  Great resource in Broward County. ",mingomtman,"July 28, 2016",5.0,Unknown,https://www.singletracks.com/bike-trails/markham-park-2/
"
 Was in town for the 4th of July weekend and rode the trails for the first time in 3 years. Before going in, I visited with a few friends and noticed more hard-tails than I used to see. I was a little intimidated because I hadn't ridden technical trails in a while. During my ride, I realized the trail is not as rugged as it used to be. It hasn't reduced the fun factor, but increased the speed. So I rode every inch of trail I could in the wet (raining) and felt like a hero. The next morning I rode it again. The only feature I didn't ride was the filter at the start of the gun range trail. I've had the great fortune of riding trails in the Carolinas, TX, AL, CO, UT, HI, & CA, and Markham makes the most of available terrain. Hats-off to you trail volunteers! If visiting from somewhere else, don't miss this one. ",Cucucachu,"July 4, 2016",5.0,Unknown,https://www.singletracks.com/bike-trails/markham-park-2/
"
 Awesome park with great flow and hard packed trails. The technical sections are all awesome. ",Sum Guy,"June 27, 2016",5.0,Unknown,https://www.singletracks.com/bike-trails/markham-park-2/
"
 I have been riding on and off for 25  years, a lot of that off, and jumped back in with my family about 2 years ago. Markham is our ""home trail,"" as we live nearby. Having now traveled to bike at some top spots in the southeast and throughout Florida I can offer this review.
Markham is packed into a County park in suburban Broward county, on the edge of the Everglades. With a population of several million in Broward alone, this place can get quite crowded, you have to plan around that. It is also not particularly long. 
But this place will offer you all you can handle. From beginner to advanced, it has something for you. My little crew of friendly riders noted it takes us as long to ride 4 miles at Markham as it does to ride far more other places, and that's because it challenges the hell out of you. A friend who has ridden all over North America says ""if you can ride Markham you can ride just about anything."" I tend to agree. There are so many roots, rocks, quick ups and quick downs that are very steep over 2-20' of elevation. 
Once you are riding everything at Markham you can handle most anything elsewhere. This is a great place to challenge yourself and build skills, and the riding community is generally very communal. Glad to have it in the back yard (figuratively speaking) and always love when they reverse the course for races! ",Jan Smith,"May 16, 2016",5.0,Unknown,https://www.singletracks.com/bike-trails/markham-park-2/
"
 Four of us took on Markham Park. Two adults, two kids 11 12. Kids are fairly advanced and have ridden all over North Carolina. We had an absolute blast! I was able to do advanced trails and then easily re-connect with them. Any trail that is not a loop and has options and connection trails will be tough to follow your first time, but will definitely be back next year. It is my belief that all trails should have a by-pass option for difficult sections. Keeps us all safer and helps novices not over-commit beyond there skill level. Markham Park does a great job with marking difficult sections. ",sneillnc,"March 24, 2016",5.0,Unknown,https://www.singletracks.com/bike-trails/markham-park-2/
"
 my favorite of the local parks... has everything from beginner trails to dirt jumps. I have actually put together a highlight video, so you know what to look forward to if you go to this awesome park. https://www.youtube.com/watch?v=pzTJLxfJalU ",MRP Action,"March 24, 2016",5.0,Unknown,https://www.singletracks.com/bike-trails/markham-park-2/
"
 Fun area to ride and nice use of features to enhance the ride. Been wanting to explore this for a while, keep up the good work TY ",trussmonkey666,"March 14, 2016",4.0,Unknown,https://www.singletracks.com/bike-trails/markham-park-2/
"
 Best trail in Florida.  There are a few loops you will want to do more than once.  BE WARNED THE NARROW WOODEN BRIDGES will get you flats. The wooden structures are falling apart in most areas. The jump ramps are ok, but the ones lined with shingles will get you a flat every time.  I love this park, but sadly it needs a lot of maintenance. Some of the trails are well marked, but some are not marked off at all. If you are not familiar, you will get confused what way you should go. The most fun area is the area not marked for flow in any way. It probably the one area that should be marked the best. ",Sum Guy,"February 27, 2016",5.0,Unknown,https://www.singletracks.com/bike-trails/markham-park-2/
"
 This trail has everything, for every level of experience, but don't waste your time reading my review, pack up and get your butt over there, you will not regret it Definitely one of the top three in Florida and top 10 in the South East ",DRWKN,"February 9, 2016",4.0,Unknown,https://www.singletracks.com/bike-trails/markham-park-2/
"
 Hands down the best overall trails in South Florida. There are a lot of intermediate and advanced trails here that mid-level and pro riders can shred on, but also a nice adaptive trail system for those that aren't as confident/skilled. One of the best features of this trail system is the community support. A small group of dedicated locals are continually working on the trails; not just maintenance, actual rebuilding and reshaping of trails and trail features. ",hecpara,"January 9, 2016",5.0,Unknown,https://www.singletracks.com/bike-trails/markham-park-2/
"
 Very fast and well done track. Lots of fun. Big drops, sweeps, roots, well shaded park. The volunteer are working almost everyday take care the track. ",mcantuaria23,"December 25, 2015",5.0,Unknown,https://www.singletracks.com/bike-trails/markham-park-2/
"
 Rode here for the first time during a Santa Cruz demo, so it was pretty awesome.  Tons of trail to ride, so a CC bike is recommended. ",Lando_Griffin,"November 19, 2015",5.0,Unknown,https://www.singletracks.com/bike-trails/markham-park-2/
"
 Coming from the Midwest ( mostly technical tight single track) I felt right at home on this gem. Riding under the canopy was magical. I was very impressed and surprised to find trails like these in South Fla. this is a MUST RIDE area! ",ro-bear,"November 15, 2015",5.0,Gun Range,https://www.singletracks.com/bike-trails/markham-park-2/
"
 Awsome park first time going and a beginner in doing mountain bike and it was awsome i recommend this park ",santos15,"November 12, 2015",5.0,Unknown,https://www.singletracks.com/bike-trails/markham-park-2/
"
 This is one of the best trails I've been on. It has trails clearly marked from novice to expert. Make sure to go to the park office first to sign a waiver and pay for a pass. Note, the trail is usually busy during the weekends. When I went there were at least 75 bicyclists there. It never felt crowded however. ",Will Santana,"October 11, 2015",5.0,Unknown,https://www.singletracks.com/bike-trails/markham-park-2/
"
 Awesome park has all levels of expertise ",birdbomber,"August 23, 2015",5.0,Gun Range,https://www.singletracks.com/bike-trails/markham-park-2/
"
 My favorite trails in south Florida. Volunteer run like most trails but these guys are organized and extremely dedicated. Most of the trails are under canopy which is awesome considering the heat down here. The trails are very well designed, marked and maintained. ",Lefty Frank,"August 11, 2015",5.0,Unknown,https://www.singletracks.com/bike-trails/markham-park-2/
"
 It is always a blast to ride on these trails. There are so many sections from easy to expert level but any experienced rider can get away with riding every trail the park has to offer. Many trails to choose from thats unique in their own way. Try them all! ",rmuniz17,"July 21, 2015",5.0,Unknown,https://www.singletracks.com/bike-trails/markham-park-2/
"
 The first time you ride here you are required to watch a safety video before you receive your admission. Never had to do that before. I had a great time and there was a good mixture of smooth/gnarly, I skipped the double black stuff. These trails are well maintained and get a lot of use, I had a great time and have been impressed with FLA trails. ",scube54,"June 17, 2015",4.0,Unknown,https://www.singletracks.com/bike-trails/markham-park-2/
"
 Great place. Very easy access.  Good user fee.  My only problem was that some of the interior trails and a few of the exterior were not well marked.  Although that may be adequate for riders familiar with the park it is a bit dangerous. A couple of times we found ourselves with no where to go but on advanced trails where a green or blue abruptly ended.  This could just be us as it was our first time there, but it seemed odd.  These should not end at a black as turning around is a no no.  They should loop back.  Overall nice facility.  One of the best in my area.  Clean.  Friendly bikers. ",jasonziter,"May 24, 2015",4.0,Unknown,https://www.singletracks.com/bike-trails/markham-park-2/
"
 I ride at Markham 2 to 3 x's a week.   Gun Range prepared me for my 1st visit to Alafia.   I was able to do most of Alafia (Gatorback / Moonscape) because of the practice at Gun Range.  
Gun Range has roots, drop offs, tight spots, ledges, rather tough climbs and is a true Black Diamond.  Amelia and Quiet Waters are not up to par with Gun Range or Markham in general (However, good enough parks to visit if you live in South Florida).  Gun Range is more difficult than Roller Coaster at Alafia...that's for sure. ",batato,"March 25, 2015",5.0,Gun Range,https://www.singletracks.com/bike-trails/markham-park-2/
"
 Great trail on the edge of the everglades. Flows well, very fun technical sections and the trails are maintained well. ",JWorld127,"February 16, 2015",5.0,Unknown,https://www.singletracks.com/bike-trails/markham-park-2/
"
 One of the best parks in South Florida.Fast ,technical,plenty of option for all strengths . ",projktnine,"December 28, 2014",5.0,Unknown,https://www.singletracks.com/bike-trails/markham-park-2/
"
 this is one of the best trails ive ever ridden on ",,"December 13, 2014",5.0,Unknown,https://www.singletracks.com/bike-trails/markham-park-2/
"
 Went for the first time last week and it was pretty awesome! Lots of speed and cool bridges.  The only trail that gave me issues was gun range, that trail was tough! I also thought it was a little too rough. Too many roots and rocks.  Lastly, I wanted to do the jump section there but couldn't find it! it's either hidden from non-locals or they shut it down.There was only one decent jump in the whole park. ",cvano003,"November 15, 2014",4.0,Unknown,https://www.singletracks.com/bike-trails/markham-park-2/
"
 Volunteer operated trail.
Great job by the way!
The intermediate and expert trails consist of roots, rocks, climbs descents, and for me the highlight was that long twisty bridge.
You will be challenged, and you will have fun.
Hats off to all volunteers, I will surely return!
Eric M ",dranilome,"August 16, 2014",5.0,Unknown,https://www.singletracks.com/bike-trails/markham-park-2/
"
 As everyone says, great trail system for SoFla. The trails are incredibly well maintained and within a park that can keep all kinds of people entertained (road biking, grilling, dog parks, gun range, etc).  However, if you live in North Florida and are deciding whether to drive into North GA or down to Markham, I recommend heading to the mountains, as these trails aren't too different from Santos or Alafia. Still, they are super awesome, but not very different from what Santos or Alafia have to offer, in terms of technicality and wooden features. Don't take this as a negative review, just not worth driving 5 hours south from N FL, when you could drive 5 hours north. ",gatorbait320,"July 3, 2014",4.0,Unknown,https://www.singletracks.com/bike-trails/markham-park-2/
"
 Pure fun. The best spot to hit. enough obstacles for you to enjoy. This is the place to be in S. Florida ",CyberBomb,"May 27, 2014",5.0,Unknown,https://www.singletracks.com/bike-trails/markham-park-2/
"
 top notch for South Florida. 12 miles give or take & the toughest to conquer. a must ride! Expert/Advanced = Happy rider
:D ",pico26,"May 27, 2014",5.0,Unknown,https://www.singletracks.com/bike-trails/markham-park-2/
"
 Looking forward to riding here again, this weekend or next week. I miss it there! It's been a few years cuz I live in CT. I'm visiting from 3/29 to 4/4 and hope to ride Oleta and Amelia Erhard. Any suggestions on where to rent a bike? Anyone riding here next week? It's always great to ride with the locals! ",fstrazar,"March 26, 2014",0.0,Unknown,https://www.singletracks.com/bike-trails/markham-park-2/
"
 great trail for Florida, I rode and raced there in the 90s, would love to try it again ",JBX,"February 17, 2014",4.0,Unknown,https://www.singletracks.com/bike-trails/markham-park-2/
"
 Great system that's well maintained. Includes a small pump track and warm up loops. Has a freeride section with huge drops and a big wall ride. It's a bike only trail so you won't run into hikers or dogs. Best trail in south Florida, technical and rocky. Easily get flats though, so bring extra tubes. Also has a bike wash station and plenty of parking. But it's $1 on weekends and holidays. ",~Mountain Bike Addict~,"February 2, 2014",5.0,Unknown,https://www.singletracks.com/bike-trails/markham-park-2/
"
 great trails super fun, trails are clean and well take care. you will love this park i give top rating in my list. ",pototo,"January 13, 2014",5.0,Unknown,https://www.singletracks.com/bike-trails/markham-park-2/
"
 Best trail system in South Florida ",Calebmmallory,"January 5, 2014",4.0,Unknown,https://www.singletracks.com/bike-trails/markham-park-2/
"
 Great trail system for Florida and arguably the best in South Florida. Ridden every trail a dozen times over exce ",Calebmmallory,"January 5, 2014",5.0,Unknown,https://www.singletracks.com/bike-trails/markham-park-2/
"
 Best park in South Florida!!! Trails are challenging and technical. Good amount of climbs and descents. If you can clean this park you can ride just about anything. ",darb,"December 12, 2013",5.0,Unknown,https://www.singletracks.com/bike-trails/markham-park-2/
"
 Great local trail system. Has everything from intermediate to advanced trails. The trail maintenance volunteers keep adding new features which makes it fun to keep coming back to see what they have done. Don`t miss these trails if your visiting South Florida. The best around. ",Steelman,"November 25, 2013",5.0,Unknown,https://www.singletracks.com/bike-trails/markham-park-2/
"
 This is my go to trail system when I am visiting my parents down south. The park itself is beautiful with tons of stuff to do. The trails at this park though are what makes it. You have everything from beginner loops to double black and everything in between. You gotta look out though because like others have mentioned the marking system is a little hard to follow and you could get switched up real easily. Great drops, nice size jumps, and some quick berms make this a great place to spend a couple hours and put yourself to the test. ",bmxbum76,"July 29, 2013",5.0,Unknown,https://www.singletracks.com/bike-trails/markham-park-2/
"
 A great range on single track from beginner to pro-don't try it. From the warm up trail to Gun Range it's got everything from fast down hills to technical rocks and switchbacks. Climbs will smoke you and overall it is a great track. There are periods of time that the South Florida weather with up-pace maintenance, but the crew is all volunteer. unfortunately the park fee and course fee goes to the County fund and not specific to the track repairs. anyone that wants to ride, this is my home track and be more than happy to log the miles with you. ",lawmanfl,"July 21, 2013",5.0,Unknown,https://www.singletracks.com/bike-trails/markham-park-2/
"
 Markham park located in Broward, Florida has always provided a very technical trail to Floridians. Though in the past years it has been smoothed out and manicured it has not lost its essence. Some of the additions such as the berms have added a nice flow. Expect to find everything here. ",Floridamtbtrider,"July 9, 2013",5.0,Unknown,https://www.singletracks.com/bike-trails/markham-park-2/
"
 I went to markham today didn't like the trails the signage on the trails are bad  the trails upkeep was terrible  the trails need major up keep not worth the 5.50 they charge daily to ride. ",,"June 24, 2013",3.0,Unknown,https://www.singletracks.com/bike-trails/markham-park-2/
"
 If u like rough trails then this is the park for u .not recommeded for beginners .be padded up to avoid injury. If u love challenge riding then this park has your name on it .want to test your riding skills then come to markham.be safe and ride safe. ",,"May 22, 2013",4.0,Unknown,https://www.singletracks.com/bike-trails/markham-park-2/
"
 Great park, trails for every skill level and always evolving!! ",,"March 30, 2013",5.0,Unknown,https://www.singletracks.com/bike-trails/markham-park-2/
"
 I,m glad I finally came here.  I just moved from Georgia and Blankets Creek was my home trail.  Markham Park put a smile on my face.  Awesome bridgework and this trail has been recently groomed.  It has nice banked curves and some good rock gardens. This will be a regular ride for me. ",Terrier,"March 5, 2013",5.0,Unknown,https://www.singletracks.com/bike-trails/markham-park-2/
"
 Today for first time I met this park after having heard many comments. At first I was very careful and was not enjoying the ride, but then I relaxed and really the result was a very good bike ride. The park has all sorts of obstacles and difficulties, many ups and downs, roots and rocks. Definitely one of the best parks I have ridden so far ",juanmb30,"January 6, 2013",5.0,Unknown,https://www.singletracks.com/bike-trails/markham-park-2/
"
 This park is super technical and definitely the hardest park in south florida. Alligator alley is an awesome trail and the shooting range is super advanced.  I highly recommend this park for intermediate  to advanced riders. also the pump track is sweet. ",pbike-boy,"November 4, 2012",5.0,Unknown,https://www.singletracks.com/bike-trails/markham-park-2/
"
 Great series of trails good for intermediate to advanced riders. Not really friendly to beginners. My fiance is a new rider and struggles there. Awesome free-ride area only second to santos in ocala.  The trail maintenance crews work hard on all the trails and recently have been putting time into the free-ride area as well which is great.  Good trail head with bike wash area that could use some work/expansion. Great newly renovated pump track at the trail head that last for a little until people who dont understand the concept of a pump track get on it and run it down with their brakes. Nothing really compares in S. Fl if your an aggressive rider. ",mindthegap,"October 30, 2012",5.0,Unknown,https://www.singletracks.com/bike-trails/markham-park-2/
"
 The best in Florida. The trail diversity is great. Some really hard trails and easy ones for fun. Great place to spend a day riding with the friends. Seeing rc planes fly over you is awesome. Once your done riding you an go watch the planes. ",,"August 28, 2012",5.0,Unknown,https://www.singletracks.com/bike-trails/markham-park-2/
"
 The new Iguana Ridge Trail is short and has a nice drop. Lots of lose rocks throughout, and wash outs are easy here. Coral rock hurts and make boo-boos!! The heat makes this trail system and others in South Florida challenging.  ",Jbrunetti,"July 25, 2012",4.0,Unknown,https://www.singletracks.com/bike-trails/markham-park-2/
"
 The best(in south florida). Has trails for newbies and advanced riders. Also has a freeride section in the back. MUST check it out!* Review edited 6/11/2012 ",sebastien,"June 11, 2012",5.0,Unknown,https://www.singletracks.com/bike-trails/markham-park-2/
"
 Very nice park.  Has quite a few fun elevation changes with steep drops and climbs with and without roots.  This park is geared a little towards intermediate and advanced riders.  Probably the most advanced trail system in South Florida. ",MysticKJ,"April 18, 2012",4.0,Unknown,https://www.singletracks.com/bike-trails/markham-park-2/
"
 This trail was just great. You could choose from different trails ranging from coasting doubletrack to some very technical or fast singletrack. Be careful if you go in the rain because the trail makes more of a muck rather than mud and you slip around A LOT. Very highly recommended trail and the best one I've ridden so far (well excluding Santos). If you've ridden Santos, the trail setup is pretty similar.
-------------
Edited July 1st 2012
-------------
I went back for round two after a crash left me less than satisfied. The new Iguana Ridge trail is awesome! Route 66 was closed however ;( Some of the trail setups or direction were changed but the Volunteers are doing a fantastic job! I'll be joining you guys next month. I highly recomend it because it has some elevation change in it as it was built on the old fill from the lakes around it. Moderate to high shade but the heat still kicked my butt. Bring lots of water and maybe apply some bug repellent. I got lots of mosquitoes on alligator alley but everywhere else was fine. * Review edited 7/1/2012* Review edited 7/1/2012 ",reedfe,"March 22, 2012",5.0,Unknown,https://www.singletracks.com/bike-trails/markham-park-2/
"
 Great,fun trail, intermediate, black diamond, are all fun and not to hard. Lots of drops and bridges.  ",flavORich,"March 17, 2012",4.0,Unknown,https://www.singletracks.com/bike-trails/markham-park-2/
"
 Great track, especially for south florida. Plenty of trails to keep from getting bored. Some climbs, nice quick decents, technical sections. Plenty of bridges, and most importantly shade. Highly recommended trail. ",sean_toffey,"January 23, 2012",5.0,Unknown,https://www.singletracks.com/bike-trails/markham-park-2/
"
 Great trails ",,"January 21, 2012",5.0,Unknown,https://www.singletracks.com/bike-trails/markham-park-2/
"
 Rode 26 miles there today and the trails are in best shape I have ever seen ! Can't wait to go back and ride again...* Review edited 12/19/2011 ",dingdangit,"December 18, 2011",4.0,Unknown,https://www.singletracks.com/bike-trails/markham-park-2/
"
 Hardest park in SF. love it! ",thumper07,"December 6, 2011",4.0,Unknown,https://www.singletracks.com/bike-trails/markham-park-2/
"
 Rode this 2 weeks ago before the race. Wet, but well maintained. LOTS of fun. Classic Florida scrub preserve with manmade features, techy drops, and quick turns. A great ride. FYI...you need to go to the office to get a pass and sign a waiver before you ride (15 minutes..bummer). ",Michael Paul,"November 16, 2011",4.0,Unknown,https://www.singletracks.com/bike-trails/markham-park-2/
"
 This is my back yard. Very well done. I ride here weekly. well maintained. Only problem is the rain. I recommend to everybody that loved jumping ramps. ",carlitosway,"October 31, 2011",5.0,Unknown,https://www.singletracks.com/bike-trails/markham-park-2/
"
 My personal favorite trail in south florida. the most challenging, steep, technical terrain, but the dirt sucks after rain. compared to the other parks down here at least. i will recommend, however, stick to a full suspension 26er if you want to enjoy the trails from start to finish. some sections lean toward aggressive trailing than cross-country. if you decide to run an xc bike though, use a shorter stem than your used to! * Review edited 9/19/2011* Review edited 9/19/2011 ",LowkeyOne,"September 20, 2011",4.0,Unknown,https://www.singletracks.com/bike-trails/markham-park-2/
"
 Awesome! Riding at 97F in the trails, 100F in the open areas and 107F at the parking lot, the Sunshine State at its best in summer time. Worth the trip, intermediate trails look like advanced to me and advance trails are incredible. Double red diamonds are to much for 40 yr. olds and there are plenty of those. If you are coming to Florida, bring your bike and ride Markham! ",darioponce,"July 31, 2011",5.0,Unknown,https://www.singletracks.com/bike-trails/markham-park-2/
"
 Wow! '29erRider' must've BIFFED a few times while not paying attention?!?!  Markham is no more ""dangerous"" than Santos or Alifia or Oleta. It has a wide range of trail difficulty, and I think can be fun for just about any skill level. The Gun Range trail needs to be avoided if you cannot control your bike, that is for sure. But JetSki and Route66 and Outback and Redback and Lost Ring and others are just a LOT OF FUN if you have some skills.  ",G8rbiker,"July 23, 2011",5.0,Unknown,https://www.singletracks.com/bike-trails/markham-park-2/
"
 This is a great park that offers trails for every level. Contrary to a comment about ""no-maintenance"", this park get's monthly volunteers who are constantly maintaining and building new trail features. Signs are large and indicate level of difficulty and therefore they are only dangerous when a rider ignores them and forgets common sense practices. ",roloenweston,"June 30, 2011",5.0,Unknown,https://www.singletracks.com/bike-trails/markham-park-2/
"
 Markham isn't very dangerous. There's a bunch of intermediate and beginner trails. The expert and pro trails a really fun and a good challenge. It's only dangerous if you do stupid things out there. ",pat329,"June 22, 2011",5.0,Unknown,https://www.singletracks.com/bike-trails/markham-park-2/
"
 Markham is a dangerous trail. Do not bring any beginners or kids to this trail. Massive erosion that needs filling, boards sticking up in many places, large sharp rocks that stick out because of erosion everywhere. This could be a great trail, but the maintanence is poor. The overgrowth from the weeds is in your face in too many places. I saw bike patrol people, but I don't think there's a maintanence group that takes care of trails there. Climbs and drops are way too steep to survive Florida rains, and it shows! Get an IMBA handbook on trail-building, this place has potential! Some sections are still very fun, but a few bad spots really mess up the experience. ",29erRider,"April 8, 2011",2.0,Unknown,https://www.singletracks.com/bike-trails/markham-park-2/
"
 Fun, fun FUN! Went out and rode this twice the other day because it's an absolute blast. Went with my girlfriend, so we stuck to primarily the intermediate trails, with one or two black diamonds in there for good measure. Some sweet features like bridges and log jumps made it fun as heck. Trails flowed very nicely, and you could really open it up if you wanted to. Since this was my first time here, they had me watch a mandatory ""safety briefing"", which was a little comical, but it gave you a good idea of what kinds of trails and challenges were out there before you headed out. Bike wash, shade trees, picnic benches...I could have stayed there all weekend long. ",rich67,"April 5, 2011",4.0,Unknown,https://www.singletracks.com/bike-trails/markham-park-2/
"
 Great trail for Florida, I ride it every weekday morning and some weekends love it. theres a new jump mid trail I think on Lost ring trail  which is fun. oh and grumpy I know for a fact that many people that ride there have been to other states its Florida dude and its super fun for a place with no mountains. ",conradtrekex5,"January 26, 2011",5.0,Unknown,https://www.singletracks.com/bike-trails/markham-park-2/
"
 Great trail, finally got to ride markham, i underestimated this trail, hard n extremely hard, but great work out, very technical, n u can over pass things you can't ride, it has eveything for everyone, very clean, i saw two bike patrols riding making sure everyone was ok, great park and awesome mtb trail, oh first riders need to register in the front desk n they make u watch a stupid but informal video (wack) ",Exiztenz21,"January 24, 2011",5.0,Unknown,https://www.singletracks.com/bike-trails/markham-park-2/
"
 This by far is one of the best trails in South FLA.  If you fall your DONE, but a fun & techinal trail to ride.  ",Jamispro,"January 12, 2011",5.0,Unknown,https://www.singletracks.com/bike-trails/markham-park-2/
"
 This is a great trail network in South Florida. I visited the area on business from cenral PA; none of the 500-800 ft accents I am accustomed too but technically a fun ride. I rode my 26"" ridged single speed on all the trails except for the most severe freestyle drops. My girl friend rode a $50.00 POS  we picked up on craiglist which survived  the double diamond trails. (I think it is an old Mongoose, the red spray paint covered the true identity) Otherwise, a testiment to her riding skills and a ridiculously heavy old school frame and steel rims...
I am looking forward to more weekends at this park while I am in South Florida.* Review edited 1/10/2011 ",mpstarr,"January 11, 2011",4.0,Unknown,https://www.singletracks.com/bike-trails/markham-park-2/
"
 Holy crap - I'd always heard about Markham and I just didn't know how serious it is:  I now understand.  Rode Markham on Saturday with my brother in law and had a blast.  Actually came out with some war wounds from tackling a tree due to a poor exit from a hill on my 1st trail of the day.  I can't wait to go back! ",ktmillerfla,"January 10, 2011",5.0,Unknown,https://www.singletracks.com/bike-trails/markham-park-2/
"
 Best trail in South Florida, hands down! Check out this vid that a friend and I made just recently!
http://www.youtube.com/watch?v=wPEF72qT29g ",Nkevin90,"December 18, 2010",5.0,Unknown,https://www.singletracks.com/bike-trails/markham-park-2/
"
 great trail good up & down, expert level stuff,  ",mfattah,"December 4, 2010",5.0,Unknown,https://www.singletracks.com/bike-trails/markham-park-2/
"
 Hey Grumpy!Go back to those other trails you love so much please. I am from North West Georgia and yes I have also ridden other trails that might be ""better"" But for South Florida this Trail is as good as it gets and I would bet you that this trail is better mantained the the others you speak of and you will not find a better group of people than you meet on these trails. Love this place and proud of it!* Review edited 11/28/2010 ",dustyg314,"November 28, 2010",5.0,Unknown,https://www.singletracks.com/bike-trails/markham-park-2/
"
 Sorry Grummpy - its the best we have down here.  I like the trail Route 66 - length wise its a decent run and a good workout.    Overall the park is a good ride.   One complaint - I do not like wooden bridges - wooden cross walks - logs .. etc. Its just me,  Rain - Wet wood - Wet Tires.  So I avoid those trails for the most part. Again that's just me.  I very much enjoy this park and look forward to my at least once a week ride there.  Road trip next month - I will take your advice and try Santos next month.  In the mean time, thanks to all of the people who make Markham happen  - its all volunteer work - thanks,  Suggestion for improvement, more longer and harder intermediate trails.       ",petert,"August 24, 2010",4.0,Unknown,https://www.singletracks.com/bike-trails/markham-park-2/
"
 To rank this trail at the same level as the great trails in the USA is insulting to those places.  I'm assuming that all of the reviewers are locals that have never been out of South Florida. The thought that this trail is at the level of Tsali, Dupont Forest or Moab is absurd. This trail isn't anywhere close to that class.  In fact it's not even in the top Florida trails.  Santos makes this place look like romper room, San Felesco has 40+ miles of trails and Tom Brown park in addition to having some great technical features also has some nice hills and scenery. Markham Park is a very small park, with very limited trails, a total elevation gain of about 5 feet built in mosquito infested swampland. I feel bad for the riders in S. Fla if this represents the best they have. ",Grumpy_Cyclist,"July 19, 2010",1.0,Unknown,https://www.singletracks.com/bike-trails/markham-park-2/
"
 It has been almost a year, but I really enjoyed this ride. I was one of the few girls out there. It is pretty advanced but you can choose the lesser of two evils usually. BRING BUG SPRAY!!! I got a flat at the very end and had to walk back. Nice facility with a bike wash station. Great Ride!!! ",sun79rise,"July 3, 2010",4.0,Unknown,https://www.singletracks.com/bike-trails/markham-park-2/
"
 Great trail, getting better with time. It's hard to be a mountain biker when you live in South Florida but the group of good people (club mud) who take care of this trail make up for it with unbelievable bridges, drops and short climbs that they hand build! You guys rock! Unlike what is written in the title the single trail is less than 8 miles but these are all sweet.* Review edited 12/31/2009* Review edited 12/31/2009 ",nir4040,"December 31, 2009",5.0,Unknown,https://www.singletracks.com/bike-trails/markham-park-2/
"
 As always, an excellent trail system.  8.5 miles of great singletrack.  Very nice technical sections (short but difficult climbs and downhills, bridges, skinnies, rock gardens, etc.).
Now even better:  The Outback trail has two new sections.  There's a new novice trail at the west side. They're also building a new pump track.  The freeride area is great.  There's something for everyone.  Best in South Florida. ",foxrider71,"December 15, 2009",5.0,Unknown,https://www.singletracks.com/bike-trails/markham-park-2/
"
 This is a Florida trail, but fairly technical with excessive rocks and short steep climbs and drops. I love an All Mountain bike on this trail. Fairly good trail, rocky, tight, short steep climbs and drops. Its my home turf so I give it a little boost on the star rating. =) Remember this is South Florida.* Review edited 7/25/2010 ",GoKite5,"November 25, 2009",4.0,Unknown,https://www.singletracks.com/bike-trails/markham-park-2/
"
 Funn trail to look forward to on the weekends.* Review edited 11/11/2009 ",rmuniz17,"November 12, 2009",5.0,Unknown,https://www.singletracks.com/bike-trails/markham-park-2/
"
 All you need to know; this park has the legandary "" DNA Bridge"" awesome park.. it has so many downhills... that you cant go wrong, just becarful with the lakes...  ",pbuitron,"November 1, 2009",5.0,Unknown,https://www.singletracks.com/bike-trails/markham-park-2/
"
 fun trail, not as long as I thought. Ask Lee Bagget or Hughass. definatly one of the better trails on the florida east coast, fortpierce has similar smoother dips and trails which I thinks are longer but less well marked ... Markham Has some very sketchy rocky downhill sections, one mismanaged bump could cause you some pain ",rschaff1971,"September 7, 2009",3.0,Unknown,https://www.singletracks.com/bike-trails/markham-park-2/
"
 I have ridden the beginners trails because at 49 I am a little cautious, but plan on advancing to intermediate as I feel more and more comfortable. I am actually thinking of moving to an apt. close to the park so I can ride more often. I love it!! ",Lidiacunha,"July 28, 2009",5.0,Unknown,https://www.singletracks.com/bike-trails/markham-park-2/
"
 This is my 1st time at Markham park. I have ridden trails and gone off road biking when i was a kid all thru my teenage years but back when it was mostly BMX style bikes. And for the past 4 or 5 years i have been just riding a hybrid Raleigh SC 30for exercise .A friend of mine has been bugging the c*** out of me to get a mountain bike and start riding at the few parks with him and today was my 1st time and i must say i am ""HOOKED"" and cant wait to go back. Even if it was pouring i had an awesome time. This trail is a bit tougher than the others around i heard but i said screw it and i did about half of the park. I just couldnt go anymore. Its definately not easy. But i definately will be back soon. I ate the dirt a few times and also the bushes but it was all well worth it.* Review edited 7/19/2009* Review edited 7/19/2009 ",Biohazard74,"July 20, 2009",5.0,Unknown,https://www.singletracks.com/bike-trails/markham-park-2/
"
 The ride at Markham today was very sweet. It was raining today and a fun experience. It was a good feeling while riding.  ",ositoking,"May 24, 2009",5.0,Unknown,https://www.singletracks.com/bike-trails/markham-park-2/
"
 This is the gold standard for South Florida and maybe the state. Come here to see what right looks like. There is something for everyone. ",Floridadan,"April 22, 2009",5.0,Unknown,https://www.singletracks.com/bike-trails/markham-park-2/
"
 Markham Park and Oleta are both great trails, although you will likely enjoy Markham much more. The trails flow into each other so your ride never seems to come to an abrupt ending like Oleta. And since the trails are marked so well, anyone from a beginner to the most advanced can enjoy themselves. Some of the drops on the more technical sections are a little much, however the more you try them the better you'll get. But again, there are so many signs redirecting bikers to the more novice section of any given trail, that even most beginners can manage a majority of the way. I moved from upstate NY to FL a few years ago and never thought I would be so lucky to find anything quite like what Markham Park offers. Some trails make you feel like you're riding under a jungle canopy, others like you've reached the summit of a mountain, and yet others have you balancing on the most narrow of bridges. If you are looking for a challenging roller coaster of a ride then Markham Park will not disappoint. So when you go don't forget your helmet, not just because it's required, but because you'll probably end up really needing it. ",Sawyer,"February 10, 2009",5.0,Unknown,https://www.singletracks.com/bike-trails/markham-park-2/
"
 Markham is great, not for the faint-hearted. It's the toughest trail in South Florida. I can't number the times I've ridden up on someone who is straddling their bike nervously contemplating an obstacle. It's a lot of up & down technical so you have to work to enjoy. I've taken some major spills that have given me cuts and bruises to show-off to my girlfriend (not that she's really impressed with such things but HEY! big crashes deserve some recognition!!). No broken bones so far!!!* Review edited 1/8/2009 ",billtimmy,"January 8, 2009",5.0,Unknown,https://www.singletracks.com/bike-trails/markham-park-2/
"
 We rode today and the trail is in great shape. The trails for advanced riders are excellent. There are a couple of new bridges.  There is a new park rule. You need an ID card to ride. You have to go to the park office to get one. Its free. You also have to sign a safety waver and watch a 5 minute video about safety. ",ositoking,"October 27, 2008",5.0,Unknown,https://www.singletracks.com/bike-trails/markham-park-2/
"
 This trail is awesome.  It's well laid out, fast, and the technical areas are top notch.  I had a blast riding it, and getting with your buddies afterwards and blasting each other on your falls and mistakes is almost as much fun as riding it.  I recommend this park to everyone, beginner and veteran.   ",silvergoat66,"October 9, 2008",5.0,Unknown,https://www.singletracks.com/bike-trails/markham-park-2/
"
 Best trail in South Florida! While many trails in this region are plaqued by soft sand and flat terrain, Markham Park stands out among the rest. It offers advanced riders much to do in an area that offers little. There are rough climbs, decent drops, and even a freeride section. The trails are very well labeled and well kept. ",jester450,"October 8, 2008",4.0,Unknown,https://www.singletracks.com/bike-trails/markham-park-2/
"
 I love Markham Park!  This trail is excellent for the advanced rider with many climbs, drops, and bridges.  Even a small Jump area has just been added.  Definitely the most fun trail system in South Florida.  This trail is not as good for the begining riders as most of the trails seem to be expert and intermediate.  * Review edited 9/27/2008 ",wheelieboy,"July 16, 2008",5.0,Unknown,https://www.singletracks.com/bike-trails/markham-park-2/
"
 I LOVE this place. Well worth my 2 hour drive. Today was my 2nd visit and I don't see how anyone could ever get tired of riding here. Your skills will improve with time spent at Markham, no doubt.
Trails are well marked, but I would suggest stopping at the park office to grab a trail map ahead of time. The map is a big help in finding the beginning of trails. (All trails are one way) ",DieselMike,"April 19, 2008",5.0,Unknown,https://www.singletracks.com/bike-trails/markham-park-2/
"
 Markham is the greatest park in South Florida. One of the top ten in the state. They have many trails to choose from, for all level riders. Excellent advanced sections(mostly for cross-country riders).  ",ositoking,"March 31, 2008",5.0,Unknown,https://www.singletracks.com/bike-trails/markham-park-2/
"
 the best !!!makes me want to move in  a cross the street ..* Review edited 3/23/2008 ",o.galban,"March 21, 2008",5.0,Unknown,https://www.singletracks.com/bike-trails/markham-park-2/
"
 I just started riding for two weeks.  Awesome trail, always friendly people, even on the advanced stuff. Because of this trail my hardtail will be replaced soon by a full suspension lol...it is TOO fun, i hit this place up about 2x a week, say HI to asian guy with black cannondale f5 if u see me..lol  ",pqow92,"December 16, 2007",5.0,Unknown,https://www.singletracks.com/bike-trails/markham-park-2/
"
 Awesome park for the advanced rider. Great drops, and very well maintained. New trail has opened but i was told that it was ridiculously muddy and to wait a bit. If you are advanced, you will love Markham. For beginner to Intermediate try Oleta. STAY AWAY FROM AMELIA! ",Jcd75,"October 4, 2007",5.0,Unknown,https://www.singletracks.com/bike-trails/markham-park-2/
"
 I found out this weekend that they opened up the expert sections in the ""Outback"" trail that was closed off before.  Next time I go, hopefully they'll have a new map of the new and expanded trails. ",danno346,"October 1, 2007",5.0,Unknown,https://www.singletracks.com/bike-trails/markham-park-2/
"
 They just added a new trail to Markham.  I talked to one of the other riders out there and he said it just opened this past week.  ""Route 66"" is about 1 1/2 - 2 miles long and it reminded me of some of the trails at Oleta.  But word for the wise.  Dont ride it after heavy rains, unless you like mudding.  Most of the trail was just mud and at a few places my pedals were underwater.  It was good fun and a good workout, but if you're not looking to ride in the mud; wait until winter for this trail. ",danno346,"September 24, 2007",5.0,Unknown,https://www.singletracks.com/bike-trails/markham-park-2/
"
 Trail has many levels and my whole family finds it challenging. I ride the expert trails and my kids ride the intermediate. You will really need to have good equipment because the cheap stuff tends to break on this trail. Two of my friends found out the hard way that having the right stuff makes a difference (frame issues). ",krismurphy01,"August 8, 2007",5.0,Unknown,https://www.singletracks.com/bike-trails/markham-park-2/
"
 1st time today. awesome trail! but extremely technical. not for the faint of heart. almost too hard for me in some  of the expert sections....but after a few more times i'll get it. ",tatroxell1,"June 13, 2007",4.0,Unknown,https://www.singletracks.com/bike-trails/markham-park-2/
"
 Fun single track.  I rode this in March 2007.  It was hot.  Bring lots of water.  I would recommend riding in the morning or evening.   ",Allen_,"April 16, 2007",4.0,Unknown,https://www.singletracks.com/bike-trails/markham-park-2/
"
 Rode here last week and just now got a chance to write the review.  The trails seem to be getting sandy, but I think that's because it's been so dry down here lately.  Other than that it's still a good place to ride.  It's a good trail to ride on the weekend or after work. ",danno346,"April 4, 2007",4.0,Unknown,https://www.singletracks.com/bike-trails/markham-park-2/
"
 DUDE !!!!! this park is intense.  I would say the toughest in Florida so far.  I almost got killed on this Drop on ""Gun   Range!""  I highly recommend following a group so you can get a feel for the drops, because these will hurt you.  I fell off my bike a few times and I am a pretty good rider.   My only complaint is the park is very compact.  I mean you pretty much go from one trail immediately to the other with no time to recover unless you take a break.  All in all
a great park     ",Major813,"February 20, 2007",5.0,Unknown,https://www.singletracks.com/bike-trails/markham-park-2/
"
 Rode this afternoon, it took us a while to get into the park because they are having a country music fest there this weekend.  The trails are still open, but you have to go around the back to get to them.  And the front gate to the trails is closed so you don't have access to the bike wash and map fpr the trails.  But after the 11th it should be back to normal.  The trails really benefitted from the coconut cup series.  They cleaned most of them up and I think they even opened up some that have been closed the last few times I've been there.  I just hit the ""alligator alley"" trail for the first time and that one was good to go.  It branches off from the ""crime scene"" and has a few steep climbs and a whole lot of bridge drops.  So if you like those definitely hit that trail up.* Review edited 2/10/2007 ",danno346,"February 11, 2007",4.0,Unknown,https://www.singletracks.com/bike-trails/markham-park-2/
"
 just keeps gettting better and better. they just recently fixed up large sections of the single tracks. Ridden in about 8 parks in three states. And it's bar none the best. This place get's surprisingly packed after work ",randy_schneider,"February 1, 2007",5.0,Unknown,https://www.singletracks.com/bike-trails/markham-park-2/
"
 Awesome trails, a place where you can practice differents techniques for all drops and climb. The 10 miles of trails are very impresive. ",Miguel_Leyva,"January 29, 2007",5.0,Unknown,https://www.singletracks.com/bike-trails/markham-park-2/
"
 after riding the trails here 5 or 6 times this past month I've enjoyed it more and more. I still say when you see guys that have been riding forever having to hike a bike that some trails a quite undoable except for the elite experts. But that's fine just a little more excersise. brings your game the day that you go to Markham there are some burners on that trail. large groups of them. mkae sure to go to the shoulder if there's a better rider than you. Markham has now surpassed oletta as my favorite in the the area. ",randy_schneider,"January 18, 2007",5.0,Unknown,https://www.singletracks.com/bike-trails/markham-park-2/
"
 grew up on these trails and now in georgia and yet to find a course as challenging. everything it throws at you is 100% doable without walking up steep climbs you just have to be an expert to do the expert trails.  ",mt._reaper,"January 17, 2007",5.0,Unknown,https://www.singletracks.com/bike-trails/markham-park-2/
"
 Don't want to sound like a panzy, but just not rideable in some parts. Very technical and it's great to have a park in south florida so can't complain too much. ",randy_schneider,"December 13, 2006",3.0,Unknown,https://www.singletracks.com/bike-trails/markham-park-2/
"
 I have a question im takin a trip to fla from ohio this december and i have a question? could sombody help? i just started mountain biking and all these parks oleta, markham, quiet, amelia look extemely fun but are these pics of the advanced trails cause im lookin to ride a easy but fun with jumps and drop off hills with roots, and ladder bridges that arnt to high up do all these parks have that i put a 10 cause it looks sweet ",ass_minch,"November 29, 2006",0.0,Unknown,https://www.singletracks.com/bike-trails/markham-park-2/
"
 Well, my first time there was today. I found the intermediate trails to actually be more advanced! It was a fun spot, howevefr, here are to many rocks and other things in the way that you really cant see coming up as well as drop offs. I suppose that is mountainbiking but some spot really dont have room to gain speed to jump any of this. Alot of sections were to sandy. Alot of spots dont even have room to get your bike through as they are to narrow. I beleive before the hurricane, this track may have been better, but I dont think its a top tier park. Also , on the first advance section, as you enter the park, as well as all advance sections, it is impossible to get your bike up some of the steep rocks or climbs thehy have set up, it is a must to have to walk up and down alot of this stuff, which makes it quite annoying!!!   Being this is south Florida and we are not a true mountain bike state and there are so few trails about, Im sure Ill be back. We will see what happens next time... ",simplyalf,"August 20, 2006",3.0,Unknown,https://www.singletracks.com/bike-trails/markham-park-2/
"
 Markham is the greatest park in South Florida. One of the top ten in the state. They have many trails to choose from, for all level riders. Excellent advanced sections(mostly for cross-country riders).
There is a new extension bridge just added. It is about 100 feet. * Review edited 5/22/2007 ",ositoking,"July 14, 2006",5.0,Unknown,https://www.singletracks.com/bike-trails/markham-park-2/
"
 I CANT BELEAVE WE DROVE 3AND 1 HALF HRS. TO THIS TRAIL THAT HAS NO COMPARISON TO ALIFHI AT ALL THIS DEFINALY IS NOT WHORTH THE RIDE  WHO EVER RATED THIS TRAIL TOP 10 IN FLA IS A JOKE !  MORE LIKE 5 MILES IF YOU ONLY RIDE THE MORE TECNICAL PARTS LIKE WE DO ONLY TWO PLACES THAT ARE ANY TROBLE . THIS TRAIL IS NOT AN 8 A VERY DISAPOINTING 4 MAYBE ! ",tagster,"July 4, 2006",2.0,Unknown,https://www.singletracks.com/bike-trails/markham-park-2/
"
 Being a visitor to Florida, I never expected to find a trail like Markham Park.  Definitely more of a flowing ride than Oleta River with a lot more technical man mage obstacles.  Nicely marked with skill level.  It definitely keeps you thinking with some well thought out ""suprises"".  Florida needs more trails like this. ",scottjhay,"June 25, 2006",4.0,Unknown,https://www.singletracks.com/bike-trails/markham-park-2/
"
 If not the best, among the top three best trails in Florida.  I dont know where people get this trail is in comparison to Oleta. Markham is much better.  It has a wider selection of levels, with great expert sections, packed dirt rather then rocks, jumps, and bridges.  Almost the entire trail is under the shade of the trees as well.  This an amazing place to ride. ",tony_williams,"June 7, 2006",5.0,Unknown,https://www.singletracks.com/bike-trails/markham-park-2/
"
 I ride this trail today and it's definitely the most challenging trail in all of South Florida. The advanced section are excellent. I would like to invite everyone to come ride here.  ",ositoking,"March 27, 2006",5.0,Unknown,https://www.singletracks.com/bike-trails/markham-park-2/
"
 * Review edited 5/22/2007 ",ositoking,"October 8, 2005",5.0,Unknown,https://www.singletracks.com/bike-trails/markham-park-2/
"
 Definitely the most challenging set of trails around South Florida.  Intermediates are really advanced, and advanced are, well, relly advanced.  Not for beginners.  Trail signs (names, directional, etc.) could stand some improvement. ",Lando_Grifin,"June 25, 2005",4.0,Unknown,https://www.singletracks.com/bike-trails/markham-park-2/
"
 MY FIRST TIME THERE I WASN'T EXPECTING THE DROPS. I AM REALLY LOOKING FOWARD TO RETURNING. I FOUND THE TRAIL CHALLENGING ",TAZY,"May 11, 2004",3.0,Unknown,https://www.singletracks.com/bike-trails/markham-park-2/
"
 I have ridden this trail several times.  The latest being on Easter 2004.  In my opinion it is great because it ranges from novice to advanced.  A lot of the novice tracks are not singletracks, but are wide, hard, shell packed roads.   However, there are fun novice singletracks.  The intermediate tracks are fun and challenging.  I'm guessing the advanced trails should provide most expert riders a challenge.  There are many technical areas to test your balance and skill.  Jumps, rail riding, ascents, descents, and sand mounds are some of the plusses.  Being it is a network system, many of the singletrack's exit's are near its entrance.  Since it is in Markham Park there are full restroom facilities, bike wash station, boat launches, miniature airplane field, tennis courts, outdoor shooting range, campgrounds, volleyball nets, charcoal grills... basically Markham Park is 650+ acres, so you can make this a weekend trip if you choose and catch up on some of your other hobbies too.  Admission is charged per car load on weekends and holidays.  Will be heading out there again on 4th of July Weekend 2004. ",Adventurecycling,"May 7, 2004",5.0,Unknown,https://www.singletracks.com/bike-trails/markham-park-2/
"
 great variety of trails for everyone.. good workout.. lots of fun trails.. ",LowDawg,"May 29, 2022",3.0,Unknown,https://www.singletracks.com/bike-trails/caloosahatchee-regional-park/
"
 This is a great trail, the best in the Fort Myers area.  It's not very technically difficult but you can get some speed and flow through it for a lot of fun! ",adrian.miramontes@gmail.,"January 26, 2020",4.0,Unknown,https://www.singletracks.com/bike-trails/caloosahatchee-regional-park/
"
 Excellent trail ",frehe,"December 3, 2019",5.0,Unknown,https://www.singletracks.com/bike-trails/caloosahatchee-regional-park/
"
 Beginner to slight intermediate trails but a lot of fun for everyone. I'm teaching my 8 year old how to mountain bike there at the moment and she's loving it. At the time of this post the trails are in excellent shape and clean except for a few plastic bottles we ran in to. People this is the only trail for us for miles. Please pick up your trash. ",Biohazard74,"March 2, 2019",4.0,Unknown,https://www.singletracks.com/bike-trails/caloosahatchee-regional-park/
"
 its ok for beginners and intermediate bikers, no water available. ",Gerardo Pino Avila,"May 3, 2018",3.0,Unknown,https://www.singletracks.com/bike-trails/caloosahatchee-regional-park/
"
 fun and hot trial, love it ",jhontommy,"September 11, 2017",4.0,Unknown,https://www.singletracks.com/bike-trails/caloosahatchee-regional-park/
"
 Closed ",js4013,"July 2, 2017",5.0,Unknown,https://www.singletracks.com/bike-trails/caloosahatchee-regional-park/
"
 Awesome trail! Fast, flowy, technical sections a little bit of everything to ride. The work that has been done over the past several months has made it even better! ",29erSS,"March 2, 2017",5.0,Unknown,https://www.singletracks.com/bike-trails/caloosahatchee-regional-park/
"
 trails were running fast as of 02/12/17
nice and hardpacked- fun for everyone- Dirtjumper style pump track at the beginning followed by miles of beginner to advanced singletrack- ",undrwtrassassin,"February 13, 2017",5.0,Unknown,https://www.singletracks.com/bike-trails/caloosahatchee-regional-park/
"
 The single track is in great shape. It's got lots of man made things to ride over   roots, ruts & rocks.There were a handful of others riding on a week day morning.I augered in coming off 1 of the mogels. There was a rider at the bottom who was off the bike and i couldn't maneuver fast enough (new Guy) but not a hair outta place. ",mello mennonite,"February 4, 2017",5.0,Unknown,https://www.singletracks.com/bike-trails/caloosahatchee-regional-park/
"
 Great beginning trails for my 8 year old son. His first experience with a mountain bike and he loved every minute of it. Don't be fooled though, there ARE some intermediate and advanced trails. Great location for all. ",Bikin Bouti,"December 22, 2016",5.0,Unknown,https://www.singletracks.com/bike-trails/caloosahatchee-regional-park/
"
 Good trail for southwest Florida. Plenty of up and down single track with small technical loops make for a fun ride. More novice than intermediate but definitely a fun trail! ",Jeffers Bobby,"June 1, 2016",5.0,Unknown,https://www.singletracks.com/bike-trails/caloosahatchee-regional-park/
"
 Great Park, great maintenance and very friendly helpful writers, there are some significant elevation changes and yes I know it's Florida, sunburn Valley is the only area without significant shade and it's a great warm-up when the singletrack is running counterclockwise The trail direction changes each month and provides significant change in scenery and the feel of the track, it's not uncommon to see horses which share the trail and significant wildlife populations that include deer, and smaller forms in the varmint form Green, blue, and black runs abound and provide more than enough distance for a great day of riding, which is a good thing for Southwest Florida because it's the only real mountain bike trail available south of Alafi or west of Markham Park Definitely worth the trip ",DRWKN,"February 9, 2016",4.0,Unknown,https://www.singletracks.com/bike-trails/caloosahatchee-regional-park/
"
 Good length, mileage wise, sections of super fast and flowy trails. Decent little climbing/descent sections.
Not too technical.
Avoid when wet. This trail doesn't drain. It becomes very muddy. Not the enjoyable type of mud. Becomes near impossible to make it to the top of the climbs. ",rocketbracket,"December 1, 2015",4.0,Unknown,https://www.singletracks.com/bike-trails/caloosahatchee-regional-park/
"
 About an hour drive N of Naples, FL with an acceptable review from fellow MTBers, rode it first time and the flow is pretty nice and fast which caters to beginners and intermediate riders. It's about 11 miles of riding and about half the trail is shaded. The tail end of the trail has some advance up hill that should be manageable on your 2nd attempt so you can adjust your gears effectively, for newbies there's always the bypass. Definitely coming back ",mnlphil84,"October 25, 2015",5.0,Unknown,https://www.singletracks.com/bike-trails/caloosahatchee-regional-park/
"
 Was visiting the area and decided to try the trail.  The first day it was closed due to a race. So we decided to come back the next day.  I'm glad we did.  It was a fast track that flowed smoothly into each loop.  I will definitely  come back. ",michbrow2323,"August 6, 2015",4.0,Unknown,https://www.singletracks.com/bike-trails/caloosahatchee-regional-park/
"
 My wife and I rode this trail system and had a blast. She is a beginner, and I am an intermediate rider. The trails flow well and it is impossible to get lost. We met some friendly locals in the parking lot that gave us the lay of the land.  I will be back next time we are down from Ohio. ",scube54,"June 16, 2015",4.0,Unknown,https://www.singletracks.com/bike-trails/caloosahatchee-regional-park/
"
 I can't give it a 5 star just because I am pretty new to this.  Markham is good, but this was more fun.  The trails are well laid out.  The directions are easy to understand.  All trails were well marked.  Well taken care of.  No question of which direction you are going or if we took a wrong turn.  Very pleased with today's adventure ride.  Mudcutters do a great job taking care of the trails !  Thanks for your hard work. ",jasonziter,"May 17, 2015",4.0,Unknown,https://www.singletracks.com/bike-trails/caloosahatchee-regional-park/
"
 Great fun trail. A little of everything: sandy flat trail, roller coasters, rocks and roots, boardwalks, skinny between the trees, steep short climbs, etc. Great for beginners to early advanced. Good afternoon ride. ",LowDawg,"January 31, 2015",3.0,Unknown,https://www.singletracks.com/bike-trails/caloosahatchee-regional-park/
"
 I am from Ky and have ridden this system a few times while in town visiting family.  This is a very nice, well maintained system with about 10 miles of hardpack/sandy singletrack with easy to intermediate difficulty. The flow is good and you can really crank in sections, no significant hills but there are a few small steep areas.  The far east section is my favorite and love all the drops and dips.  They have recently added some techy wooden ladder bridges that are cool.  This trail is located just a few miles outside of Ft Myers and well worth the short drive out.  Parking is $1.00 per/hour.  Check the website for status updates as the park is diligent about closing the trails post rain. BIG THANKS to the Mudcutters for building and maintaining this system. ",cavedweller,"April 27, 2014",4.0,Unknown,https://www.singletracks.com/bike-trails/caloosahatchee-regional-park/
"
 Awesome trails!! Great job to everyone that keeps the trails in such great shape!! I really like the variety & elevation changes of the terrain to ride from fast & flowy to rock gardens & wooden structures to black diamond sections! What more could you ask for! ",29erSS,"April 16, 2014",5.0,Unknown,https://www.singletracks.com/bike-trails/caloosahatchee-regional-park/
"
 This is a fun course with both advanced and beginner trails. Looks like volunteers really work hard to keep it nice ",pagarth,"February 20, 2014",5.0,Unknown,https://www.singletracks.com/bike-trails/caloosahatchee-regional-park/
"
",ft.pierce_mike,"December 6, 2013",0.0,Unknown,https://www.singletracks.com/bike-trails/caloosahatchee-regional-park/
"
 Great trail had a great time blue trails a lot of fun little something for everyone.At the end screwed up on a hill hit hard ended up in ER with broken hand concussion scraped up face real bad can't wait to come back.wife not to happy had to drive 3hrs to get  me from hospital be careful see ya when i heal ",ft.pierce_mike,"December 6, 2013",5.0,Unknown,https://www.singletracks.com/bike-trails/caloosahatchee-regional-park/
"
 I have done six trails now, and this is by far my favorite.  A great mix of rock gardens, hills, intermediate challenges on the beginner loop, and expert challenges off the intermediate loop, as well as two expert trails that break away to the side. ",wgw2099,"May 13, 2013",5.0,Unknown,https://www.singletracks.com/bike-trails/caloosahatchee-regional-park/
"
 Very well maintained hard pack trail.  A nice variety of short intermediate stints and the Far East trail is a lot of fun.  You can see how much care is given by the volunteers who maintain the trail.  There are a couple nice spots with benches to stop and enjoy the peace and quiet of the park.  Well done mudcutters! ",amiram00,"April 14, 2013",4.0,Unknown,https://www.singletracks.com/bike-trails/caloosahatchee-regional-park/
"
 Lots of fun.  Trail is well kept. It is an XC trail for the most part.  Has plenty of elevation change and flow. Good time. ",dingdangit,"February 26, 2013",3.0,Unknown,https://www.singletracks.com/bike-trails/caloosahatchee-regional-park/
"
 Very underated trail.. super fast trail with a mini ridge line. the black diamond climbs are pretty challenging. had a great time over 10 miles of fun fast trail ",thebighurts79,"February 9, 2013",5.0,Unknown,https://www.singletracks.com/bike-trails/caloosahatchee-regional-park/
"
 Went riding and had a blast a little something for everyone here! ",ediblefrog,"October 24, 2012",4.0,Unknown,https://www.singletracks.com/bike-trails/caloosahatchee-regional-park/
"
",ediblefrog,"September 1, 2012",0.0,Unknown,https://www.singletracks.com/bike-trails/caloosahatchee-regional-park/
"
 Great ride,,spent the day riding with some new friends I met there. We rode the green /blue loop twice,.It was a great day. I'll be riding here again. ",1flatlander,"August 7, 2012",5.0,Unknown,https://www.singletracks.com/bike-trails/caloosahatchee-regional-park/
"
 I am fairly new to mountain biking, but i had so much fun here! There are lots of fast, easy sections and plenty of technical obsticles. I did ride the ""Far East"" trail and I probably shouln't have, especially by myself. I agree with the signs, beginners probably should stay out. Some of the descents made me nervous and i couldn't make a lot of the climbs. In total I rode about 9.3 miles according to my iPhone GPS app, but there were a couple small extentions I didn't ride. I live about an hour away in Naples, and I am planning on coming back every week from now on. Good fun and good exercise! ",,"January 21, 2012",5.0,Unknown,https://www.singletracks.com/bike-trails/caloosahatchee-regional-park/
"
 This was a great park. The mudcutters do an excellent job maintaining it. The trails were mostly hardpack. Most of the trails all riders can handle. The far east trail was rated advanced and had some nice challenges.  ",IdahoLife,"December 28, 2011",4.0,Unknown,https://www.singletracks.com/bike-trails/caloosahatchee-regional-park/
"
 Great trail system that I just rode for the first time.  Has a nice flow to it with obstacles placed in perfect places to keep the trail from getting boring.  Was unable to take the advanced section due to current knee problems.  It's a shame it's so far from home or I'd be here more often. ",kevprides,"May 14, 2011",4.0,Unknown,https://www.singletracks.com/bike-trails/caloosahatchee-regional-park/
"
 Good trail for a beginner.  I have done the beginner trail twice to get the hang of the layout.  Going to try the tougher trails this weekend if no rain! Almost nailed a turtle on the trail the first time; second time there was a feral hog in the parking lot and saw three deer on the trail.  Parking is now $1 an hour or $5 for the day.   ",duanedyar,"July 20, 2010",2.0,Unknown,https://www.singletracks.com/bike-trails/caloosahatchee-regional-park/
"
 Had a blast on this trail. ",JMLeon,"May 30, 2010",4.0,Unknown,https://www.singletracks.com/bike-trails/caloosahatchee-regional-park/
"
 The additional East section almost takes it out of beginner, but not quite. Mostly flat, uninspiring, but if you're in the area, run it fast and get a quick workout.* Review edited 11/24/2009 ",GoKite5,"November 25, 2009",2.0,Unknown,https://www.singletracks.com/bike-trails/caloosahatchee-regional-park/
"
 We rode this trail on the weekend. It is in perfect shape. The rolling hills are very fast. Great scenery!  ",ositoking,"November 16, 2009",5.0,Unknown,https://www.singletracks.com/bike-trails/caloosahatchee-regional-park/
"
 If you haven't rode this trail recently it's worth another look. New section added to ""Far East"" section making the trail a bit more difficult and fun to ride for more experienced riders. There are no more drops, climbs and ridges. It's no Mark-ham Park or Alfia, but certainly a great local ride. Go crazy.  * Review edited 7/26/2008 ",K2Klunker,"July 26, 2008",3.0,Unknown,https://www.singletracks.com/bike-trails/caloosahatchee-regional-park/
"
 A great singletrack for the Southwest Florida area. I was pleasantly surprised at the difficulty of the optional trails; very tight and narrow. Riders were friendly and helpful. I look forward to going back soon before it gets too hot and humid but, I understand that the trail gets flooded in the late summer months due to heavy rains. ",DieselMike,"February 4, 2008",4.0,Unknown,https://www.singletracks.com/bike-trails/caloosahatchee-regional-park/
"
 There is a brand new trail in the back section of the park. It is for expert riders only. It is technically challenging. There are a couple of drops which you would need plenty of speed.  The trail does not have many climbs and drops although there there are a couple. I like that you can really get some speed going. About 1 hour to get through to the end. there you find an area that has some jumps and other cool stuff. the park is great for begining.* Review edited 5/17/2007* Review edited 5/17/2007 ",ositoking,"October 2, 2006",4.0,Unknown,https://www.singletracks.com/bike-trails/caloosahatchee-regional-park/
"
 I was here today, Sunday 4th. And I saw the trail in very good condition and excellent to ride. They did a great job cleaning the park. I recommend for any biker to come to this trail and check it out.  ",ositoking,"December 4, 2005",4.0,Unknown,https://www.singletracks.com/bike-trails/caloosahatchee-regional-park/
"
 * Review edited 2/8/2007 ",ositoking,"October 8, 2005",3.0,Unknown,https://www.singletracks.com/bike-trails/caloosahatchee-regional-park/
"
 This trail will have a major maintenance day on May 22, 2005 that should help keep it fast and clean until it floods from rain in August. ",Adventurecycling,"April 21, 2005",4.0,Unknown,https://www.singletracks.com/bike-trails/caloosahatchee-regional-park/
"
 By the way, the Florida Mud Cutters spent many hours installing a wooden bridge (for better or for worse) over a section of the trail that becomes muddy from July to September each year.   ",Adventurecycling,"January 13, 2005",4.0,Unknown,https://www.singletracks.com/bike-trails/caloosahatchee-regional-park/
"
 The singletracks are in excellent condition this time of year.  All trails are open.  A Girl's Day Only ride is scheduled for January 16th.   ",Adventurecycling,"January 13, 2005",4.0,Unknown,https://www.singletracks.com/bike-trails/caloosahatchee-regional-park/
"
 I rode this singletrack again on April 22, 2004.  At the time there was little to no precipitation, therefore, no mud.  Many of the low lying areas that are under canopied areas are filling up with sugar sand, likewise on many of the ascents/descents.  In several places the trail is filling in with vegetation.  A lot of leaf litter has fallen, therefore, the speed of the course suffers a bit.  The Mudcutters have a scheduled maintenance day in mid-May, and that should help shore up the trails.  Will be riding this singletrack again today, May 7, 2004. ",Adventurecycling,"May 7, 2004",4.0,Unknown,https://www.singletracks.com/bike-trails/caloosahatchee-regional-park/
"
 Road this trail twice in the past few days. Very well laid out, not real technical, easy to follow, lots of wildlife. Highly recommended ",jeffharkcom,"May 12, 2020",5.0,Unknown,https://www.singletracks.com/bike-trails/grassy-island-trail/
"
 Has potential for a great xc trail. Needs more wheels on the trail. Very out of the way. Would be a good family ride. Keep in mind there are no restrooms or amenities. ",grif2067,"December 29, 2017",3.0,Unknown,https://www.singletracks.com/bike-trails/grassy-island-trail/
"
 Nice trail of all old Florida. Trails a little hard to follow but easy enough to figure out. Lots of wildlife! ",Flbeachgirl,"May 1, 2016",4.0,Unknown,https://www.singletracks.com/bike-trails/grassy-island-trail/
"
 trail was in good shape. A little wet from recent rain. But the trail was fun to ride. ",welders833,"February 24, 2014",4.0,Unknown,https://www.singletracks.com/bike-trails/grassy-island-trail/
"
 Finally made the trek over to check it out and I have to say I was a bit disappointed. Not because it isn't a good trail, but because the rating on this site is so high.  Expectation aside. It is easy to find, well marked and maintained well. There is also almost zero elevation and the only wildlife I saw were spiders and birds -- cleared a few full webs with my face. There are lots of cow patties -- that statement can't be overstated.  The route I took was only 5 miles long, basically took Hagan's highway and stayed left all the way around.   Overall I'm glad I rode it, but won't be making the trek to ride it again. ",Ben Drawbaugh,"June 30, 2013",3.0,Unknown,https://www.singletracks.com/bike-trails/grassy-island-trail/
"
 Fun ride.  Watch out for cow patties! We drove from Ft Myers and stayed the night before at a local KOA before hitting the trail.  Would make a trip again.  Well marked and lot's of wild life. ",sief77,"April 2, 2013",3.0,Unknown,https://www.singletracks.com/bike-trails/grassy-island-trail/
"
 Is the trail also accessible to runners ? ",steelcurtain,"March 15, 2013",0.0,Unknown,https://www.singletracks.com/bike-trails/grassy-island-trail/
"
 Had a group out riding the trail from the Florid Trail Association yesterday. It was their second visit and they brought friends. They said is was the best maintained trail they have ever visited well marked and easy to follow. What a great compliment from an organization that has been around for years. ",SCOTT_B_DAWSON,"February 10, 2013",0.0,Unknown,https://www.singletracks.com/bike-trails/grassy-island-trail/
"
 New trail has been added 1.25 miles. we are knocking on the door of 7 miles now. Just a heads up new loop hasn't been signed yet but is pretty easy to follow. It's not on the map yet. ",SCOTT_B_DAWSON,"February 10, 2013",5.0,Unknown,https://www.singletracks.com/bike-trails/grassy-island-trail/
"
 WE have a trail map kiosk in the parking area now with take along maps too.  there are ""you are here"" signs at the entrance to each trail. The trail is very easy to follow now.  We are scouting and marking additional trail our goal is a 7-8 miles of fun single track. The wildlife has been unusally active lately, it;s like going to the zoo on your bike!
It's a great trail for trail running too. come check it out. ",SCOTT_B_DAWSON,"February 9, 2013",5.0,Unknown,https://www.singletracks.com/bike-trails/grassy-island-trail/
"
 would like to thank marshall and his friend for a good job on keeping up the trail. trail is easy flowing trail with some small hills, some quick turns. marshall said in 2weeks there will be 3 more miles of trails thanks again. ",ft.pierce_mike,"January 22, 2013",4.0,Unknown,https://www.singletracks.com/bike-trails/grassy-island-trail/
"
 It's a great place to ride. There's lots of wildlife out there tons animals to see. Good place to ride with the family. Trail is well marked and it very hard to get lost out there. You can go fast and get a good cardio workout or go slow and enjoy the wilderness. ",,"January 20, 2013",5.0,Unknown,https://www.singletracks.com/bike-trails/grassy-island-trail/
"
 Awesome trail! Good sections to get some pretty good speed, if your not used to riding around roots there is always a bypass around them or some of the more difficult parts, but all in all this trail is amazing. I ride at least once a week. It's never too packed and anyone I've ever met are really nice people. ",amullins91,"January 14, 2013",5.0,Unknown,https://www.singletracks.com/bike-trails/grassy-island-trail/
"
 The trail has been getting small amounts of rain daily which makes our fast trail even faster!  The trail is in it's best shape ever we have added ""you are here"" signs all over the trail and the trail kiosk is up and the map is going in anyday now. Come ride Grassy Island you will be glad you did. ",SCOTT_B_DAWSON,"January 12, 2013",5.0,Unknown,https://www.singletracks.com/bike-trails/grassy-island-trail/
"
 This is a wonderful trail that is really well marked and maintained. The upkeep is great - thanks for all the hard work on trail maintenance here. Beautiful scenery. Oak trees, lush canopy throughout. There are even some wild orange trees, and plenty of bones to discover left from decades of cows roaming the farmlands that surround this area. There is a nice flow to the trail, with a few relatively easy and fun obstacles. Not much elevation change, mostly flat. Cool little bridges, log overs through tight trees, cabbage palm roots (not excessive, just enough for fun! ) Off the beaten path, a great place to get away from the S. Florida MTB crowds and enjoy the woods. ",,"January 6, 2013",4.0,Unknown,https://www.singletracks.com/bike-trails/grassy-island-trail/
"
 Grassy Island is a great singletrack trail 90% covered by canopy. trail is covered with wildlife, deer, turkey, occasional cows and more. Trail has some logovers and a few sections that have cabbage roots. any place along the trail that has a technical section there is an ""easy option"" to bypass the technical stuff. It has a great flow some small elevation changes. It is about 4-5 miles from the center of town. A gas station is just 2.5 miles to the south on 441 for your deinks and snacks.   ",,"July 17, 2012",4.0,Unknown,https://www.singletracks.com/bike-trails/grassy-island-trail/
"
 Very good local trails.  I was fortunate to be invited by members. If you are in the area, this is a fun bang for the buck 6 mile course. ",al0184x,"March 27, 2020",4.0,Unknown,https://www.singletracks.com/bike-trails/fort-pierce-mountain-bike-trail/
"
 The Big Dipper is steep for us old guys but pretty smooth.  Great trail when it is a hot sunny day because most of it is in the shad. ",Bob R,"February 18, 2017",4.0,Unknown,https://www.singletracks.com/bike-trails/fort-pierce-mountain-bike-trail/
"
 My wife and I rode this and found it to be a nice trail. Some bridges and drops with loose sand and roots being the biggest obstacles. We rode the harder sections as marked by the signs and found them to be fun and enjoyable. The trail is clearly marked to avoid areas you may not want to try. It was worth the money to join the club for a couple rides around the trail. They do a wonderful job on upkeep and maintenance. ",dcesnak1771,"March 17, 2016",4.0,Unknown,https://www.singletracks.com/bike-trails/fort-pierce-mountain-bike-trail/
"
 The review from simguy160 was a good review of Jonathan Dickinson State Park trails, not the Fort Pierce trail. No 8:00 opening, gator hole, or shell rock at the Fort, but since the trail is on private property, you must be a member of Airborne MTB club to ride. Ft. Pierce is an intermediate trail and not for beginners. Lots of ups and downs, roots, sharp switchbacks. Completely shaded, but does get muddy in the rainy (summer) season. This is great trail to ride when it is dry, and head to JDSP trails when it gets wet, as that trail is better after a good rain. ",yaknbike,"August 16, 2015",5.0,Unknown,https://www.singletracks.com/bike-trails/fort-pierce-mountain-bike-trail/
"
 Tough trail for a beginner.  It has lots of hills and roots.  Trail feels much longer than it is. ",michbrow2323,"August 6, 2015",5.0,Unknown,https://www.singletracks.com/bike-trails/fort-pierce-mountain-bike-trail/
"
 Riding in reverse,  5 Miles of great S.  FL single track ",brliii,"July 4, 2015",5.0,Unknown,https://www.singletracks.com/bike-trails/fort-pierce-mountain-bike-trail/
"
 Definitely the best trail in the area! Fast & flowy, technical with nice elevation changes! There's been a lot of awesome improvements lately so the trail keeps getting better & better. Great job to all that work on the trail & keep it groomed to perfection! ",29erSS,"April 16, 2014",5.0,Unknown,https://www.singletracks.com/bike-trails/fort-pierce-mountain-bike-trail/
"
 Paid for membership and gate code worked, but hiked around and found no signs, no trailhead and no maintenance ?? I think we found area for parking, and beyond that looked flooded so could not proceed in truck. Absolutely no trail head markings or single track . Grassy overgrowth. Could someone please tell me what I missed? ",,"August 11, 2013",1.0,Unknown,https://www.singletracks.com/bike-trails/fort-pierce-mountain-bike-trail/
"
 It Is CLOSED NO TRESPASSING ",bobbysims123,"August 11, 2013",0.0,Unknown,https://www.singletracks.com/bike-trails/fort-pierce-mountain-bike-trail/
"
 Aesome trail. well maintained and has a great core group of club members that should be very proud of what they have done. Great job Airborne. ",SCOTT_B_DAWSON,"February 10, 2013",5.0,Unknown,https://www.singletracks.com/bike-trails/fort-pierce-mountain-bike-trail/
"
 Deep in the palm and citrus woods with plenty of shade. Well groomed trail. Flows very well and has decent elevation for a Florida trail. Wish it was longer. Plenty of nice technical areas with bypasses for the beginners. My favorite trail in the Treasure Coast and consider it a hidden gem. Tag along with a friendly Airborne Club member to check it out. ",glaze77,"February 9, 2013",5.0,Unknown,https://www.singletracks.com/bike-trails/fort-pierce-mountain-bike-trail/
"
 Trail is in the best shape that ive seen in years!! Airborne mtb club has done a awesome job repairing trail after tropical storm last year. Great place to ride ",thebighurts79,"February 9, 2013",5.0,Unknown,https://www.singletracks.com/bike-trails/fort-pierce-mountain-bike-trail/
"
 Trail is currently in awesome condition. Fast flowing hard packed surface makes for some of the better riding around at the present time.
All thanks to recent hard work of club members.
Be sure to join the club and sign the waiver so we can all continue the use of this trail. ",,"January 2, 2013",5.0,Unknown,https://www.singletracks.com/bike-trails/fort-pierce-mountain-bike-trail/
"
 You have to be a member of the local club (Airborne MTB) that maintains the trails for liability reasons. I believe that was part of the deal they negotiated in order for them to keep the trails.
Here is the link.  http://airbornemtb.org/* Review edited 9/14/2012 ",bruces,"September 14, 2012",0.0,Unknown,https://www.singletracks.com/bike-trails/fort-pierce-mountain-bike-trail/
"
 Does anyone know why they have the permit needed and trespassing sign at the beginning? ",,"July 18, 2012",5.0,Unknown,https://www.singletracks.com/bike-trails/fort-pierce-mountain-bike-trail/
"
 Great ""quick and dirty"" trail. It's an hour drive from melbourne and worth it every time. Trail is maintained to a standard greater than most by the airborne club, they really do a great job. Technical sections, wooden bridges, tree roots, and solid elevation changes (for florida) make this trail one of my favorites. Easy to navigate although it may seem like you've ridden a section twice just stay on the trail and you'll eventually see the exit sign. Don't forget it is a 4 mile loop......of awesomeness. 5 stars. ",,"July 17, 2012",5.0,Unknown,https://www.singletracks.com/bike-trails/fort-pierce-mountain-bike-trail/
"
 What to expect. A little bit of everything. Nice drips, tricky climbs a few rad hills, passing back and forth under the turnpike, nice. Theres a few options throughout so each lap can be different. Not a hard pedal. Great overall and a good collection of technical skills.  ",svtsethj,"April 14, 2012",4.0,Unknown,https://www.singletracks.com/bike-trails/fort-pierce-mountain-bike-trail/
"
 What a diamond in the ruff. The people at Airborne do a great job of maintaing the trail. Marked fairly well. We came up from miami and it was worth it. Nobody was there and two laps of 4+ miles each made for a nice trip.
Hopefully more people will pay the membership fees so this trail can move to the top of other rider's lists.
Tons of fun!  Thanks Nick for keeping it up! ",svtsethj,"April 14, 2012",4.0,Unknown,https://www.singletracks.com/bike-trails/fort-pierce-mountain-bike-trail/
"
 Rode it for second time ever Sat. 1/28/12.  Great trail and easy to navigate. It is about 4 miles long.  Must join/pay Airborne Mountain Bike Club ($25) and submit waiver to get gate combination.  Or park away from trail head and ride around gate. ",Pian_Oirier,"February 3, 2012",4.0,Unknown,https://www.singletracks.com/bike-trails/fort-pierce-mountain-bike-trail/
"
 Do you have to pay to ride??? ",carlitosway,"November 2, 2011",5.0,Unknown,https://www.singletracks.com/bike-trails/fort-pierce-mountain-bike-trail/
"
 Do you have to pay to ride??? ",carlitosway,"November 2, 2011",5.0,Unknown,https://www.singletracks.com/bike-trails/fort-pierce-mountain-bike-trail/
"
 4 laps today, I like the changes that have been made a couple places flow better and the trail is longer.* Review edited 1/28/2012 ",dingdangit,"June 5, 2011",4.0,Unknown,https://www.singletracks.com/bike-trails/fort-pierce-mountain-bike-trail/
"
 So where do you go ti sign this waiver? ",clay2k,"May 28, 2011",4.0,Unknown,https://www.singletracks.com/bike-trails/fort-pierce-mountain-bike-trail/
"
 Its not closed, you have to sign a wavier inorder to ride there. So don't write this trail off yet... ",dingdangit,"May 15, 2011",4.0,Unknown,https://www.singletracks.com/bike-trails/fort-pierce-mountain-bike-trail/
"
 Big bummer....this trail system now has a construction fence around it and no trespassing signs posted. Another one lost.....very sad. Go to http://www.ipetitions.com/petition/saveftpierce/ to sign a petition to help save this tral from developers.* Review edited 4/13/2011 ",Crowbar12,"April 9, 2011",0.0,Unknown,https://www.singletracks.com/bike-trails/fort-pierce-mountain-bike-trail/
"
 Love this trail. Lots of fun with the twisting tight single track. Roots require you to be on your toes and a few surprises here and there.
The Only issue we encountered was the trail was not marked all that well. We entered the trail and there was no direction sign on this oneway trail. Did one complete loop backwards and then a second in the correct direction, but there was an intersection that we encountered which required us to stop and figure out which way to go.......otherwise it was a lot of fun ! ",sparty,"February 23, 2011",5.0,Unknown,https://www.singletracks.com/bike-trails/fort-pierce-mountain-bike-trail/
"
 rode almost the whole trail and it seemed to never end leaving us caught in the trail after dark with no flashlight (We weren't expecting to be out there that long!) and the trail is pretty confusing at some parts as there are no clear markings. ended up having to climb out from underneath the i-95 overpass to ride our bikes back to our car because we couldn't find the way out. a bit technical, nothing too crazy, my boyfriend really liked it but I personally did not.  ",A6StringDream,"December 23, 2010",2.0,Unknown,https://www.singletracks.com/bike-trails/fort-pierce-mountain-bike-trail/
"
 This is a fun trail and makes you want to go back in for seconds after the first run. Lots of shade and flow. Beware sugar sand babies! the section under the freeway overpass will get you if you are not up to speed when you hit it. ",dustyg314,"November 28, 2010",3.0,Unknown,https://www.singletracks.com/bike-trails/fort-pierce-mountain-bike-trail/
"
 I love, love, love this trail... It has easy smooth riding as well as some tricky obsticles. There is uphil and very downhill. Some sandy portions but not enough to ruin the trail. Bring Bug spray!!! The trail is pretty hidden, but this is my choice for riding so far... :o) ",sun79rise,"July 3, 2010",4.0,Unknown,https://www.singletracks.com/bike-trails/fort-pierce-mountain-bike-trail/
"
 You share the parking area with motorcross and ATV riders. The sugar sand is perpetual as evident by the excessive carpet laid down. Not very challenging, pretty flat. If you lived there you'd ride it, but you'd never travel to visit.* Review edited 7/25/2010 ",GoKite5,"May 23, 2010",1.0,Unknown,https://www.singletracks.com/bike-trails/fort-pierce-mountain-bike-trail/
"
 Rode this trail for the second time just a couple of days ago and had a great time. It's not the most challenging trail (I did fall off the log once though haha) but it is a fun ride. Plenty of shade from the brutal Florida sun on this twisty trail. I'll definitely be going back. ",sheridanshelley,"May 1, 2010",4.0,Unknown,https://www.singletracks.com/bike-trails/fort-pierce-mountain-bike-trail/
"
 This trail is really fun. I like the big trees that are enclosing it the majority of the ride keeping the Florida sun at bay. Good job by the trail builders to take the available land and carve out a very cool course with a little bit of everything in a relativley flat area. There are a few technical sections that will challenge your skill sets. I would like to see a race take place here someday. Finding the entrance is a little tricky but keep in mind you need to hug the dirt road on the east side of the northbound lane of the Turnpike once you get off at Okeechobee* Review edited 4/7/2010 ",Crowbar12,"April 5, 2010",3.0,Unknown,https://www.singletracks.com/bike-trails/fort-pierce-mountain-bike-trail/
"
 Great trail. smooth flowing and some super fun dips thanks to the guys who help maintain this place.  (although palm bay has better dips) If you follow the path its a good 45 minute ride.  the review below must have made a wrong turn.  However with all the rain it is a little overgrown. This is Lee Baggets Favorite on Florida's east coast  by far, But I'v seen him eat it on a few of the dips.  Ha Ha* Review edited 9/6/2009* Review edited 9/6/2009 ",rschaff1971,"September 7, 2009",5.0,Unknown,https://www.singletracks.com/bike-trails/fort-pierce-mountain-bike-trail/
"
 You know ,, I found the airborne website and petitioned to not have the trail closed. that was before i went out there.  Closed or not I have been bleeding myself on the roads so I went for the trail in hopes of getting dirty.  There is one section they have posted off in red makers that was decent enough,, but the rest of the trail is just grassy boulevards that lead no where.
I just moved from Missouri to Florida.  The riding here is naturally,, lacking in my taste,, but I am making the best of it. over all if they get this trail back open,, its worth if if your into a ride through grassy fields,, it was a decent enough workout ill give them that... Oh,, and i spent nearly an hour trying to find the entrance..* Review edited 6/10/2009 ",triumph11,"June 10, 2009",1.0,Unknown,https://www.singletracks.com/bike-trails/fort-pierce-mountain-bike-trail/
"
 This Trail is great.  Perfect trail if you live in stuart, ft.pierce or port st lucie.  Good mix of cross country and tech stuff. Unfortunately closed...  ",wheelieboy,"August 3, 2008",5.0,Unknown,https://www.singletracks.com/bike-trails/fort-pierce-mountain-bike-trail/
"
 Awesome trail! It should not be closed! Have noticed things slowly disappearing though! ",hoofhearted,"June 6, 2008",4.0,Unknown,https://www.singletracks.com/bike-trails/fort-pierce-mountain-bike-trail/
"
 Trail is kind of in the middle of nowhere.  Small trailhead on side of road.  Mostly flat and wide single track.  Really nice and pretty easy to follow.  Network out and back kind of trail.  Nothing near by so bring what you need.  Some minor roots and no features to speak of.  Excellent for those that like to spin or a beginner.  Plenty of miles for the more advanced rider to get in some distance. ",bikeit420,"August 28, 2021",3.5,Unknown,https://www.singletracks.com/bike-trails/withlacoochee-state-forest-croom-sec/
"
 Rode the blue trail one day and the yellow trail the next.  95 % is flat cross country single tract similar to other trails I have ridden in florida.  On the blue trail they maximized the use of sinks and gulley's to provide some fun at the 9 mile mark for about 4 miles.  Then on the back side there was a short climb and brief down hill roll.  There was a bit of soft sand here and there, but not too much.  The yellow trail had almost no features, the last mile of that trail was the nicest part with firmer trail a few roots and some mild ups and downs.  Felt like I should have brought an ornament for the bicycle man.  Overall well maintained and marked, great for cross country riding, with some features for the trail bike on blue trail.  Thanks to the swamp team for their efforts. ",JollyRogerX,"November 23, 2020",4.0,Unknown,https://www.singletracks.com/bike-trails/withlacoochee-state-forest-croom-sec/
"
 Rode the 24 mile blue loop today Christmas Eve.  The trails were in great shape!  We'd had rain the past 2 days and I was hesitant to ride.  But the sandy soil must drain well as I had no reservations riding here so soon after the rain.  Trails are very well marked.  There are intersecting horse trails and motorcycle/ATV trails (I think).  So long as you stay on the Blue blazes you will be fine.  there are blazes frequently placed on the trail.  If you ride a bit and dont see the blaze/trail marker good chance you are off the trail.  There are bypasses for the more difficult / technical sections.  A beginner can ride the blue trail with no issues.  A couple of small hills might be a challenge.  The SWAMP club does a great job maintaining the trails. ",johnpitts01,"December 25, 2019",5.0,Unknown,https://www.singletracks.com/bike-trails/withlacoochee-state-forest-croom-sec/
"
 Great job SWAMP on the new trails and overall grooming on DM.  Had a blast today.  3 other riders were also stoked about the recent mods!  Thank you! ",AlafiaJunkie,"January 29, 2017",5.0,Drunken Monkey,https://www.singletracks.com/bike-trails/withlacoochee-state-forest-croom-sec/
"
 nice wide open trail, great for working out. not many steep hills except in the technical areas such as Drunken Monkey. Nobody else on the trail and several bailout points where you can cross the road and get on the paved trail to take you back quickly to the trailhead. I rode in wintertime, I could imagine this would be very hot during summer time. also there are quite a few sandy spots that feel as though you are loosing control. ",axxman,"December 31, 2016",4.0,Unknown,https://www.singletracks.com/bike-trails/withlacoochee-state-forest-croom-sec/
"
 Took my wife out for her first time.  Kicked her butt, but she got to learn so much.  Ride yellow so she learned some of what a blue may have and then enjoyed the yellow to learn the basics.  She works out all the time but never felt like this after.  The gym will work all areas but not at the same time.  She loved it!!! ",dempsey111333,"December 11, 2016",5.0,Unknown,https://www.singletracks.com/bike-trails/withlacoochee-state-forest-croom-sec/
"
 My favorite part of Croom! It has great climbs, dips, drops, and roots. A very flowy section of trail. Some parts of this trail fork into harder/easier sides, for those who want something more challenging. ",Keiron Gillespie,"July 2, 2016",5.0,Northern Pits(10-14 mile section),https://www.singletracks.com/bike-trails/withlacoochee-state-forest-croom-sec/
"
 Sweet trail! Got some nice dropins and short climbs. ",Keiron Gillespie,"May 16, 2016",5.0,Drunken Monkey,https://www.singletracks.com/bike-trails/withlacoochee-state-forest-croom-sec/
"
 A BLAST!!!!! Nice flowy trails, most of which I would consider beginner to low intermediate. The blue trail that starts at Croom-Nobleton is my favorite. For the first 10 miles you get some nice, fast, smooth singletrack with some light climbs and descents. Nothing technical except for a couple small sections at around 2 miles and a couple small climbs around 5 or 6 miles(I think). At about 9 miles or so you get Drunken Monkey, which is a more advanced section that can be avoided if you didn't want to take it. BUT YOU SHOULD TAKE IT! It's awesome! Nice climbs and descents more akin to what you might find in Balm Boyette trails rather than rocky, rooty trails like Santos. Between the 10 and 14 mile markers is my absolute favorite section! BEAUTIFUL scenery with some more advanced riding. Again, it's very flowy and you can hit it with some speed. Not toooo rocky or rooty. A couple sections with serious consequences for falling off the side(30 foot drops). Also, there is a bmx track in that section that's fun. When you find yourself just before Tired Hole, take the trail to the left to get to the track.... Over 50 miles of riding at Croom! Yet, it is still a little known gem. I frequent as often as I can. Shred, rinse, repeat! ",Keiron Gillespie,"May 16, 2016",5.0,Unknown,https://www.singletracks.com/bike-trails/withlacoochee-state-forest-croom-sec/
"
 Lots of fun with sections for any skill level.  Yellow trail north of Croom Rd. is fairly easy but with quite a bit of sugar sand.  Someone thoughtfully nailed a crying towel to a tree on one of the long sandy grades so ya gotta laugh. Mostly good signage though I got off trail several times, relying on topo in Singletracks app to reorient myself.  Only real concern is that when riding the NE blue trail between bailouts 10 & 14, I did not appreciate ahead of time how significant the consequences of failure could be...there is a very narrow, curving section that if you go off, you drop almost strait down 30' into a pond.  No one's walking out of that fall.  Also a long steep climb but able to portage it. Exhausting and energizing! ",Hunu,"March 17, 2016",4.0,Unknown,https://www.singletracks.com/bike-trails/withlacoochee-state-forest-croom-sec/
"
 If you haven't ridden Croom recently, then you may not know what you're missing out on. I can't believe anyone who rode where I was would rate this gem a 3 star. Park in area 1 just east of the croom/nobleton intersection. Ride north on nobleton to the second bailout (there's maps by the parking area and again at major points on the trail, snap a pic) and then head north on the trail to where every  section has a name. Add legs and enjoy. ",eltommyc,"September 21, 2015",5.0,Unknown,https://www.singletracks.com/bike-trails/withlacoochee-state-forest-croom-sec/
"
 Good beginner trail, does have a few roots, and after hard rain storms some sections retain water. Along with some wash out after heavy rain. Good Starter area and I like to take my kids out here not to technical it's just fun for them. ",Bull Knapp,"February 6, 2015",2.0,Unknown,https://www.singletracks.com/bike-trails/withlacoochee-state-forest-croom-sec/
"
 Great place to put in some miles. Some technical parts near the back. Pretty Sandy if it hasn't rained recently but overall a good place to get your  XC fix with some nice FL backcountry scenery. ",Austin Harper,"December 27, 2014",4.0,Unknown,https://www.singletracks.com/bike-trails/withlacoochee-state-forest-croom-sec/
"
 Many miles of singletrack  with natural elevation changes, which can be a refreshing change of pace from the other more technical Florida trails found on abandoned mine lands.  The trails flow well here with a ton of long gradual ups / downs (by Fl standards of-course).  There are certainly some sandy sections but nothing completely unrideable.  There are several technical sections but nothing too serious or unavoidable.  This is definitely the place to go if you are looking to log some miles. ",bp124,"April 15, 2014",5.0,Unknown,https://www.singletracks.com/bike-trails/withlacoochee-state-forest-croom-sec/
"
 Was on vacation to FL last week. Rode the Tucker Hill section. Very easy, but a very nice 11 or so miles. ",armyslowrdr,"March 31, 2014",3.0,Unknown,https://www.singletracks.com/bike-trails/withlacoochee-state-forest-croom-sec/
"
 Croom has a great range of riding available. Some up-hill, some down-hill, flat, straight, and turns. If you are adventurous I would say that you should go to ""The Pits"". Bailout points and connector trails make is so you can ride just about any distance. The worst thing there is that it does have some sugar-sand. Not a lot, but it is there. Mostly hardpack and very scenic. Fun for everyone. ",JFVacha,"June 1, 2013",4.0,Unknown,https://www.singletracks.com/bike-trails/withlacoochee-state-forest-croom-sec/
"
 Mostly stayed on the beginner trails. We had the dog and we were heading to a state park for camping. Only did about twelve miles. Peaceful a lot of u and down hills. Were looking forward to going back for the intermediate courses ",,"March 18, 2012",3.0,Unknown,https://www.singletracks.com/bike-trails/withlacoochee-state-forest-croom-sec/
"
 Rode the   yellow 12 mile loop  11/22/11 well marked got on at Tucker Hill @the fire tower on Croom rd   a little  sugar sand but not bad  very scenic nxt time ill ride the 32 mile blue trail  it has big lime pits to ride through ",bikerjoe_165,"November 29, 2011",3.0,Unknown,https://www.singletracks.com/bike-trails/withlacoochee-state-forest-croom-sec/
"
 Rode the Croom 35 mile Challenge.  I felt like there were a fair share of gradual climbs which made a long distance endurance race challenging.  Some of the technical areas were surprising, as you would ride for long periods with nothing but cross-country trails and then all-of-a-sudden - here's a major gully.  I enjoyed it, but don't ride it alone because this is out in the middle of nowhere.  Also, alot of signs of ATV's and hunters... ",reif-s,"February 20, 2010",4.0,Unknown,https://www.singletracks.com/bike-trails/withlacoochee-state-forest-croom-sec/
"
 Lonely and sandy. Not a lot of people go here it is so far out of the way which has it's pros and cons. Pro's being quiet enjoyable deep Florida woods. Con's are that the trails don't get run enough so they are getting hard to follow in certain areas and the spiders, these huge fricken banana spiders (I'm reading that the North American version is not poisonous enough to hurt humans), keep building webs across the paths, not so fun. Also, the sand can make some parts miserable, just completely saps all your energy. Lots and lots of sand. Some interesting parts around what I guess are old phosphate mines and mounds. Very pretty deep woods but something that disturbs me is complete lack of any wildlife what-so-ever. I think i saw a squirrel and 1 armadillo last time I went for 4 hours. Just eerie quiet, devoid of life (except for the spiders). I guess the hunters have completely wiped the place out or it wasn't a good time of year, pretty sad actually, all that space and no wildlife.* Review edited 10/15/2009* Review edited 10/15/2009* Review edited 10/15/2009* Review edited 10/15/2009 ",Phlip44,"October 15, 2009",3.0,Unknown,https://www.singletracks.com/bike-trails/withlacoochee-state-forest-croom-sec/
"
 A pleasant surprise. I rode the ""yellow"" trail today, aka: Tucker Hill Trailhead. It costs two dollars to ride from this area, paid via a convenient pay box near the ranger's station. The trail was fun and tight, nothing too crazy. Surprisingly good cardio workout due to the natural rolling terrain. Be careful around the north side of the yellow trail, the signs and trail are not marked too well- I ended up backtracking and coming back out on the main road- have no idea where I got turned around! LOL Bring a map with you, and a GPS if you have one- it can get a little confusing on the trail without one. Some areas of sugar sand, but not unrideable. I ate three large banana spiderwebs, almost ran over a snake of some sort, and got pelted with bugs galore. Just another fun day out on the trail. I'll definitely come back here; it's closer to me than Santos, and offers a similar riding experience. I was happy with some of the downhill sections, it was a pleasant surprise to have some of those in Florida.
ADDED 11/2/10:
Rode out to Drunken Monkey which is off the rail trail. Getting there was a royal PITA. Sand was terrible, poor signage, and just really boring riding. Drunken monkey was OK, but it really doesn't hold a candle to any of the other trails I have been on close by. Do yourself a favor and stick with Santos, Boyette and Alafia. I slipped out onto the rail trail and rode the paved section back to my car it was that bad.* Review edited 11/2/2010 ",rich67,"August 21, 2009",2.0,Unknown,https://www.singletracks.com/bike-trails/withlacoochee-state-forest-croom-sec/
"
 One of the FEW trail systems in Florida with REAL hills. Lots of miles with elevation changes, some fun pits areas, but it does get sandy in the dry season. They have seperate horse and hiking trails so the bikes dont have to share. The best time to ride here is May through September. Trails are closed during Deer hunting season.   ",darrinw2001,"May 31, 2009",3.0,Unknown,https://www.singletracks.com/bike-trails/withlacoochee-state-forest-croom-sec/
"
 Rolling hills, lots of wildlife, can get sandy during the dry season, but is a very cool place to ride from may to September. This is the Yellow loop that is about 12 miles, they have another Blue loop that is 32 mils and a couple connector trails that are about 5 miles.  ",darrinw2001,"May 30, 2009",3.0,Unknown,https://www.singletracks.com/bike-trails/withlacoochee-state-forest-croom-sec/
"
 14 miles???? This trail system has over 50 miles of sweet singletrack with rolling hills, twisty turns, and even some really fun pits areas with jumps. Lots of wildlife and solitude out here and camping is close by. It does get sandy during the dry season, but so does every other trail in Florida. * Review edited 5/29/2009 ",darrinw2001,"May 29, 2009",4.0,Unknown,https://www.singletracks.com/bike-trails/withlacoochee-state-forest-croom-sec/
"
 This was the first off-road trail I ever rode and was immediately hooked! Great for beginners, plus you can ride over 30 miles here if you want. A few memorable spots here, and a fun, easy ride. ",brooke3,"March 6, 2007",4.0,Unknown,https://www.singletracks.com/bike-trails/withlacoochee-state-forest-croom-sec/
"
 This trail isn't in Orlando but in Brooksville.  I rode about 23 miles of it on 21 Jan 07 and it is a very sandy and grueling single track.  Take plenty of water and a snack or two as there aren't many places to bail out.  ",dlnelson15,"January 23, 2007",2.0,Unknown,https://www.singletracks.com/bike-trails/withlacoochee-state-forest-croom-sec/
"
 The Croom Tract also contains hiking trails and horse trails. Hikers may walk on horse or off-road bicycle trails and you may encounter hikers or equestrians at trailheads and trail crossings. Please be courteous to hikers and horseback riders. Allow hikers and riders to pas you on trails designated for them. Step off the trail and downhill from passing horses. Stand quietly and listen for instructions from the rider. ",ositoking,"September 23, 2006",4.0,Unknown,https://www.singletracks.com/bike-trails/withlacoochee-state-forest-croom-sec/
"
 It's not in Orlando, actually right by Brookesville. Went on a Monday (took off work!!) and had a blast. Felt a little longer than the 12 miles listed at the trail, maybe 14 is more accurate. There is also a 35 mile loop and several connector loops. Found a big clay pit at the end of one connector loop, had some fun there. great single track without any real technical stuff. Just a fun, clean, good ride / workout. ",dashreeve,"May 4, 2006",4.0,Unknown,https://www.singletracks.com/bike-trails/withlacoochee-state-forest-croom-sec/
"
 I rode it on 2/19/2006 and it was really sandy and I would give it a fun factor of a low/medium. On a positive note, there are some sections where it's possible to get some speed but it's like riding from the beach to the trail, beach to the trail ...  ",jackthelab,"February 19, 2006",2.0,Unknown,https://www.singletracks.com/bike-trails/withlacoochee-state-forest-croom-sec/
"
 Great Trail system. Plenty of distance and variety. Most of it is fairly easy but there are some sections to challenge you a bit on downhills. Trails are well marked and well traveled. ",Sporgo,"March 7, 2020",5.0,Unknown,https://www.singletracks.com/bike-trails/sanfalasco/
"
 Its Florida, so its mostly flat, but nice 8 miler, to get legs warmed up. Not hard ",CaribMtb,"March 30, 2019",3.0,Tung Nut Loop,https://www.singletracks.com/bike-trails/sanfalasco/
"
 Nice trail ",Bingboy Oldendorf Mapa,"January 29, 2019",5.0,Unknown,https://www.singletracks.com/bike-trails/sanfalasco/
"
 First part of the trail was nice,but after the midway point over grown. Then I found out why at about half a mile left and there was flooding. Had to turn back around. Other than that good ride. ",Dmteagle,"October 8, 2018",4.0,Cellon Creek Loop,https://www.singletracks.com/bike-trails/sanfalasco/
"
 Great FL ride. Some elevation change but nothing crazy. More xc focused. ",OffTheWall,"September 8, 2018",5.0,Unknown,https://www.singletracks.com/bike-trails/sanfalasco/
"
 The best trail at San Felasco.  It flows well, though not as difficult as Conquistador, it is longer with better descents.  8 mile scenic trail that really shows what San Felasco is all about. ",acrmedic,"March 26, 2018",5.0,Tung Nut Loop,https://www.singletracks.com/bike-trails/sanfalasco/
"
 Scenic trail in the very back of the San Felasco network.  Nothing too technical, but worth riding with other trails in the back. ",acrmedic,"March 26, 2018",4.0,Pine For You,https://www.singletracks.com/bike-trails/sanfalasco/
"
 Mellow trail with gradual elevation change.  Can be fun with speed when heading back to main TH. ",acrmedic,"March 26, 2018",3.0,Meadow View,https://www.singletracks.com/bike-trails/sanfalasco/
"
 This is the most challenging trail in the San Felasco system.  Constant elevation change makes it a great trail.  It is hard due to the steep climbs, but not too technical.  This trail is not to be missed, and one of the best in the Gainesville area! ",acrmedic,"March 26, 2018",5.0,Conquistador,https://www.singletracks.com/bike-trails/sanfalasco/
"
 Great trail to take novice riders on in the San Felasco system.  It is around 4-5 miles that loops back to the trailhead.  Little elevation change, but some roots to keep it interesting. ",acrmedic,"March 26, 2018",4.0,Cellon Creek Loop,https://www.singletracks.com/bike-trails/sanfalasco/
"
 Tough workout trail! Leg and lung burner for us older guys. Gradual climbs you don't realize you're on at first but the descents are the payoff ",Ron Williams,"March 12, 2018",4.0,Unknown,https://www.singletracks.com/bike-trails/sanfalasco/
"
 If you plan on riding from start to finish you can't. Flooded out at end of loop near parking. ",Bruza54,"February 17, 2018",3.0,Cellon Creek Loop,https://www.singletracks.com/bike-trails/sanfalasco/
"
 Most of the trails have been cleared after the recent storm ",Aron213,"September 29, 2017",4.0,Unknown,https://www.singletracks.com/bike-trails/sanfalasco/
"
 Very good intermediate trail system with plenty of grade for a good workout. ",Gregory James,"August 11, 2017",5.0,Unknown,https://www.singletracks.com/bike-trails/sanfalasco/
"
 Miles and Miles of trails in north Florida.  Well maintained, fast and fun. ",Joe Caridi,"July 1, 2017",5.0,Unknown,https://www.singletracks.com/bike-trails/sanfalasco/
"
 Excellent leg burner. It'll test your endurance, and you'll probably love it. ",Logan Hömmel,"February 26, 2017",5.0,Conquistador,https://www.singletracks.com/bike-trails/sanfalasco/
"
 Awesome trails that are well marked. Lots of hill climbing on some trails. Feels like you are in the mountains on tug nut. Beautiful scenery. ",msith69,"February 13, 2017",5.0,Unknown,https://www.singletracks.com/bike-trails/sanfalasco/
"
 Great trail to ride. not much Hike a bike at all, rode in December so in the Florida heat of July it may be different. also, it was very dry conditions. A little difficult to navigate but it is also a great place to get lost, there are utility line trails and double-tracks that can lead you back out quickly if plans change.  I can highly recommend for all levels. Parking is 4 dollars at the entrance per car or 2 dollars if you arrive on bike or walk in. ",axxman,"December 31, 2016",5.0,Unknown,https://www.singletracks.com/bike-trails/sanfalasco/
"
 A bit more challenging than some of the other sections, but nothing overwhelming.  Climbs are lengthened out so they are not too steep.  Likewise the DH portions are fun but no drops to be found.  Great trail for a fit intermediate rider.  Don't let the expert rating keep you off this section. ",Hap Proctor,"October 17, 2016",4.0,Conquistador,https://www.singletracks.com/bike-trails/sanfalasco/
"
 My favorite trail in San Felasco ",GatorMTB,"August 16, 2016",5.0,Tung Nut Loop,https://www.singletracks.com/bike-trails/sanfalasco/
"
 Great beginner trail. Can't complete the whole loop as of now due to some flooding with the recent tropical storm, but easy to go back the other way. ",GatorMTB,"June 16, 2016",5.0,Cellon Creek Loop,https://www.singletracks.com/bike-trails/sanfalasco/
"
 This place is amazing and way under-rated. I drove up to northern central Florida to ride Ocala, after 1 day at both Santos and Vortex, I decided to look for something else and found this. I'm very happy I took a chance with it, now to be fair, if you're looking for highly technical terrain, this is not for you, most of the terrain here just flows, which is precisely what I liked so much, its odd to find such long flowy down and uphills in FL. What so great about it is how different it is from most highly recognized trails in FL (Ocala, Alafia, etc). Admittedly, its complicated to navigate as the network is huge and full of loops, but you're never really lost if you carry a map with you. If you find yourself riding in the open, you made a wrong turn, all the good stuff is in the woods. From a non mtb perspective, I saw a lot of wildlife on the trails, spent two hours there and spotted numerous deer ",blindstuff,"June 13, 2016",5.0,Unknown,https://www.singletracks.com/bike-trails/sanfalasco/
"
 Really simple.  Serves as a nice warm up loop to get the blood flowing.  Anyone of any skill level can ride this. ",speedliner,"May 16, 2016",3.0,Cellon Creek Loop,https://www.singletracks.com/bike-trails/sanfalasco/
"
 I only got to ride about half of it.  The beginning is pretty tame but gets more challenging the further out you get.  You can reach most of the other trails off of it.  Look forward to going back and riding all of it. ",speedliner,"May 16, 2016",4.0,Tung Nut Loop,https://www.singletracks.com/bike-trails/sanfalasco/
"
 Not as tough as Conquistador.  Still some nice up and down over the hills.  The nice thing about the trail system out here is there is something for everyone. ",speedliner,"May 16, 2016",4.0,Hidden Rise,https://www.singletracks.com/bike-trails/sanfalasco/
"
 Nice little trail for entire family to enjoy. ",speedliner,"May 16, 2016",3.0,Meadow View,https://www.singletracks.com/bike-trails/sanfalasco/
"
 I believe this is the toughest trail out here.  Challenging but a lot of fun.  Quads will burn on climbs and plenty of speed on decent.  Many roots also add to the challenge. ",speedliner,"May 16, 2016",5.0,Conquistador,https://www.singletracks.com/bike-trails/sanfalasco/
"
 I was originally skeptical based on reviews and YouTube videos.  I only got to ride about 10 miles of trails.  A very cool place.  Everything from basic flat to longer climbs, switch backs, downhills.  Probably best to plan a day with a break in the middle to ride all of it.  The one downside some of it is not marked well. ",speedliner,"May 16, 2016",4.0,Unknown,https://www.singletracks.com/bike-trails/sanfalasco/
"
 Great trail for testing your endurance and technical skills! Tough trail but a lot of fun!!! ",Mark Richardson,"March 22, 2016",5.0,Conquistador,https://www.singletracks.com/bike-trails/sanfalasco/
"
 Drove north from Ft. Lauderdale just to ride this trail based on reviews on this site. All in all I found it (and the entire San Felasco network) very enjoyable. This is as different from south Florida riding as something could possibly be- no super technical man-made double reds and blacks but plenty of flow, flow, flow. You can roll a lot of miles and get the heart pumping and lactic acid built up in the legs.
It was a Saturday afternoon and we pretty much had the whole place to our selves. We had a post ride chill out on the grassy/prairie like parking area and played some wiffle ball. Its a huge, wide open, scenic area. The trails were in very good shape, although not well marked in places. It was easy to get lost at times- although also easy to find way out. We were never able to find ""Conquistador"" although not for lack of looking. A local we ran into did his best to direct us, but even he admitted you have to consider getting lost part of the fun.
This is a fun, satisfying ride. Nothing heart in throat about it, but we get that at Markham all the time, so this was really enjoyable: scenery, flow, mileage, and the few folks we did run into were very friendly. Very enjoyable leg burner where you can log some miles in Florida. ",Jan Smith,"March 14, 2016",4.0,Tung Nut Loop,https://www.singletracks.com/bike-trails/sanfalasco/
"
 Quite a drive from Pinellas county but worth the drive if you are looking for a nice well-marked network.  Grass meadow, pine lined single track and a few tight spots to keep you looking ahead! ",SLOWGATOR00,"January 12, 2016",4.0,Unknown,https://www.singletracks.com/bike-trails/sanfalasco/
"
 Like the description says this is a true XC trail. My first time here, although there trails are quite wide the actual paths are narrow. Quite slippy this time of year with all the leaves and needles. Pretty bumpy ride for the most part, some due to exposed roots and some texture, as opposed to the very smooth xc trails of santos. Nice elevation changes make for great conditioning. Saw multiple doe on this ride, big ones. Kind of prehistoric in the farthest trails from the TH. Imagine even more beautiful when everything is green. Almost zero sand, quite hard packed. ",Back-N-Black,"November 28, 2015",4.0,Unknown,https://www.singletracks.com/bike-trails/sanfalasco/
"
 I love this place !! I  travel 95 miles to ride here as often as I can from Jacksonville, I get plenty of hard riding and am usually spent after a day here. not technical but plenty of up and down and fast flowing singletrack. enough trail here to always change up my route. Awesome!!!!!!! ",Oerdabars,"October 11, 2015",4.0,Unknown,https://www.singletracks.com/bike-trails/sanfalasco/
"
 Hey everyone. I am a relative newbie but just want to get some more current info out there.
First the map generated from this app takes you to a golf course community.
Enter 13201 Progress blvd. alachua fla in your gps and it will take you to the trail head.
The trails are not bad. There are some roots but no logs or jumps that I found. I only did about 6 miles though and will try to head back in a couple days. If you take the first left as you go in, toward the cellon creek trail, it will take you back to the other trails.
Peace. ",imaptone,"April 1, 2015",5.0,Unknown,https://www.singletracks.com/bike-trails/sanfalasco/
"
 Trails can be ridden by everyone above a beginner.  Do not let the black or double black diamond designations scare you.  Not much technical stuff and all climbs and descents are gentle, stretched out rides.  Plenty of trail markers and ""You are here"" stylized maps.     May not know where you are exactly, but you are never lost. Can probably put in 25-30 miles if you ride each trail in its entirety.  Santos and Alafia will get all the raves but these trails should be ridden  if you are in the area. ",Hap Proctor,"February 11, 2015",4.0,Unknown,https://www.singletracks.com/bike-trails/sanfalasco/
"
 A beginner's dream.  A wide, flat, flowing trail.  Great scenery and wildlife to boot. ",Hap Proctor,"February 11, 2015",3.0,Cellon Creek Loop,https://www.singletracks.com/bike-trails/sanfalasco/
"
 So much fun and so peaceful. I've been here a few times now and the last was for the Tour De Felasco. Great event, lots of fun, fantastic people. The biggest challenge here are the climbs,... they're also the biggest reward on the downhill. For a central Floridian like myself, you just don't get trails like this back home. ",skclements,"January 12, 2015",4.0,Unknown,https://www.singletracks.com/bike-trails/sanfalasco/
"
 Well marked loop system, easy to return to trail head from far East end of park, avoiding the loops by sticking to the main trails, it's a well thought out trail system. Good cardio work out for Florida, plenty of deer, nice mix of tall southern slash pines and towering oaks. Some trails smooth without roots, a nice change from the phosphate mine parks to the Southard. I'll be going back, for sure. ",Captsteveb,"January 6, 2015",5.0,Unknown,https://www.singletracks.com/bike-trails/sanfalasco/
"
 Lots of miles you can ride but it is very easy to get lost. Spent about half my time here trying to figure out where I was and where I was going. I ended up doing about 10 miles here after doing the Rock and Powerlines. Compared to those trails, this is by far the most maintained. I saw 7 deer while out there. Bikewash and bathrooms. Maybe if I had a guide or was not as tired it would have been more enjoyable. ",Alex Schmitt,"July 2, 2014",3.0,Unknown,https://www.singletracks.com/bike-trails/sanfalasco/
"
 Soggy Bottom is truly soggy.
Stay off this trail if you don't want to spend time cleaning your drivetrain. ",Uberjody,"March 25, 2014",5.0,Unknown,https://www.singletracks.com/bike-trails/sanfalasco/
"
 I rode this trail for the first time yesterday. I will start by saying that there were lots of deer, and took pictures and videos of at least 25. Some would just stand there and watch me ride by if I was smooth and didn't stop (literally stand by the side of the trail). The trail is well marked. I rode about 2/3 of it and hit all but the lat two loops, and the one at the very beginning. A cold front passed the day before and rained steadily most of the day. That left the trail slightly weepy on some of the downhills. However, the trail still rode hard and did not mush out into mud, but solid hard sandy bottom. There was a lot of leaf litter, but it's just that time of year. Soggy Bottom loop was literally a stream and I rode through it laughing up to my axels. It was completely ridable however. I didn't see  single rider the entire day. In the future, I will give it two days to dry out post rain, but it's still fun regardless. ",madmanwithabike,"March 19, 2014",4.0,Unknown,https://www.singletracks.com/bike-trails/sanfalasco/
"
 Technically, this trail leaves much to be desired. If you are looking for a challenge then this is not the trails for you. If you are looking for a great day of riding or a way to get 40 miles under your legs then this IS the place for you. I rode here every weekend for a year and always came across deer, turkeys, and hogs. The organization that maintains the trails, Friends of San Felasco, are very dedicated to what they do and want to sustain this trail system for years to come. Because of this, I give this trail system 4 out of 5 stars. ",jbond352,"October 26, 2013",4.0,Unknown,https://www.singletracks.com/bike-trails/sanfalasco/
"
 Great trail system. ",Uberjody,"October 20, 2013",4.0,Unknown,https://www.singletracks.com/bike-trails/sanfalasco/
"
 the new trails in the back are awesome. How does this trail get a lower rating than trails with no stars at all? I think your formula needs re-formulation ",Uberjody,"June 23, 2013",4.0,Unknown,https://www.singletracks.com/bike-trails/sanfalasco/
"
 3.5.  Nice XTC track.  Nothing technical.  Let's you push hard without reprisal.  Your lungs and legs are only limit. Overall nice mapping but would like to see a few more at critical intersections.  I would give higher rating if there were a few technical runs. ",wwhidden71,"January 19, 2013",3.0,Unknown,https://www.singletracks.com/bike-trails/sanfalasco/
"
 This trail is quite horrid in the summertime.  It's a big open field in the sun and it seems like they just take you back and forth to go up a couple of hills for no reason.  Not really any good flow, rhyme, or reason.  I'd skip it and hit some of the other trails here  that run deep into the forest.  Not worth the wasted effort when you can ride other better stuff further into the  system like tung nut, conquistador and cane brake. ",dcluley,"November 21, 2012",1.0,Meadow View,https://www.singletracks.com/bike-trails/sanfalasco/
"
 Tung Nut Loop starts off pretty tame but slowly evolves into one of my personal favorite individual trails. Trail is well maintained and has maps at trail intersections. Beginners may have to hike-a-bike at points but experienced riders should be able to clean this one. The scenery is hard to beat in Florida. Awesome trail.  ",limetownjack,"July 1, 2012",5.0,Tung Nut Loop,https://www.singletracks.com/bike-trails/sanfalasco/
"
 Just O.K. They have a lot of miles of fairly boring riding with no technical challenge to speak of (to be fair I didn't ride the conquistador loop, which was rated the hardest).  The trails feature lots of decent climbs (for Florida) and downhills without much flow.  It is good for a cardio workout, but not as ""fun"" as some others in the area. The wildlife was cool, with a lot of deer-must have seen 30 of them on our 25 mile ride.  Trails I liked the most were Tung Nut and the Brake section of the figure 8 (they call it that for a reason if you are going ccw!). Everything else was pretty meh.  Skip Meadow view and Bramble Ramble if you can, especially if its summer. If you want more fun and technical stuff, head 45 minutes south to Santos and Ross Prarie.* Review edited 12/30/2011 ",dcluley,"December 31, 2011",3.0,Unknown,https://www.singletracks.com/bike-trails/sanfalasco/
"
 This is my personal favorite trail, has some open areas a nice prairie ride some intense hill climbs nice downhill sections and enough technical to never get bored with this trail, I would recommend this for someone that has experience but doesn't know how good they are this trail will show your strengths and weaknesses ",OIIIJEEPIIIO,"October 12, 2011",5.0,Tung Nut Loop,https://www.singletracks.com/bike-trails/sanfalasco/
"
 This is a good beginners course for mountain biking there are some hills and plenty of roots, do this trail a couple times if you don't have any experience trail riding ",OIIIJEEPIIIO,"October 12, 2011",4.0,Cellon Creek Loop,https://www.singletracks.com/bike-trails/sanfalasco/
"
 This is my place to ride there are trails for everyone here and it never seems to get boring. Just make sure you roll up your windows because if you lose proof (either someone takes the tag or the wind will blow it out) that you paid and a ranger catches you they will ream you regardless of reason they can be real @$$es ",OIIIJEEPIIIO,"October 12, 2011",5.0,Unknown,https://www.singletracks.com/bike-trails/sanfalasco/
"
 This is also the first trail I rode. Not very hard but the length and some of the small climbs might be difficult for some beginners. Overall it's a very nice trail to start out with. ",victorwlayne,"September 28, 2011",4.0,Cellon Creek Loop,https://www.singletracks.com/bike-trails/sanfalasco/
"
 I ride this regularly and the trails are in great shape at the moment. This trail is currently on the chopping block for state park closures, so 1. write your legislator, and 2. get your riding in just in case :(  It is a great trail system with a lot more elevation than a lot of Florida trails...when it is fully open (the January event) you can log 50 miles, and it is a tough 50. Conquistador is a superb climb, and I hope for more trails like it. Tung nut is still the staple ride, and most of the others are lackluster in technicality but a great singletrack over a long distance. If you are in the north Florida area, make sure to check out Santos too. There are a lot of good trails in Florida, despite the relative lack of elevation. ",Michael Paul,"June 12, 2011",4.0,Unknown,https://www.singletracks.com/bike-trails/sanfalasco/
"
 flat singletrack towards the back of the park. nothing really special just more miles to be had at San Felasco. ",IdahoLife,"May 22, 2011",3.0,Creekside,https://www.singletracks.com/bike-trails/sanfalasco/
"
 A south Georgia XC rider's dream come true as you can easily log 40-50 miles on good old ""in the middle of nowhere"" singletrack. Trails are fairly well maintained and very well marked. Lots of wildlife to enjoy, you're almost guaranteed to see deer. Trails aren't too technical but enough so that the experienced rider won't be bored. Make sure you bring lots of water if you plan to make the ride out to Hidden View. (http://www.sanfelasco.net/index.shtml)    *UPDATE: The preserve has had some major feral hog problems and there are sections of the trail that have been completely destroyed. still rideable but you'll likely have to ""hike-a-bike"" in some sections.* Review edited 9/23/2012 ",limetownjack,"April 10, 2011",4.0,Unknown,https://www.singletracks.com/bike-trails/sanfalasco/
"
 Nice singletrack that is suitable for beginners. Some nice views of San Felasco. There is not much in the way of a challenge with this trail but it can be linked with Tung nut to make a nice loop.  ",IdahoLife,"March 25, 2011",3.0,Meadow View,https://www.singletracks.com/bike-trails/sanfalasco/
"
 I like this trail because you start out in an open pine forest and get some nice descents and climbs and then it goes into some tight singletrack where you really feel like you’re flying. Not much traffic out there either because you can’t get any further out in the park.  ",IdahoLife,"March 14, 2011",4.0,Hidden Rise,https://www.singletracks.com/bike-trails/sanfalasco/
"
 A good 2.5-3 miles loop in the back of the park. It’s nice because not many venture that far out and you really get a feel for the scenery and nature. Good singletrack ",IdahoLife,"March 14, 2011",4.0,Pine For You,https://www.singletracks.com/bike-trails/sanfalasco/
"
 I go to this trail to gauge my fitness level. Lots of climbing and decending. I love the downhills on this trail. The best i have ridden in Florida. ",IdahoLife,"March 14, 2011",4.0,Conquistador,https://www.singletracks.com/bike-trails/sanfalasco/
"
 a great XC loop that will test your lungs and give you a great workout. I love the downhills on this loop. Just remember what goes down must go up...again and again ",IdahoLife,"February 19, 2011",4.0,Tung Nut Loop,https://www.singletracks.com/bike-trails/sanfalasco/
"
 I got my first taste of MTB on this trail. It's a great trail to start mountain biking with because it is not so easy that you get bored but it's not so hard that it will intimidate new riders. A couple small patches of sugar sand and some gradual elevation changes keep the trail interesting…not to mention the beautiful scenery.  ",IdahoLife,"February 19, 2011",4.0,Cellon Creek Loop,https://www.singletracks.com/bike-trails/sanfalasco/
"
 San Felasco is more like a trail system than just a single trail. There are miles upon miles of good singletrack here. Trails are nicely maintained and there is a little something for everyone here. ",IdahoLife,"February 4, 2011",5.0,Unknown,https://www.singletracks.com/bike-trails/sanfalasco/
"
 This is my back yard. Very well done. I ride here weekly. well maintained. Recently added some new trails including "" The conquistador"" 2 miles of strong hills. very well worth riding.  ",connorbug1,"February 2, 2011",0.0,Unknown,https://www.singletracks.com/bike-trails/sanfalasco/
"
 My go-to trail, even though it's two hours from my house. With a buffet of loops, you can do a different ride here each week.  Hills, roots, smooth sections, tight & twisty sections, there's a lot to do here.  * Review edited 3/30/2011 ",magicpantsjones,"December 12, 2010",5.0,Unknown,https://www.singletracks.com/bike-trails/sanfalasco/
"
 Rode here for the first time this past weekend. Very nice system of trails, some decent hills and not too technical. Just make sure you bring a map and GPS first time out, the trail markings are pretty poor. If you want to hit the further-out trails, stay on Tung Nut and jump off by using Hammock Hub- this loop will take you to the further out trails. Conquistador is pretty sweet. Nice elevation changes and fun downhills. There are a lot of doubletracks that lead all over the place; it's easy to get lost if you don't know the area. ",rich67,"October 26, 2010",4.0,Unknown,https://www.singletracks.com/bike-trails/sanfalasco/
"
 Every year I do The Tour de Felasco and it's an awesome ride. the trail is pretty hard packed and hilly. The tour is sweet so try to get a spot but space is limited ",FishBoy87,"September 23, 2010",3.0,Unknown,https://www.singletracks.com/bike-trails/sanfalasco/
"
 I raced on this track in the 8 Hours of Labor race. It moves very nicely. The uphills are challenging, but not outrageous. The downhills are fast. Some roots, but mostly nice single track. ",jbster13,"September 16, 2010",4.0,Unknown,https://www.singletracks.com/bike-trails/sanfalasco/
"
 Just rode this trail for the first time and have to say it is one of my favorites.  It has a real nice flow to it with some good climbs.  Trails were cleared and mowed very well.  Only had time to ride about half but will be coming back even though its over a 2 hour drive for me. ",kevprides,"August 30, 2010",5.0,Unknown,https://www.singletracks.com/bike-trails/sanfalasco/
"
 Nice trail with some good climbs and switchbacks.  Beautiful views.  We rode the Tung Nut Loop as well and I assume it is not frequently traveled due to the grass growing.  I was going to give it a 3 rating because of the high grass on the trail but when I left and saw the bike washing station I had to bump the review up a notch.  Wish all trails had these as it was nice to get the dirt/sand off my bike and wash off myself. ",topjimmy,"August 19, 2010",4.0,Unknown,https://www.singletracks.com/bike-trails/sanfalasco/
"
 A very XC trail. Almost any skill level can ride all trails, its just an issue of fitness. With tons of miles and some up and down runs you can get a great workout. Ran the whole trail including both new sections. The distance gives it the edge to a four. But again, think of this as XC, not technical or great downhill. ",GoKite5,"July 26, 2010",4.0,Unknown,https://www.singletracks.com/bike-trails/sanfalasco/
"
 Been there quite a few times & rode the newest section for the second time today.  Thought the first time was rough since I stumbled upon it after a long ride, boy was I mistaken.  I am a little out of shape at the moment but the name ""dominatrix"" is a bit miseading in my opinion, I am all for a spanking once in a while but this was a good old fashioned kick in the yarbles.  Was fun though, just don't get to excited by the downhill you will soon be climbing again! ",zaphodb43,"July 13, 2010",4.0,Unknown,https://www.singletracks.com/bike-trails/sanfalasco/
"
 Only been riding about two months and this is my favorite place to ride.  Cellon Creek loop is a nice place to learn how to ride and then up to the Tung Nut loop for a challenge.  Have ridden almost all the trails except a few in the back, but a great place to ride.  Great map and everything is well marked. ",rwingman,"May 9, 2010",5.0,Unknown,https://www.singletracks.com/bike-trails/sanfalasco/
"
 There is a new loop off of Hammock Hub...It's about 3 miles long and the decents and climbs are more intense then on Tung Nut.  ",IdahoLife,"May 1, 2010",5.0,Unknown,https://www.singletracks.com/bike-trails/sanfalasco/
"
 Rode this trail once last year and wrote it off, but have recently been visiting there weekly. This trail is loads of fun, very well designed, very well marked, trail is maintained. Great place to ride. ",Jordan300,"August 29, 2009",5.0,Unknown,https://www.singletracks.com/bike-trails/sanfalasco/
"
 Sanflalasco, has it all for XC riders looking to get some good distance. However, there is nothing too special only a lot of trails.  I rode the entire trail network in about two hours including getting lost a few times.  I was expecting some vicious hills during the Tung Nut loop but it was pretty moderate, nothing killer.  The biggest let down is there in know great DH section or anything really technical, only log crossings.  Otherwise it's a good time, you can really feel isolated when you are in the far back of the trails which is nice.  The wildlife is great more dear than I have seen before, armadillos, and bobcats, by the way it spooked me good at  first.  Have a good time and enjoy tons of parking and a bike wash.  The directions are wrong follow the one's by ""Phil"".* Review edited 2/2/2009 ",RunandBike0519,"February 2, 2009",3.0,Unknown,https://www.singletracks.com/bike-trails/sanfalasco/
"
 Great Trail. Only been there once. Lots of single track, did not find anything too technical, but then again I've only been there once. ",Jordan300,"August 18, 2008",3.0,Unknown,https://www.singletracks.com/bike-trails/sanfalasco/
"
 I have been riding Hannah Park for 15 years and now live just a mile away. After reading the reviews, I was expecting the trail to be more difficult than it was. There are some challenging hill climbs and the downhill sections were a blast to charge down as fast as we could. There are also some grassy flat sections that give you a little break. We will definitely go for the ravine trails next time which will lengthen the ride and work the legs more. Overall, a very good trail for intermediate riders and experts who can ride hard the entire trail. I did enjoy watching one guy go over one of the tree bridges just after passing us and eat the dirt!! ",jimgann,"June 23, 2008",4.0,Unknown,https://www.singletracks.com/bike-trails/sanfalasco/
"
 I Ride this trail on a regular basis (once or twice a week, depending) and absolutely love it. IT is a great place to go to get away. All the trails are well maintained thanks to our fellow bikers who go out and maintenance the trails once a month. IT is always open, 8:00 AM to sundown, and admission is 2$ a car load. Tung nut is a great loop, about 8.4 miles with a bail out about half way if your finished. Allot of uphill in the first potion then nice steady ups and downs to cary you through the rest. Kanebreak trail towards the back of the park is by far my favorite. Endless fun and great technical riding, Unless you like hugging trees, keep your eyes on the trail. Overall the trails are beginner to intermediate, nothing hard... only thing is be in shape, but that is needlessly said to our weekend warriors. ",necritheus,"July 16, 2007",5.0,Unknown,https://www.singletracks.com/bike-trails/sanfalasco/
"
 I rode this trail on St. Patty's day just recently and it was fantastic.  About 20 miles all together although the last set of trails are very bunched together and aren't really guided well.  I think they are working on new trails and just haven't marked them yet.  I got lost for about an extra 5 miles each way.  But the best section of trail I found was tungnut loop when you enter the woods.  Good decents and climbs.  Some challenging climbs at that.  The most scenic trail I've been to.* Review edited 3/21/2007* Review edited 5/7/2007 ",papercityhustler,"March 21, 2007",4.0,Unknown,https://www.singletracks.com/bike-trails/sanfalasco/
"
 Didn't get a chance to do the 8-mile Tung Nut loop, but I did check out the 4-mile Cellon Loop trail.  Fun, and not too strenous.  Some roots and nice log jumps, and lots of places to pick up speed as well.  Very peaceful scenery, too!
PS - be sure to bring some H2O as some trails are straight in the sun and there's no H2O along the trails!  ",clkellogg,"September 6, 2006",4.0,Unknown,https://www.singletracks.com/bike-trails/sanfalasco/
"
 One of the best singletracks in Florida.   About 20 miles of trails.  Separate trails for mountain bikes and horses.  Heavy hurricane rains have flooded one section of the trail.  Good trail for anyone except for beginners...lots of switchbacks, razorbacks, and elevation changes.  Second best trail after Santos...just down the road!       ",pryder,"February 13, 2006",5.0,Unknown,https://www.singletracks.com/bike-trails/sanfalasco/
"
 This is one of my favorite trails in Florida - it is a true XC trail that wanders through some awesome prairie and forest land.  You can get some decent speed and the switchbacks in some areas are very well planned.  To give an indication of how good this trail is - I'm driving to FL from NC and I'm taking my bike to go ride San Felasco!  Make sure to pay your fee on the honor system.  I have a hard time comparing ANY trail in Florida to trails in Helen/North Georgia, but if you live in Florida within a 1-2hr drive of Alachua...make the trip, you won't be disappointed!   A good site for updates on this trail is:  rogersunderland.com  ",EZ-E,"June 27, 2005",4.0,Unknown,https://www.singletracks.com/bike-trails/sanfalasco/
"
 Amazing area for being right in the city , full suspension helped get over roots .
Overall dry conditions ",Paul Loeffelholz,"January 12, 2020",5.0,Unknown,https://www.singletracks.com/bike-trails/oleta-state-park/
"
 it is a good trail. A lot of roots though, hardtails might become a little uncomfortable and you might need to stand most of the time ",fauzigo,"October 23, 2019",4.0,Unknown,https://www.singletracks.com/bike-trails/oleta-state-park/
"
 Very good trail for beginners. Even the advance trail is fairly duable for beginners. ",ailton84,"February 27, 2019",5.0,Unknown,https://www.singletracks.com/bike-trails/oleta-state-park/
"
 4 ",Firemigs,"February 25, 2019",0.0,Unknown,https://www.singletracks.com/bike-trails/oleta-state-park/
"
 Fun park with a wide variety of terrain ! ",Skydyvrdana,"June 18, 2018",4.0,Unknown,https://www.singletracks.com/bike-trails/oleta-state-park/
"
 Oleta River is a love/hate kind of deal. Let me start by saying it is worth riding, without a doubt. To me it's a 4/5. Great challenges but it does lack a few characteristics. The terrain is monotonous. Roots, sand, rocks and it is LOOSE. I cannot exaggerate enough when I say roots. There are an abundance of trails, however there's little distinction between the trails you're on. They are mostly similar in layout and features. They are well marked and have a variety of beginner, intermidate and expert trails. No problem there. This is not a place where you will find trails that constantly flow or a place where you can expect to find fast sections (more on that later). This entire place is a character builder. It will piss you off and reward you in the same moment. It's very technical and when you approach some features you just kind of scratch your head and say ""how?"", then you find a line and proceed to play. The roots provide the biggest challenge. They're most abundant EXACLTY where you wouldn't want them. The climbs and the climbs with sharp, narrow turns. It will teach you how to ride better and how to pick a line. Beyond the roots, many of the trails are very loose and rocky. There's a lot of careful manipulation needed to not wash out in the corners of some sections, which is also a good skill builder. There are some fun, quick ascents and drops found throughout the trails, including a few stair features, bridges (elevated and flat). No major elevation changes except for ""Stairway to Heaven"" which is probably the best part of the entire place. There's a lot of water accompanying many of the trails (several trails parallel the river), very nice scenery and SHADE to help beat the heat. For someone looking for a good challenge and ""expert"" trails, hitting ""Stairway to Heaven"" to ""Gilligan's Island"" are great choices. Stairway is a nice, extended ascent top of a 40-50' hill (roughly). The best part of the park to me, is this section. It is the only part of the park where you can hit the decent of the hill with some great speed AND there is a GREAT jump (optional) with a nice, smooth landing that is a new feature. I easily hit it 5-6 times and it will give you some GREAT air time depending on your speed. The rest of the Stairway section provides another fun descent following a pretty narrow and loose, challenging climb at the end. Gilligan's trail is very narrow, technical root features with lots of small and medium bridges to get over some fallen trees or big roots.  Another area worth mentioning that's a new addition is preceding Stairway. You will find  another quick, medium sized ascent into a banked corner, another quick and decent ascent, into another drop with two VERY AWESOME banked corner lines. Wide or tight lines. Caution: these end FAST in a very tight and loose right hand corner. I became close friends with a small tree due to not scoping the trail out beforehand. In conclusion, definitely visit it. Ride with open expectations and don't expect it to be Amelia or Markham. It's a different build. The park itself is a gem amongst the urban sprawl of Miami. It's cool to be in the woods and get a peek of the high rises at certain areas. The park offers many other activities like kayaking, camping, walking/running trails, picnic/event areas, fishing, etc. ",GearHead88,"May 13, 2018",4.0,Unknown,https://www.singletracks.com/bike-trails/oleta-state-park/
"
 There is something that needs to be done about walkers with loose dogs that are NOT on leash or on tight trails. Cant get good ride if you have to stop several times cause there is a dog running across your front wheel. Almost hurt the dog or turn into the trees to avoid one. Not to mention some dogs get scared and try to give you warning bite on your leg.
Also high crime area. Expect your car getting broken into sooner or later, if you ride there a lot. ",rocketbracket,"April 21, 2018",1.0,Unknown,https://www.singletracks.com/bike-trails/oleta-state-park/
"
 I absolutely love this park. It is slow, tight, rooty, with technical short up and downs all over the place. It is not flowy or smooth, but there's plenty of fun to be found working your way around all of the natural and man-made obstacles. ",daniel21490,"February 19, 2018",5.0,Unknown,https://www.singletracks.com/bike-trails/oleta-state-park/
"
 Fairly nice single track. Lots of tree roots they also but down a lot of loose gravel in the trails I assume to you help you see the trail but i found that with any kinda of speed it made the ride feel unstable. Also there is a very important lack of signage & trail maps out on the trails. I was stopped & asked for direction many times ",Jason Hamilton,"January 2, 2017",4.0,Unknown,https://www.singletracks.com/bike-trails/oleta-state-park/
"
 Home park! Rocky roots! Good full suspension ride! Giligans island (in back) is a super technical. ",sammrides39,"December 25, 2016",5.0,Unknown,https://www.singletracks.com/bike-trails/oleta-state-park/
"
 First time riding in Florida.  I am from Utah and I think this review will be most useful to someone visiting Florida and Oleta.  Locals may love this place because you could squeeze in a quick before or after work ride. And as you got to know the layout, you would be able to link trails together more quickly and easily.  Oleta is series of separate, tight, twisting, short rides divided by gravel/dirt roads, not one continuous ride.  I rode nearly all of the routes in 2 hours and that was with quite a bit of time spent trying to figure out how to get to the next group of rides.  (Make sure to grab a map at the ranger station.  Even with it, it can take time to get oriented because the trails are marked well but the roads connecting them are not.)  At first, riding through the swamps and jungles was cool and unique--but I was surprised at how quickly it got old.  Maybe because there was no flow or places to really get up some speed.  I don't mind technical riding and roots as long as it's mixed with some speed and flow sections. I saw lots of amateurs exploring mountain biking here which is fantastic.  The short length and slowness of the trails is well-suited to beginners.  Advanced riders will likely not enjoy Oleta as much.  Oleta was fun to try once but once was definitely enough for me. ",Utah Chad,"February 26, 2016",3.0,Unknown,https://www.singletracks.com/bike-trails/oleta-state-park/
"
 Not for people that come from well groomed trails. This is grass roots(no pan intended) trail riding in south Florida.
You can ride fast here you can ride anywhere. ",rocketbracket,"December 20, 2015",5.0,Unknown,https://www.singletracks.com/bike-trails/oleta-state-park/
"
 It has so much potential but you can tell they have done very little in terms of maintenance and upkeep. There's tons of rocks, roots and coral rock but it's boring. Beware of car break-ins. Last visit, a fellow riders car had the window broken for a bag he left. ",Victor Manuel,"December 17, 2015",1.0,Unknown,https://www.singletracks.com/bike-trails/oleta-state-park/
"
 My favorite place in Florida.  This is a beautiful park, right on the Intercoastal in N. Miami Beach.  Great trail system of one-way trails.  One trail will start and end, and the next one will pick up.  Great flow to everything. ",Lando_Griffin,"November 19, 2015",5.0,Unknown,https://www.singletracks.com/bike-trails/oleta-state-park/
"
 Rode the expert trails and a few intermediate....   very technival for fl riding and you need good bslance and the ability to ride slow since the trails are so tight
  It was wet too when i visited ",robwas,"November 18, 2015",4.0,Unknown,https://www.singletracks.com/bike-trails/oleta-state-park/
"
 First of all, the trails were wet and should have been closed the day we were out there, but they were poorly marked and even more poorly carved. We got off trail multiple times because we could not tell where to go. Very rooty, rocky and some technical climbs though. ",Myo-Fit,"November 14, 2015",2.0,Unknown,https://www.singletracks.com/bike-trails/oleta-state-park/
"
 All the trails are now reversed
Amazing!!!!
Come and enjoy, it's a new park ",Tincho,"October 21, 2015",5.0,Unknown,https://www.singletracks.com/bike-trails/oleta-state-park/
"
 For flat and no elevation ground the park is pretty good actually.  As opposed to most bikers who don't enjoy too many roots and rocks...c'mon it's MTB, or in this case off road biking). It's part of it! You take away all that and you take the fun out of MTB.  It's supposed to be a challenge, that's the cool part of this sport. The more technical it is (rocks, roots, more roots, more roots,  turns) perfects your skills as a biker.  Your skills as bikers don't come from riding flat surfaces and few turns, but places such as these and besides good work out for your forearms because of the bumpy ride lol.  I do agree that the trails can get confusing since they don't mark them as well. ",Ecuabiker,"February 6, 2015",5.0,Unknown,https://www.singletracks.com/bike-trails/oleta-state-park/
"
 Great trails, rode late January 2015 and the trails were perfect! Lots of rocky/rooty trails, hard on a hardtail. ",zj123,"February 2, 2015",5.0,Unknown,https://www.singletracks.com/bike-trails/oleta-state-park/
"
 Awesome Park! The trails are very rocky/rooty, but great scenery and variety of trails. The gilligan's island trails are the best! ",zj123,"February 2, 2015",5.0,Unknown,https://www.singletracks.com/bike-trails/oleta-state-park/
"
 Great single track trail, lots of roots, loose rocks.
Slippery when wet, what more can you ask.
For dry trail without obstacles, go else where ",alorti2000,"September 15, 2014",3.0,Unknown,https://www.singletracks.com/bike-trails/oleta-state-park/
"
 great trails.....needs some tlc....after all the rain we""ve been having, dry for the most part. the few muddy patches in the usual spots.....and for Gilligan's Island trail> should be close 3/4 of the way in 2 foot high water. just skip it all together (until dry autumn season) ",pico26,"August 18, 2014",5.0,Unknown,https://www.singletracks.com/bike-trails/oleta-state-park/
"
 Love this place. You'd never know it was there, tucked away in such a metropolitan area. Trails are very well maintained. Lots of rocks and roots, but still lots of flowy trails. Be sure to check out giligan's island. Best trail there. ",sean_toffey,"July 17, 2014",4.0,Unknown,https://www.singletracks.com/bike-trails/oleta-state-park/
"
 Great trails for being Florida and all. nice & long, distance wise. very rocky and full of roots, but worth it on so many levels. the best trail has got to be 'Gilligan's Island"". take a breather before you even go in. it's only 2 miles, if not under...but IT WILL KICK your a$$. ",pico26,"July 17, 2014",4.0,Unknown,https://www.singletracks.com/bike-trails/oleta-state-park/
"
 My learning grounds. A great spot to pick up skill w/ a challenge for every rides. Just cause Florida is flat doesn't mean this park is... ",CyberBomb,"May 29, 2014",5.0,Unknown,https://www.singletracks.com/bike-trails/oleta-state-park/
"
 Good long trail with a lot of options as far as difficulty. Very technical, not flowy. Lots of roots, will definitely test ur hams on some sections. Plenty of switchbacks, man-made features sprinkled throughout. Careful with Gilligans Island u might get lost in there! Fun, challenging, skill-building trail. On-site bike shop with rentals and a bike wash. ",eyejustamazeyall,"January 30, 2014",4.0,Unknown,https://www.singletracks.com/bike-trails/oleta-state-park/
"
 Great trails system, they need maintenance and update but great park ",pototo,"January 13, 2014",3.0,Unknown,https://www.singletracks.com/bike-trails/oleta-state-park/
"
 Great trail, needs more and better maintenance.
Please get someone to do  something about it ",juanvzla1969,"December 13, 2013",3.0,Unknown,https://www.singletracks.com/bike-trails/oleta-state-park/
"
 This park is awesome !!! It was a little wet today but it was still fun. I love the downhill section, you really go down fast. Lots of roots and small white rocks. This park is great for riding of all ages and skill levels. There are novice trails, great intermediate and sick downhill. Overall this is a great park in the eyes of a 13 year old. ",,"November 30, 2013",5.0,Unknown,https://www.singletracks.com/bike-trails/oleta-state-park/
"
 Many trails are rough, rooty and rocky. Better suited for a FS bike than a hard tail. All and all pretty decent trails. Just too rough with little flow. ",Steelman,"November 25, 2013",3.0,Unknown,https://www.singletracks.com/bike-trails/oleta-state-park/
"
 Rough, rooty, rocky, pick your line xc trails. No elevation, and not much tech save for Delerium in the back. Those trails in the back had a bunch of wood ramps that were pretty much unridable after a decent rain. . . raw wood with mossy growth on it felt like somebody dumped KY liquid all over them, and really sketchy slinging you off the side of elevated ramps. Would be fun if dry though.  I liked the challenge of picking my way up rooty climbs on a hardtail 26er. ",dcluley,"October 24, 2013",3.0,Unknown,https://www.singletracks.com/bike-trails/oleta-state-park/
"
 Lack of maintenance on some trails. I havent been there in a while. My favorite trail Wildfire is totally overgrown, apparently new park management couldnt care less about it. ",rocketbracket,"October 1, 2013",1.0,Unknown,https://www.singletracks.com/bike-trails/oleta-state-park/
"
 Definitely worth the visit. Hit it today in a light rain and it was great.
The place is pretty cool from the start. A big parking lot with an on-site bike shop ( always a bonus) and a bike wash.
Warm-up trails in the front will allow for a ton of speed, and the trails I the back will wear your a-s out! The back four trails - the Ridge/Gilligan's Island/Killer Fern/Edge of Delirium - are about five miles of some techy, tough, slow stuff. Lots off drops, tight jumps, some log hops quick climbs and tons of roots.
Probably too much for 26 bikes - with the tight roots and perma-rock garden feel - but my Stumpy FSR 29er gobbled it up. Got a pinch flat, but that was my own fault for running my tubeless below 20 PSI for all the roots. Inflated 'em to 25 and had no issues. Took 20 seconds off my ride.  No biggie
Try to hook up with a local if you can. All MTBers are nice people. Get one to lead ya around. I followed a yocal thru the front and zipped thru the intermediate stuff. He split when it started to rain.
Yep, right about the time I strapped it on and headed up the Rudge ... ",johngataride,"June 2, 2013",4.0,Unknown,https://www.singletracks.com/bike-trails/oleta-state-park/
"
 Have been here In years its was great ride I enjoyed it not as rough as markham  it was great workout  on the intermediate I recommend it ",,"May 22, 2013",5.0,Unknown,https://www.singletracks.com/bike-trails/oleta-state-park/
"
 These are probably the most fun trails in south florida.  Some pretty technical advanced trails with fun obstacles and great scenery. ",amiram00,"March 10, 2013",5.0,Unknown,https://www.singletracks.com/bike-trails/oleta-state-park/
"
 I was really impressed with this find. I doubted Miami could have real drops, and it managed to challenge me. The black diamonds are more like intermediate at any other park north of lake okeechobee. Lots of tight turns, they really packed a lot of course into a small area. If you need relief, a wider park path can take you to open water and mangroves. Less than a mile from the beach, or col off in the intercostal. ",alyanne,"January 29, 2013",5.0,Unknown,https://www.singletracks.com/bike-trails/oleta-state-park/
"
 Good trail went once but I got a flat half an hour in to it. Lots of drops and rocks come prepared to fix a flat :/ from the parts that I rode it seems like a lot of fun for someone tired of the beginner trails ",,"January 24, 2013",4.0,Unknown,https://www.singletracks.com/bike-trails/oleta-state-park/
"
 Definitely technical, lots of roots, rocks and sharp turns. The tropical storm that just rolled through made it a bit soupy but fun... Good times! ",Bdiggi,"June 27, 2012",4.0,Unknown,https://www.singletracks.com/bike-trails/oleta-state-park/
"
 My review of Oleta may be lower because I also rode Amelia Earhart the same day. First off, Oleta cost $4 to get in. The trails are VERY bumpy and slow. The system is a real backbreaker. I ride Markham all the time and WILL NOT RETURN to Oleta ",sebastien,"June 11, 2012",1.0,Unknown,https://www.singletracks.com/bike-trails/oleta-state-park/
"
 A fun day for every rider.  A little  bit of everything.  Could be signed a bit better. ",,"June 11, 2012",4.0,Unknown,https://www.singletracks.com/bike-trails/oleta-state-park/
"
 My favorite South Florida trail system.  Very rooty and moderately technical.  There is an excellent advanced trail in the back that is about 4 miles long and is pretty much a non-stop obstacle course. Overall, there are about 16 miles of trails with something for all skill levels.* Review edited 5/19/2012 ",MysticKJ,"April 18, 2012",5.0,Unknown,https://www.singletracks.com/bike-trails/oleta-state-park/
"
 this trail system was at one time fun but it has become so rooty and rocky that every time i go there i wish i would have gone somewhere else.  with some serious attention and a lot of new dirt it could be great again.  ",enu99,"March 15, 2012",2.0,Unknown,https://www.singletracks.com/bike-trails/oleta-state-park/
"
 Have to agree with many below: Not my favorite, and sometimes the roots and rocks get on your nerves, but overall it's a very good ride/workout. There is a trail in the back that seems like it's ~3 miles itself - very fun, bring water!!! Now with my full-susp., it will probably feel a lot different!! Park/parking has all the facilities you need.  ",G8rbiker,"July 23, 2011",4.0,Unknown,https://www.singletracks.com/bike-trails/oleta-state-park/
"
 It’s not my favorite park. It is a very big network but the trails don’t have any flow they seem very tight, and confusing. Some trails have been recently changed in some parts its better but they took out my favorite part which where the only ramps (jumps) in the whole park. The trails are a great work out and you will be beat after riding the whole park. ",luisz90,"April 6, 2011",3.0,Unknown,https://www.singletracks.com/bike-trails/oleta-state-park/
"
 Technical, short, but enjoyable. I liked the fact these trails offered a challenge, but eventually the roots and loose rocks got on your nerves. We rode the whole trail network (skipping only a couple), and it just didn't seem long enough. Some trails didn't have good flow-you climb, drop a short ways, then you're back on the brakes into a hairpin- way too tight at times. If you go, bring a kayak or rent one and enjoy some of the other things at the park- it's really beautiful out there. Bike wash and a small store for supplies. Six dollars to get in- meh, I'll probably stick with Markham next time I come down to Miami. ",rich67,"April 5, 2011",3.0,Unknown,https://www.singletracks.com/bike-trails/oleta-state-park/
"
 Rode this trail for the first time yesterday.  Great, long ride but lots and lots of roots an rocks.  The park is awesome and the trail system is fantastic and on a par with Markham.  I saw people ranging from groms of around 11 yrs old to men in their 50's and all ages in between.  This trail will wear you out - and that's a good thing! ",ktmillerfla,"April 4, 2011",4.0,Unknown,https://www.singletracks.com/bike-trails/oleta-state-park/
"
 Rode it yesterday in the rain. The ride was great but the rain made the roots and the wood really slick. Still worth the trip from West Palm though. The ride was great. ",Kenhmays,"January 18, 2011",4.0,Unknown,https://www.singletracks.com/bike-trails/oleta-state-park/
"
 great trails can really make day of being at park...great veiws and place to chill after great ride... ",mfattah,"December 4, 2010",5.0,Unknown,https://www.singletracks.com/bike-trails/oleta-state-park/
"
 I love this place. it almost makes me want to move to Miami. Great trails well mantained lots of flow,a trail here to match any ridders skills.bike wash down area,rental cabins,little shop with cliff bars,h2o,tubes,ect. this should templet that every trail uses. ",dustyg314,"November 28, 2010",5.0,Unknown,https://www.singletracks.com/bike-trails/oleta-state-park/
"
 i work nearby and ride oleta 3-4x a week.......it's a great workout. Very technical, yet not to dangerous....there are trails for almost everybody...beg to advanced.....if one rides the whole ""loop"" it is about 16 miles!!!  for flat south florida, this is a GREAT trail! ",feldmoon,"November 25, 2010",4.0,Unknown,https://www.singletracks.com/bike-trails/oleta-state-park/
"
 I come here often and enjoy the eclectic mix of trails. Even on a bad day the intermediate trails are quite fun. Gilligan's Island for the better days with some challenging runs.  Only problem is that it gets flooded very quickly! ",mit227,"September 29, 2010",4.0,Unknown,https://www.singletracks.com/bike-trails/oleta-state-park/
"
 yesterday (sat.) my husband & I tried Oleta, for the first time, we were exhausted at the end, the trails for the intermediate were challenging for us, we ended up walking the trail called ""gator bank"" after my husband took a tumble.  We were beat at the end, a real work out, we were there for 2 hrs. the place was so big to us we hardly saw other riders, mostly cuz we were going around in circles, lost. We'll be back for more tourture!   Almost forgot: We were told that ""gilligan's island"" is rough any one been to this part of the park. We didnt go yet next time, becuz we were too tired! * Review edited 9/19/2010* Review edited 9/19/2010* Review edited 9/19/2010 ",yocee,"September 19, 2010",3.0,Unknown,https://www.singletracks.com/bike-trails/oleta-state-park/
"
 To be honest, I think all the roots and rock in the trails are a little annoying. We got lost a couple of time inside the trails because we could not follow the trails sometimes. This park is good for an after-work workout and to build endurance. That's why I wouldn't give this park the full 5 stars. I can't believe it is number 2 in the entire FL state. ",Klavier,"August 30, 2010",3.0,Unknown,https://www.singletracks.com/bike-trails/oleta-state-park/
"
 The high rating could have something to do with ositoking and others repetitively putting five stars on the trail.  One rating is enough! ",bonkedagain,"July 19, 2010",0.0,Unknown,https://www.singletracks.com/bike-trails/oleta-state-park/
"
 Based on this website Oleta is the 22nd best mountain bike trail in the USA? Ahead of Dupont NC, Frutia CO, Santos FL, Tsali? You're kidding me right? I hope no one here actually believes this ranking.  This trail is good for South Florida but I doubt is even the top ten for Florida let alone the entire USA. This trail has one tiny hill and is otherwise as flat as a board. It's not particularly technical aside from trying to keep upright riding across the round baseball sized rocks and it's built in swampland. Virtually every trail system in GA, SC and NC is an order of magnitude better than anything in South Florida. ",Grumpy_Cyclist,"July 19, 2010",2.0,Unknown,https://www.singletracks.com/bike-trails/oleta-state-park/
"
 More changes at Oleta.....the jumps at Area 51 have been rerouted with a new trail and a reverse in direction. Personally I liked it better before the change, I used to really look forward to hitting the only real dirt jump in the park. I was told that people were getting hurt, so the park decided to delete it, too bad. This is still a great trail and I want to pass a huge thank you to the trail builders for making the most of the sometimes challenging terrain that they had to work with. ",Crowbar12,"April 7, 2010",4.0,Unknown,https://www.singletracks.com/bike-trails/oleta-state-park/
"
 This is a Great trail. I ride at least once a week. ",GrahamR,"March 30, 2010",5.0,Unknown,https://www.singletracks.com/bike-trails/oleta-state-park/
"
  I've been riding Oleta trails for the past 10 years, Ride like an Animal!!! The park is best known for miles of off-road bicycling trails. Oleta River actually has more than 15 miles of singletrack. ",ositoking,"January 10, 2010",5.0,Unknown,https://www.singletracks.com/bike-trails/oleta-state-park/
"
 Track length is nice, some small technical challenges, but overall fairly moderate. Great track for beginners getting more serious. Loses points for the awful roots, and when it rains its almost unbearable. Actually kind of impressive considering it is in the middle of a major urban city where landfills are the highest elevation.* Review edited 7/25/2010 ",GoKite5,"November 25, 2009",3.0,Unknown,https://www.singletracks.com/bike-trails/oleta-state-park/
"
 giligans will be closed on 05-10-09 early for the race. should reopen around 10-12 ",rocketbracket,"May 6, 2009",5.0,Unknown,https://www.singletracks.com/bike-trails/oleta-state-park/
"
 Oleta is my favorite place to ride in South Florida. There many trails that offer something for everyone and accommodate many riders so you're not constantly in traffic. It's technically demanding in parts but allows bypasses for less skilled (nervous) riders. If you choose, you can spend hours in Oleta without repeating a trail and leave when your energy, or will to live, has expired.* Review edited 1/8/2009 ",billtimmy,"January 8, 2009",5.0,Unknown,https://www.singletracks.com/bike-trails/oleta-state-park/
"
 Congratulations to the Ositoking team, 2nd place winner in the sport team category at the 2009 12 Hours of Oleta.
The trail is in good condition with some improvements. ",ositoking,"January 4, 2009",5.0,Unknown,https://www.singletracks.com/bike-trails/oleta-state-park/
"
 ROOTS,ROCK REGGAE!!! I just rode this trail with my wife and 11 year old son. Was not impressed at all, I've ridden trail from WA. to NC and i have never seen/felt so many rocks and roots, these suckers are big enough to stop you in your tracks and or throw you for a loop, majority of the ride was unclipped, since i did not feel like eating rocks, mixed with roots.Heck i was so p***ed, that i could hardly enjoy the ride. But i know this is Miami, not NC or CO. where the trail systems are true single tracks, i dont think that i will ride this trail again anytime soon. ",Nemesis72,"December 29, 2008",2.0,Unknown,https://www.singletracks.com/bike-trails/oleta-state-park/
"
 The park is in good shape. There have been some improvements to the entrance of the first trail. It is more fun and advanced. If you can finish in less than an hour, you are a pro. ",ositoking,"July 28, 2008",0.0,Unknown,https://www.singletracks.com/bike-trails/oleta-state-park/
"
 im new to  mtb im hooked !!!!!!!!!
* Review edited 3/20/2008 ",o.galban,"March 21, 2008",0.0,Unknown,https://www.singletracks.com/bike-trails/oleta-state-park/
"
 This was single-handedly the most technical trail i have ever ridden.  just when you think you're going to get a break, it pounds you once more.  this trail was well worth the headache that is miami traffic.  i live in central florida, which is good b/c if i lived in miami i would lose my job and go hungry as i would spend all my time on this trail. ",eliwestfall,"February 8, 2008",5.0,Unknown,https://www.singletracks.com/bike-trails/oleta-state-park/
"
 This trail has something for everyone. It's hard enough to keep the experienced guys entertained and there are easy parts for the beginners. Great variance in the trails. Hills, technical areas, bridges and drops, and that wonderful big jump in the back.  ",ositoking,"December 31, 2007",5.0,Unknown,https://www.singletracks.com/bike-trails/oleta-state-park/
"
 A beginner to intermediate trail that will have you smiling and might even surprise you.  Some fun trails located within an incredible state park that even has a beach, located in North Miami Beach.
Fun trails with a 4 mile long trail called Gilligans Island that is probably the most technical at the park. Park is not 4 miles as stated, trail is more like 14 miles. Peaks, Christams tree, and Robinsons ridge which is the one that leads into are 51( I think) are fun rides.  My son (9years old)loves GoldShtick. Very clean park and trail has several bike wash stations. Definately a must do. BUT if you want TECHNICAL with LOTS of drops, try Markham Park in Sunrise.* Review edited 10/4/2007 ",Jcd75,"October 4, 2007",5.0,Unknown,https://www.singletracks.com/bike-trails/oleta-state-park/
"
 Descent trail.  Intermediate at best.  Great for endurance.    ",Allen_,"April 16, 2007",2.0,Unknown,https://www.singletracks.com/bike-trails/oleta-state-park/
"
 Rode this park this past weekend for the first time in a few months and it was fun to be back out there.  A lot of the trails have new signs on them to mark them and have been cleaned up.  Though it did seem that there were a lot more roots exposed this time around, but I think that's because of the weather conditions down here right now.  It's a good ride, definitely hit this one up if you have the chance. ",danno346,"April 10, 2007",5.0,Unknown,https://www.singletracks.com/bike-trails/oleta-state-park/
"
 I rode this trail and it is in excellent condition. Great maintenance has been done on it. Hundreds of volunteers work to built a new trail going for a couple miles long. They reopened the trail that was closed and made it more challenging. Oleta River is actually a total of 14 miles, not 5 like in the description.  ",ositoking,"March 31, 2007",5.0,Unknown,https://www.singletracks.com/bike-trails/oleta-state-park/
"
 Pretty Good Park....I rode quite a few trails here.  I really enjoyed Peaks, Robinson's Ridge, and Gilligan's.  This park is good for Beginner to Intermediate Riders.  If you want very technical check out Markam Park in Weston (about 40 min away) ",Major813,"February 20, 2007",4.0,Unknown,https://www.singletracks.com/bike-trails/oleta-state-park/
"
 The Broward County webpage for Quite Waters park says they are going to start working on the trails in Spring of 2007. I think they're doing their camp grounds first, and once those are finished they are going to start the trails. I haven't seen or heard anything else on it. ",danno346,"February 1, 2007",0.0,Unknown,https://www.singletracks.com/bike-trails/oleta-state-park/
"
 I rode it on Sunday. You were dead on that it's a good distraction from the Dade/Broward parks. Too much sugar sand and way too much fish tailing. Great scenery though. Saw snakes on the path so be careful wiping out. Let me steal some more information from you. Do you or anyone else know when Quite Waters is reopening? ",randy_schneider,"February 1, 2007",4.0,Unknown,https://www.singletracks.com/bike-trails/oleta-state-park/
"
 Randy, sorry it took a while to get back to you.  I would say Dickinson would be 4th, but that's because I haven't been there in about a year or so.  Dickinson has a good mix of trails.  I remember a lot of sand in some areas but the ranger trail had a lot of log climbs and there were a couple bridges. The Osprey I think was the one that pretty much winded around the wooded areas with not a lot of climbs but with a lot of twists and turns.  And by the lake I think there were a lot of roots to ride over.  I wouldn't say not to go up and ride it though.  It's an hour and a half but at it's a good break up of the few trails down here.  Dickinson is sponsored by a Mountian bike club too, it's called Club Scrub.  They have skills camps there and maintain the trails.  Their webstie is www.clubscrub.com.  I think they have forums and stuff on the site so you can talk to other people that might have ridden more recntly than I have. ",danno346,"January 31, 2007",0.0,Unknown,https://www.singletracks.com/bike-trails/oleta-state-park/
"
 Danno what did you think of Johnathen Dickinson? Where would you rate among the the four parks? Been thinking of riding but worried of an hour and a half drive andthe park is a dud. ",randy_schneider,"January 19, 2007",0.0,Unknown,https://www.singletracks.com/bike-trails/oleta-state-park/
"
 I just rode here again on MLK day.  The trails are in good condition and they seemed to be working on one or two of them while I was there.  The trails are a good mix for everyone.  I'm still fairly new at trail riding but I've been to Oleta, Amelia Earhart, Jonathan Dickinson, and Markham, and i would rate this park the best out of the four.  But like the one review said.  I would definitely stay away from the Rocky mile.  That one was just a trail that wound back and forth over nothing but rocks. ",danno346,"January 18, 2007",4.0,Unknown,https://www.singletracks.com/bike-trails/oleta-state-park/
"
 there was a race here a few weekends ago. Can anyone tell me hoe it turned out? Great park will be there this weekend hopefully ",randy_schneider,"January 18, 2007",5.0,Unknown,https://www.singletracks.com/bike-trails/oleta-state-park/
"
 great technical trail ",darrenco,"December 17, 2006",5.0,Unknown,https://www.singletracks.com/bike-trails/oleta-state-park/
"
 stay away from rocky mile and you'll have a great time. ridden it a couple times and haven't been disappointed. I'm a hardtailer so it can be rough on certain body parts, but you'll get used to it. make sure to try area 51 a couple of times it's lots of fun. You can make a day of the trip they have awesome kayaking also. ",randy_schneider,"December 13, 2006",4.0,Unknown,https://www.singletracks.com/bike-trails/oleta-state-park/
"
 Florida's largest urban park, Oleta River is located on Biscayne Bay in the busy Miami metropolitan area. Although it offers a variety of recreational opportunities, the park is best known for miles of off-road bicycling trails, ranging from novice trails to challenging trails for experienced bicyclists. Along the Oleta River, at the north end of the park, a large stand of beautiful mangrove forest preserves native South Florida plants and wildlife. Canoeists and kayakers can paddle the river to explore this amazing natural area. Swimming from a 1,200-foot sandy beach and saltwater fishing are also popular activities. Picnic tables and grills are available. Nine pavilions can be rented for a fee. All have water, and the largest one has electricity. Visitors can rent kayaks, canoes, and bicycles. The park has a loaner system for bicycle helmets. For overnight visits, the park has rustic, air-conditioned cabins and a youth campground for organized groups. Located at 3400 NE 163rd Street, off I-95 in North Miami. ",ositoking,"October 9, 2006",5.0,Unknown,https://www.singletracks.com/bike-trails/oleta-state-park/
"
 Totally for beginners. The trail is well maintained and hard packed. Nothing thrilling going on but I'm sure it is a good place to host races. There are no downhills or steep climbs so don't look to be challenged.  ",deesnats,"October 3, 2006",3.0,Unknown,https://www.singletracks.com/bike-trails/oleta-state-park/
"
 I visited the tail today and found it to be an excellent ride. There are more than 10 different trails out there that work out to be super fun. I reccomend this trac over Markham park which is in close proximity. ",simplyalf,"September 12, 2006",4.0,Unknown,https://www.singletracks.com/bike-trails/oleta-state-park/
"
  technical trail with plenty of turns and nice decent climbs. trails are clearly marked and well maintained. awesome cardio workout! some of the trails are pretty bumpy cause of tree roots. the park has a nice mix of trails overall. great ride any way you look at it. park also has a beach so you can cool off after the ride.  ",ositoking,"August 14, 2006",5.0,Unknown,https://www.singletracks.com/bike-trails/oleta-state-park/
"
 Oleta Park, tiene buenos circuitos, para los principiantes como para aquellos, que tienen experiencia, La ubicacion del Oleta es Excelente y lo considero el Mejor de Miami    ",diogenes,"July 13, 2006",5.0,Unknown,https://www.singletracks.com/bike-trails/oleta-state-park/
"
 Definitely a good ride if you like techincally challenging rocky and rooty terrain.  A lot of switchbacks.  Definitely need to keep an eye open for small stumps in the middle of the track!!! Overall it is still a good ride for Miami ",scottjhay,"June 25, 2006",4.0,Unknown,https://www.singletracks.com/bike-trails/oleta-state-park/
"
 Full suspension bikes are manditory if you want to really enjoy this trail, for there are alot of rocks, which get old after a while. The expert trails are by far the worst single tracks in the United States.  They are absolutely horrible.  If you want a challenge at Oleta, ride the intermediate trails and bounce back and forth over the millions of rocks.
However, there are on or two decent jumps that help you endure the remaining hours there. These are good trails only if you like going fast over extremely easy, but rocky, terrain. ",tony_williams,"June 7, 2006",2.0,Unknown,https://www.singletracks.com/bike-trails/oleta-state-park/
"
 We LOVE Oleta!!  My husband and I are fairly new to mountain biking, but have fallen in love with the sport.  We go to Oleta twice a week and the novice trails have become fun and fast, although the intermediate are still challenging and we are walking some of the time!  Have not even attempted the expert!  Excellent, clean and lots of fun!  ",Rene,"May 8, 2006",5.0,Unknown,https://www.singletracks.com/bike-trails/oleta-state-park/
"
 I ride this trail today. It is in very good condition. Some of the trails are still closed. Most of them are opened though. If anyone need a bike, they have bikes for rent.  ",ositoking,"March 25, 2006",5.0,Unknown,https://www.singletracks.com/bike-trails/oleta-state-park/
"
 Just want to let folks know that at this time due to Hurricane Wilma, Oleta has been closed for repairs.  I am trying to find out about some other parks in South Florida. ",FFPM103,"November 4, 2005",0.0,Unknown,https://www.singletracks.com/bike-trails/oleta-state-park/
"
 This park is the greatest that any city would want to have. There are many trails to ride from beginers to pros.  ",ositoking,"October 8, 2005",5.0,Unknown,https://www.singletracks.com/bike-trails/oleta-state-park/
"
 Located ina beautiful state park, great network of trails, of varrying difficulties.  Great for noobs. ",Lando_Grifin,"June 25, 2005",4.0,Unknown,https://www.singletracks.com/bike-trails/oleta-state-park/
"
 I think Oleta is great.  I started riding there two years ago, and although I consider myself a novice still!   I have learned alot of technical skills there and still learning.  Trails are well marked so you have an idea as to what your in for. ",FFPM103,"January 7, 2005",5.0,Unknown,https://www.singletracks.com/bike-trails/oleta-state-park/
"
 antoter great trail in fl. the home of the catus cup. ",mountainbke_bro,"December 2, 2004",5.0,Unknown,https://www.singletracks.com/bike-trails/oleta-state-park/
"
 This is a great Florida park, it has variation of trails, awesome outdoor and beach views. Various levels: Novice, Intermediate and some Expert. This park even has really nice bayside cabins for rent. It is one of the best South Florida Parks. ",Snowball,"August 3, 2004",5.0,Unknown,https://www.singletracks.com/bike-trails/oleta-state-park/
"
 Definitely need plenty of skills to ride around here. Jumping skills very helpful to fully enjoy,  but not necessary since it's easy to get around the more demanding jumps and gaps. Funky Groovy XC trail by the parking lot was about 3/4 mile of funkadelic and groovisious singletrack ",rocketbracket,"February 3, 2023",4.5,Unknown,https://www.singletracks.com/bike-trails/grapefruit-trail/
"
 Totally fun and I don't recommend beginners going on it. ",Daxx,"December 11, 2019",5.0,Unknown,https://www.singletracks.com/bike-trails/grapefruit-trail/
"
 This place takes allot of the fun stuff from Alifia,  Boyett,  Carter,  and Santos and condenses it into one Amazing tiny little package. Drops of varying Heights,  Jumps, Lots of Jumps, Huge wood rollers, A Giant Wood roll into Huge wood berm plus wall ride!! This place is designed to session from one end to the other!! Absolutely amazing!!  Just wish the rain would not have ended ot early for me. I could have been here all day!!! ",Scott Butler,"August 28, 2019",5.0,Unknown,https://www.singletracks.com/bike-trails/grapefruit-trail/
"
 Let me start of by saying, this place is seriously a gem. The amount of dedication from the volunteers and riders that help maintain, expand and change this place is outrageous. My first trip I met several of the guys that have helped keep this place afloat and remain an important part of the MTB, BMX and overall biking scene in Florida. They are a welcoming and passionate group.. just read the history behind this place to understand. I drove 2 hours from Pompano to ride and would make the drive every weekend if I could. The trail system is short, sweet and to the point. The majority of the trails here are designed for more advanced riders. A beginner could certainly go, but will want to avoid the advanced trails, seriously. There are PLENTY of sick lines to choose from. Speed and air time are the name of the game at this place. Lots of climbs, decents, drops, fast flowing banked corners and a plethora of jumps. There's a NASTY dirt jump BMX section as well. A brand new feature is a MASSIVE wood bridge that drops you into a huge ditch/gulley and up the other side. If you hammer this drop, you will pretty much float some air off the exit without any effort. It's sick! I was truly impressed with this place and probably rode for 3hrs straight. I didn't hit all the drops on my first trip, some of them I felt were beyond my level for a first visit. Mainly the awesome drop into a banked turn, which then shoots you to a jump on top of a giant wooden table top and off the other side. Be courteous to other riders and remember who has the right of way. The trails are all one-way. Trail markings and skill levels are all clearly marked. As mentioned in other reviews, don't stop in the middle of a trail. Riders come through with a lot of speed and there's little room for error on lots of the features. ",GearHead88,"May 13, 2018",5.0,Unknown,https://www.singletracks.com/bike-trails/grapefruit-trail/
"
 Originally reviewed in 2015....now 2018 and this trail only gets better! More features added for advanced riders. One of the best in Florida and you'll meet great folks here. Everyone is very chill. Young to old (but all experienced).  Please note: I ride this about once a month on weekends and still see people come out on street bikes. I caution them strongly to be careful. This trail is not for beginners, period. Even the easy path has some big drops, and most sections are fast...do not stop in trail! The ONLY times I've risked injury is from encountering people stopped in the trail, particularly at the top of a hill, or worse...at the bottom. Trail is very narrow with no room to get around so please be aware of those around you and pull off at the various crossroads and give room to others. Otherwise, have a blast! ",Wryfox,"April 6, 2018",5.0,Unknown,https://www.singletracks.com/bike-trails/grapefruit-trail/
"
 These trails are a blast for a advanced rider. If you want to bypass there are a bunch of different line options ",$ingleTrackMac,"April 2, 2018",5.0,Unknown,https://www.singletracks.com/bike-trails/grapefruit-trail/
"
 Though there are expert jumps and drops, there is always an easier option to circumvent the more difficult obstacles. Just make sure that you are on the lookout for the trail signs. Everything is well marked and you'll see yellow, blue, and red arrows pointing you in the right direction. This is very much a sessioning trail. I don't know where the original description of 4-miles originated. A whole loop is just a hair over a mile and a half. However, with lots of drops, jumps (doubles and tabletops), berms, and quick climbs, this trail will get you winded. If you want to get some miles in, you can always ride out to Turkey Lake just two miles down the road. I want to extend my appreciation to all of the volunteers that keep the trail in perfect condition. ",vertseven,"January 26, 2018",5.0,Unknown,https://www.singletracks.com/bike-trails/grapefruit-trail/
"
 Here is a great video that shows the trails: https://youtu.be/ttx4BjhFUEw ",Michael Howell,"November 21, 2017",5.0,Unknown,https://www.singletracks.com/bike-trails/grapefruit-trail/
"
 Trails are awesome and a challenge.Great people willing to give advice ",Brandon Conley,"April 18, 2017",5.0,Unknown,https://www.singletracks.com/bike-trails/grapefruit-trail/
"
 Not Bad. I expected more as far as a longer trail for cross country training.   The course was small and more bmx style from jumps to small cuts and corners. Well maintained but a short  trail course. Cross Country training is not a place to go. Sorry ",sho sho,"October 28, 2016",2.0,Unknown,https://www.singletracks.com/bike-trails/grapefruit-trail/
"
 Great trails. A lot of stuff packed into 2 miles of trails. I go here about 5 times a week and it never gets boring! ",spockjosh,"October 15, 2016",5.0,Unknown,https://www.singletracks.com/bike-trails/grapefruit-trail/
"
 Fell off the Zebra and almost got pretty injured!
Awesome trail! Do your research and take a slow lap avoiding all the marked sections to check them out first. With only 2 miles of incredible trails with insane drops and gaps, this is not for beginning riders like myself. ",Cameron Cutting,"July 22, 2016",4.0,Unknown,https://www.singletracks.com/bike-trails/grapefruit-trail/
"
 Great trails with lots of jumps and nice drops. Would have given a 5 but the entire trail system was very short. Definitely lot of fun if your in the area. Guess the ideal situation would be to come into the area and ride a few of the Malabar trail systems on the same day. ",29r Frank,"April 24, 2016",4.0,Unknown,https://www.singletracks.com/bike-trails/grapefruit-trail/
"
 Great free riding some big jumps to ",wes.davenport,"March 6, 2016",5.0,Unknown,https://www.singletracks.com/bike-trails/grapefruit-trail/
"
 I found this Trail enjoyable.  Being a relocated Californian, I enjoyed the Technical riding very much, but, I sure miss the Mountains.  A definite must for all technical junkies. ",ptoby,"November 10, 2015",4.0,Unknown,https://www.singletracks.com/bike-trails/grapefruit-trail/
"
 This trail is awesome. Been riding this trail about three years and is in its prime right now. Very smooth and flowing, drops have been groomed (and are taller and more aggressive). Looks like the compromise with civic bodies have been implemented which means old lower trails are now gone and flattened, but the main loop is even more awesome now. Best it's been. I don't know any place in Florida that has more huge dips and flow than this. I drive 1 1/2 hrs to get here and worth the trip. BTW, DO NOT park at church, you'll waste your time on a poor inroad trail to the main loop, take Omega Rd to first stop sign and park on right side, bike up canal on right about 200yds to main Trailhead. That's where all the locals park. I hear they are going to make a parking lot right there so truly is the best spot. This is intermediate to advanced. NOT for beginners or kids, even the signs say so several times. The numerous skull and crossbones symbols say enough. Only a few of the strong features have bailouts. If you can't ride proficiently, don't break your neck and ruin this trail for everyone else. BTW, main photo above for this trail is not Grapefruit, looks like Malabar Scrub which is near here about 1/2 mile east but not connected (but is also a great trail, and is good for kids and beginners) ",Wryfox,"May 30, 2015",5.0,Unknown,https://www.singletracks.com/bike-trails/grapefruit-trail/
"
 Trail with a lot of techniques, nice to ride and make some jumps, but if you are looking for a trail were you can ride with some ascending and descending loops, this is not the one. The entry to this trail, is just right next to the canal, just park on the church and ride south, as soon as you pass the canal you will see the entry ",rnikoll,"May 27, 2015",4.0,Unknown,https://www.singletracks.com/bike-trails/grapefruit-trail/
"
 First thing: The directions and map are completely off.
Take 95 to Palm Bay - Malabar Road exit - and head east. Hang a left at first main intersection - Babcock Road. Go North about a mile, trail begins on left right before big canal. Park at the Church about 200-yards North of the canal. Bring your A-Game when you hit this trail. It's not long, but it's littered with drops, gap jumps and doubles throughout.
By far the most ""free-ride"" type trail in Florida. Has more jumps than all the big boys - Santos, Alafia etc - combined.
Stay to the left for the easiest route, hang right if you have the guts.
Definitely not a trail for a beginner. ",johngataride,"April 27, 2015",5.0,Unknown,https://www.singletracks.com/bike-trails/grapefruit-trail/
"
 This track is nowhere near where it says it is when you push on the directions icon on single tracks ",white139,"April 10, 2015",5.0,Unknown,https://www.singletracks.com/bike-trails/grapefruit-trail/
"
 I absolutely love this trail but unfortunately it is in danger of being destroyed!  If you are reading this please consider signing the petition to save it (the petition is by the Brevard Mountain Bike Association who currently maintain the trail).  Thanks in advance for your support! https://www.change.org/p/melbourne-tillman-water-control-district-st-johns-river-water-management-district-city-of-palm-bay-florida-save-the-grapefruit-trail ",TrickkyGangsta,"April 8, 2015",5.0,Unknown,https://www.singletracks.com/bike-trails/grapefruit-trail/
"
 FYI: 6:45 tonight (3-19-15) at Palm Bay City Hall: supporters for the GFT are meeting up as the topic is on the City Hall agenda. ",Kelley Jackson,"March 19, 2015",5.0,Unknown,https://www.singletracks.com/bike-trails/grapefruit-trail/
"
 Time to fight...Again!!  Grapefruit Trail, Palm Bay Florida. Difficult and troubling news. The BMBA finds itself fighting for our trail AGAIN,... Like it is an annual right of passage. Through rumors, we have found that it is true that the St. John's River Water Management District (SJWMD) has presented plans to the Melbourne Tillman Water Control District (MTWCD) to ""reslope"" the C1 bank in the GFT area to a 4:1 slope - basically completely Eliminating the grapefruit trails. Yes,... The GFT is a Palm Bay park, and the city has asked SJRWMD for ""alternatives"" that do not effect the GFT (no response yet),... But SJRWMD will start work on parts of the project (but not at the GFT,... Yet) in April. How did this happen and why?
 Here is a brief sequence of events in the last 3 years, leading up to this. Everything below is true, to my knowledge:
 1) M1 (main dam on the C1) is rebuilt for a top-flow structure. Part of the C1 re-diversion project (project is made to make water flow back West toward ST. Johns River. Both the project and the top-flow damn concepts are good ideas and good for the environment).
 1) SJRWMD holds C1 at 24-30"" above design standard, for unknown reasons, for over 3 years,... killing about 30 large oak trees near the waterline. SJRWMD had guaranteed the City of Palm Bay and MTWCD that no oak trees or septic systems in this area would be affected. No explanation was ever offered for the higher than planned water level,... But there must have been a reason.
 2) SJRWMD admits to the higher water level, and enters into a 50/50 cost sharing with MTWCD to remove the trees.
 3) MTWCD comes up with what we all felt was a poor plan: ""let's cut a road into the bank"" concept, and removes the dead trees, creating a near vertical wall of sand, and creating a major erosion concern. It should be noted that MTWCD NEVER installed any silt fence, and never installed any erosion control devices, in violation of multiple civil engineering standards.
 4) SJRWMD reviews the ""service road"" project and finds it to be a serious erosion problem. SJRWMD district is now going to ""fix it"" with a total re-sloping of the entire area, and removal of all trees (360K just for the GFT area), and elimination of trail system. Imagine the expense of removing hundreds of huge oak trees?
 Believe me, there are other options that are not too expensive that can be employed here, that will save the trail area and solve the erosion problem. Re-sloping is just their standard for a canal bank.
 The city has asked for non destructive alternatives. SJRWMD owes them that prior to trail destruction. The BMBA has executed 4700 documented volunteer hours at the GFT (much of it dedicated to recovering from the access road project, where we lost a mile of fine trail). Mile for mile, this is the most cared for trail system in Florida.
 The bottom line - we may need help. SJRWMD should NOT be allowed to destroy a Palm Nay park, and historic S Brevard trail system, in an effort to repair other poorly conceived and poorly executed work by SJRWMD!
 Folks, we will be asking the city for dedicated help.
 This email: citycouncil@pbfl.org goes to all 5 of City council persons. Remember: be courteous at all times,... The city has been very good to the BMBA, mountain bikers in general, and turned the GFT into a park. We must be the courteous, rational mountain bikers - we gotta keep our tempers and be professional at all times, please. ",Pian_Oirier,"March 19, 2015",0.0,Unknown,https://www.singletracks.com/bike-trails/grapefruit-trail/
"
 Time to fight...Again!!  Grapefruit Trail, Palm Bay Florida. Difficult and troubling news. The BMBA finds itself fighting for our trail AGAIN,... Like it is an annual right of passage. Through rumors, we have found that it is true that the St. John's River Water Management District (SJWMD) has presented plans to the Melbourne Tillman Water Control District (MTWCD) to ""reslope"" the C1 bank in the GFT area to a 4:1 slope - basically completely Eliminating the grapefruit trails. Yes,... The GFT is a Palm Bay park, and the city has asked SJRWMD for ""alternatives"" that do not effect the GFT (no response yet),... But SJRWMD will start work on parts of the project (but not at the GFT,... Yet) in April. How did this happen and why?
 Here is a brief sequence of events in the last 3 years, leading up to this. Everything below is true, to my knowledge:
 1) M1 (main dam on the C1) is rebuilt for a top-flow structure. Part of the C1 re-diversion project (project is made to make water flow back West toward ST. Johns River. Both the project and the top-flow damn concepts are good ideas and good for the environment).
 1) SJRWMD holds C1 at 24-30"" above design standard, for unknown reasons, for over 3 years,... killing about 30 large oak trees near the waterline. SJRWMD had guaranteed the City of Palm Bay and MTWCD that no oak trees or septic systems in this area would be affected. No explanation was ever offered for the higher than planned water level,... But there must have been a reason.
 2) SJRWMD admits to the higher water level, and enters into a 50/50 cost sharing with MTWCD to remove the trees.
 3) MTWCD comes up with what we all felt was a poor plan: ""let's cut a road into the bank"" concept, and removes the dead trees, creating a near vertical wall of sand, and creating a major erosion concern. It should be noted that MTWCD NEVER installed any silt fence, and never installed any erosion control devices, in violation of multiple civil engineering standards.
 4) SJRWMD reviews the ""service road"" project and finds it to be a serious erosion problem. SJRWMD district is now going to ""fix it"" with a total re-sloping of the entire area, and removal of all trees (360K just for the GFT area), and elimination of trail system. Imagine the expense of removing hundreds of huge oak trees?
 Believe me, there are other options that are not too expensive that can be employed here, that will save the trail area and solve the erosion problem. Re-sloping is just their standard for a canal bank.
 The city has asked for non destructive alternatives. SJRWMD owes them that prior to trail destruction. The BMBA has executed 4700 documented volunteer hours at the GFT (much of it dedicated to recovering from the access road project, where we lost a mile of fine trail). Mile for mile, this is the most cared for trail system in Florida.
 The bottom line - we may need help. SJRWMD should NOT be allowed to destroy a Palm Nay park, and historic S Brevard trail system, in an effort to repair other poorly conceived and poorly executed work by SJRWMD!
 Folks, we will be asking the city for dedicated help.
 This email: citycouncil@pbfl.org goes to all 5 of City council persons. Remember: be courteous at all times,... The city has been very good to the BMBA, mountain bikers in general, and turned the GFT into a park. We must be the courteous, rational mountain bikers - we gotta keep our tempers and be professional at all times, please. ",Pian_Oirier,"March 19, 2015",5.0,Unknown,https://www.singletracks.com/bike-trails/grapefruit-trail/
"
 I have heard that Palm Bay is going to level this trail. Please go to the City Council of Palm Bay website and voice your opinion! ",Kelley Jackson,"March 18, 2015",5.0,Unknown,https://www.singletracks.com/bike-trails/grapefruit-trail/
"
 I tried to ride this trail on 5/23/14 but could not find the trailhead or parking. I see that someone answered a posted question about exactly where the trail is. Where should we park if you don't live in the neighborhoods near the trail? All of the signs on both sides of the road next to the canal say no trespassing. ",bigsur,"May 25, 2014",3.0,Unknown,https://www.singletracks.com/bike-trails/grapefruit-trail/
"
 i am new to the area and went looking for this trail the otherday ...i noticed a trail that has an entance off of pt malabar road..it was getting late and i tuirned around when that trail ended at a rad near a bridge,,had i  continued riding the trail across the street would that have tuned into the gf trails,,,looking for some challenging trails ,,,,just want to make sure i was on the right track to the gf trails,,,saw the you  tube of thee trails and would like to ride them,,,spent time in lakelnad riding carter park so i am not a stranger to technical tracks,,,thanks for any advice in finding this and other nre trails in my area,,,feel free to texy me at 321 557 2827 if you can let me know of some other tracks in this area...thanks ..glen ",glendawg,"January 10, 2014",0.0,Unknown,https://www.singletracks.com/bike-trails/grapefruit-trail/
"
 The trail is fantastic but short.   When you're there you'll want to ride the ~2mile main loop multiple times.  The trail is split into 3 sections, the entrance trail and the main loop which consists of a east and west side (which can be looped themselves).  Expect large jumps, medium jumps, big drop-offs, a large jump/bmx area in the middle of the main loop, switchbacks, and plenty of ups and downs.  This trail is also relatively close (within a mile) to the Malabar Scrub, Cameron Preserve, and Turkey Creek trail system (which offer a flatter, a bit sandier, 12 more miles of trails). To get to the trail you'll want to:
A) Park at St Joseph's Catholic Church off Babcock street just south of Port Malabar Blvd and head south on Babcock, on your bike, and you'll cross a bridge over the Tillman Canal ... just after the canal on the right you'll see the entrance trail and sign ... you can take the entrance trail to the main loop. B) Park at Norbert Rd NE at Nogales Ave NE in Palm Bay.  If you are heading north on Babcock you'll make a left at Omega St NE (residential street) just before the Tillman canal bridge and follow it until it changes names and intersects with Nogales Ave.  You'll see a fire road on the right hand side that is blocked off by chains ... park there and take the fire road into the trail (you'll see a huge sign which contains a map.  Once you are at the trail sign (this is part of the main loop on the east side) ride right and you'll see the trail head back into the woods ... this is the top of the east side loop. This place definitely isn't for beginners ... only the intermediate and advanced riders should ride.  Be sure to follow the signs that the local club (BMBA) has carefully placed all over.  Once you know the lay of the land pickup your speed and loop, loop, loop!  As you ride the main loop you'll side trails and obstacles that take you off the main loop and bring you back on ... none are very long but there are often jumps/pump areas on them ... all obstacles have trails going around them so you're never forced to get off your bike if you don't want to take a jump. ",TrickkyGangsta,"November 8, 2013",4.0,Unknown,https://www.singletracks.com/bike-trails/grapefruit-trail/
"
 Cannot go wrong with the GFT!  Been shredding this trail since I was a younger teen, and started really outright shredding this trail since 2004.  Seen much change here over the years and nothing as great as seeing the moving progress of this trail being sanctioned to a city park in PB finally.  This trail by far would rate as intermediate to expert (pro), and is not for the beginners.  The trail group ""BMBA"" is doing a fine job of making it beginner status around all the challenging features throughout the trail system. If you want a good mix-up of features to shred, then this is the place.  Onem of the best trails around with good elevation change and challenging features tom ride, jump, and huck off of.. ",SCFreerider,"June 21, 2013",4.0,Unknown,https://www.singletracks.com/bike-trails/grapefruit-trail/
"
 Short but fun trail ",SpeedyB67,"May 27, 2013",4.0,Unknown,https://www.singletracks.com/bike-trails/grapefruit-trail/
"
 This trail is awesome!! It's very short..about 2 miles, but the features are outrageous. I drive two hours to come here and its worth every minute. So many options to take on the trail, you can run it 15 times and choose different options each time, Very challenging in some sections. Overall difficulty strong intermediate to expert. It's a bit tricky to find as its really a locals trail buried deep along the canal. Its being developed into a legit bike park so there is now very good signage once you get to it. Several skull and crossbones signs (real warnings) give you an idea of some of the challenge. All smooth packed dirt and flows like a mother. You have to try this trail! ",Wryfox,"May 26, 2013",5.0,Unknown,https://www.singletracks.com/bike-trails/grapefruit-trail/
"
 It's in the process of becoming a city park. A lot of work is being done there and more is to come. There are plans to connect the gft with turkey creek witch is another fun local riding area. ",,"April 19, 2013",5.0,Unknown,https://www.singletracks.com/bike-trails/grapefruit-trail/
"
 Is this trail open to public now? I've heard that this mystical trail was only in our imagination if you know what I mean....I would love to ride it! ",gapjumper,"March 22, 2013",5.0,Unknown,https://www.singletracks.com/bike-trails/grapefruit-trail/
"
 Just started mtb and this is the third trail I have been on. Well marked, nice scenery, easy to keep pace on, and a few spots with logs and such to go over. Will definitely be back. ",Chris Zapletal,"December 11, 2015",4.0,Unknown,https://www.singletracks.com/bike-trails/timberlake/
"
 Fast, sandy curves over roots and pine needles. Carbo is a smooth switchback warm-up to a quick exit on Speed Demon. Stinky Creek is about as technical as the trail gets with slightly uphill washouts and root grabs. Home bound is all sand, get ready to pedal. Log jumps and root grabs are a blast!  My go to trail in Destin/FWB area. ",9EyedWolf,"July 31, 2015",4.0,Unknown,https://www.singletracks.com/bike-trails/timberlake/
"
 107 Hwy 85 North, in Niceville ",,"June 30, 2015",5.0,Unknown,https://www.singletracks.com/bike-trails/timberlake/
"
 Fun trails! I can't believe a place as flat as Florida has trails this good.  I thought it was going to be a lot of pedaling on flat ground, but I was wrong.  These trails are fast and flow very well. Speed demon is fast, Carbo is a little more technical but still pretty fast, and the race trail is VERY fast.  I went there while on vacation and went back 2 days in a row.  I was there on a monday and tuesday morning, and each morning I was THAT guy that cleared all the huge spiders and webs in the trails with my face. Marking is excellent on the trails as well.  Never any questions if I made a wrong turn. The only headache is going all the way back up to Niceville to the Jackson guard to get a pass before going out there.  Luckily they opened at 7am on monday so I was there when the doors opened. ",boxx620,"June 29, 2015",4.0,Unknown,https://www.singletracks.com/bike-trails/timberlake/
"
 Great ride for everyone from beginner to expert. You could spend the day riding each of the different trails to your heart's content. Carbo is a good 4 mile challenge. Speed demon is great, too. Beautiful scenery. ",Keri,"February 10, 2015",5.0,Unknown,https://www.singletracks.com/bike-trails/timberlake/
"
 Very fun, very fast.  This trail system is very flat (coming from North GA) but was a good workout as I was just peddaling it out and keeping the speed going as I pushed all of the corners on Carbo as fast as I could.  Trail markings were very poor but as previous reviews said, it all loops back to the parking lot. ",Josh L,"May 2, 2014",3.0,Unknown,https://www.singletracks.com/bike-trails/timberlake/
"
 I give this one 4 stars for a Florida trail, so if you're coming from someplace like Utah or Colorado, take that with a grain of salt.  Anyway, it's a very nicely laid out trail with some good, flowy sections, and a few short, mildly technical sections.  The trail can be difficult to follow sometimes, so you have to pay attention to sudden turns that blend into the rest of the environment.  The signage is usually decent, but sometimes leaves you hanging, so prepare to take some wrong turns.  Don't worry, though, you'll find your way back before very long.  The interconnecting trails make it easy to mix things up and keep the course from getting stale.  I highly recommend taking Speed Demon to the race trail for some fast, curvy fun.  Then head over to the other side of the creek for some more technical climbs and descents (nothing too difficult, though). Overall, a very fun trail. If you're into road biking, the road leading to the trailhead is a very popular spot to ride. ************** Sep 16, 2014:  Unfortunately, there's some maintenance on and around the trails that's having some significant impact.  The bridge leading to the northwest section of trails is out, but a new bridge seems to be well underway.  They've also been cutting down a bunch of trees around the power lines which has blocked access to the western trails from the east trail head.  Hopefully it will all be cleared up before too much longer. ",Islandcrow,"March 22, 2014",4.0,Unknown,https://www.singletracks.com/bike-trails/timberlake/
"
 Rode carbo and I thought it was pretty good.  Definitely a fun ride.  Not alot of ups and downs but plenty of flow.  Never felt lost and got a good workout despite the near neutral vertical.  Sand wasn't an issue but I rode in December if that changes anything.  Got out just before sunset but crossed paths with another fella on his way in for a night ride.  Carbo would be the heat with a headlight!  Tommy Likey.* Review edited 12/15/2011 ",jmick,"December 15, 2011",4.0,Unknown,https://www.singletracks.com/bike-trails/timberlake/
"
 Had a blast!  Did Carbo this evening.  Good trail.  Really enjoyed the peacefulness of the ride.  Fun work out...not too much on the nature side, but, good variation in levels.  I will definitely be hitting this area more. ",Amalai,"May 21, 2011",5.0,Unknown,https://www.singletracks.com/bike-trails/timberlake/
"
 Many miles of good deal singletrack.  The trail has many sandy sections.
There are also a lot of roots.  The pine trees shed pine needles and they
are all over the trail, they can pose a slipping hazard.  All around this trail is
very fun with many ups and downs and twists and turns.  Probably 90%
singletrack and 10% doubletrack.  A majority of the trails are loops but
there are some trails that are out and back as they are to lead you to the
looped trails.  Check trailhead and local bike shops for trail map.  As I said
before there are many trails to take and the trails are well marked.  I
suggest all of the trails but the one that really takes the cake is called
Carbo. ",andrewfinesilver,"November 26, 2010",0.0,Unknown,https://www.singletracks.com/bike-trails/timberlake/
"
 Several short loops with difficulty varying from begin thru intermediate, a couple higher technical areas.  Good 1-2 hr workout options by combining loops. Would be better if connection across creek between east and west trails was open.  Overall worth doing. ",jch,"May 12, 2010",3.0,Unknown,https://www.singletracks.com/bike-trails/timberlake/
"
 I rode this trail June of 2007 while on vacation in Destin.  I found it difficult to actually locate the Timberlake Entrance, would recomend starting from the ""Ranger"" entrance, ask at the check in.
The trail was what I expected, flat.. hey it's fl.  But, I found that racing around 3 times was a good workout.  There is nothing for bikers that like jumps, downhills, etc.  Just a good workout, in a hidden place.   ",mtbchuck,"June 22, 2007",2.0,Unknown,https://www.singletracks.com/bike-trails/timberlake/
"
 Rode this trail for the first time today. Being from H-town TX I wasn't expecting a whole lot. I got one heck of a workout for sure. First time I have actually puked while riding. Crazy stuff :( The trails were marked well enough for me to figure it out (which is pretty good because I like to get lost.) Things seemed  nicely manicured and the sand wasn't over kill. But the biggest plus- I live close by ",jasonparson,"September 3, 2006",4.0,Unknown,https://www.singletracks.com/bike-trails/timberlake/
"
 Rode this trail while visiting Eglin AFB.  Several flat trails and some short uphill climbs.  The most technically challenging part of these trails is the sand.  Most of the trails are marked.  Be careful of Jake and Banana Spiders as they like the trails.  Definitely a fun trail to ride.  The trails on the other side of Timber Lake are the most challenging.  Definitely worth the ride if you are in the are.  Oh, be sure to get your Eglin Trail pass which is good for a year. ",dlnelson15,"August 26, 2006",3.0,Unknown,https://www.singletracks.com/bike-trails/timberlake/
"
 First visit to the Carlton/ Lincer Preserves and enjoyed my ride. Thanks to Sarasota County Parks and land managers for making this happen. Hit all but Boldly Go today. Nice prelude of grassy, wide trail that takes you to each trail spur, thoroughly enjoyed. Look forward to my next visit to try the Boldly Go 9.0 newly created trail by SCORR. ",Jettaguy2,"June 6, 2018",5.0,Unknown,https://www.singletracks.com/bike-trails/carlton-preserve/
"
 Stopped by today and the entire park was locked up with a sign that says ""closed for seasonal flooding"" ",atpace,"July 19, 2017",5.0,Unknown,https://www.singletracks.com/bike-trails/carlton-preserve/
"
 Plenty of gravel and grassy trails. South Power Line connects Carton Preserve and Myakkahatchee Environmental Park. A huge gator is always to be spotted at the bridge 4 miles west of Myakkahatchee. Well marked trails maintained by Sarasota Co. free to park. Rest rooms at the trail heads. Pavilions, park benches, and picnic tables all around. ",mello mennonite,"March 10, 2017",5.0,South Power Line   Well Road,https://www.singletracks.com/bike-trails/carlton-preserve/
"
 Trail is perfect right now,best its get. Go ride ",stucco1,"February 3, 2017",4.0,Unknown,https://www.singletracks.com/bike-trails/carlton-preserve/
"
 Parts of the trail (Boldly Go) were flooded and some parts were roped off as closed. Great trail to get some cardio in. Would love to ride it when passable all around. ",veegaa4,"April 4, 2016",5.0,Unknown,https://www.singletracks.com/bike-trails/carlton-preserve/
"
 Great intermediate trail...good workout...kept me on my toes(?)...markers a bit confusing at the ending, but still a good ride ",LowDawg,"December 25, 2015",5.0,Unknown,https://www.singletracks.com/bike-trails/carlton-preserve/
"
 This review is just for the Boldly Go section of trail in the Carlton Preserve. You can choose to make it a loop by connecting Boldly Go with the red trail access road back to the parking lot. I don't normally do that because I find the Red trail boring, hard, and not well marked. A good place to turn around is the second picnic table. If you decide to make it a loop instead of turning around, take a map.
 The Boldly Go section is well marked, and has some fun areas. It was built with a great deal of care and love by local riders.You have to give them credit, they did an awesome job considering what they had to work with, which is FL swamp and scrub. If you go in comparing it to trails in NC or TN, you might be disappointed. But FL has some pretty wilderness too. You can see lots wildlife on this trail, and most of the trail is in the shade, which matters in FL. The beginning of Boldly Go takes you through a sandy, rooty area, but keep going, it gets better.
 There is no fee for parking, and bathrooms are available at the park. ",mtbgrl12,"June 17, 2015",4.0,Unknown,https://www.singletracks.com/bike-trails/carlton-preserve/
"
 Trail is flooded and closed, wear lots of bug spray, spiders, ticks etc.
Not currently groomed.
Make sure trail is pruned.
Once in, you either make entire 10 mile loop or calculate a retreat. ",dranilome,"August 24, 2014",2.0,Unknown,https://www.singletracks.com/bike-trails/carlton-preserve/
"
 Rode this on 7/28/2014.  It was very difficult to find the trail head. There were no signs on the roads leading to the park and once we found the park there no signs to direct us to the trail head. We got about 2.5 to 3 miles into the trail and ran into a lot a water/swamp and had turn around. The trail we rode was nice, more of a beginner level with a few roots. ",Craig Bush,"July 28, 2014",3.0,Unknown,https://www.singletracks.com/bike-trails/carlton-preserve/
"
 New section has just been built. trail system is now a 10 mile loop including the last couple miles on a fire road. The new trails are BRAND NEW so they are a little rough going but the more you ride them the better they will be! ",ediblefrog,"April 7, 2014",0.0,Unknown,https://www.singletracks.com/bike-trails/carlton-preserve/
"
 Fairly new trail system, with nice, flowing track.  More trails planned by S.C.O.R.R.  Tuesday night rides.  Contact them to join us. ",Pake,"October 23, 2013",3.0,Unknown,https://www.singletracks.com/bike-trails/carlton-preserve/
"
 Parks closed through March 2020 ",DirtySTI,"March 14, 2020",5.0,Unknown,https://www.singletracks.com/bike-trails/kathryn-abby-hanna-park/
"
 Just rode here last Saturday and it is always a challenge to do each loop without stopping.  The local mtn bike club (SORBA, it think) has done quite a bit of work lately due to downed trees and deteriorating wood bridges.  A couple of new bridges, new lines, and an interior trail on Z-Trail loop that seems to cut off some distance.  It needs some more riding to clear out the leaves and pack it down a little more.  Loved the new loop though.   Z-Trail is more technical with tight turns around trees, roots, one tight switchback, more elevation change.  South Loop is fast with a few technical spots.  E-Line, to me, is a good combination of Z and South.  Can't forget Lil' Joe.  When you get to the end of the main paved road head toward the beach.  Joe cuts off next to a Cedar tree.  It can be ridden either direction.  Very tight and technical but super fun! ",CDub33,"February 28, 2020",4.0,Unknown,https://www.singletracks.com/bike-trails/kathryn-abby-hanna-park/
"
 Fun intermediate trail system with an excellent campground too. There are essentially 4 trail systems at this park, a double track beginner loop, the South loop, a fun intermediate trail with good flow marked blue (intermediate), Z Line - a tight and twisty trail with a some fun technical features that is truly intermediate, (though it has a black, expert rating) and the E line - a trail system across the street on the boy scout camp side. This one, like the others two, totals around 5 miles of riding, but it is a loop with some spur trails as well. Mostly intermediate, and a bit easier than the other side, but has one root hill some will walk up when the direction is applicable. Enough speed, stay to the right, and you can clean it.
  Trails run single direction and are well marked, depending on the day. The cool thing is that you can ride Mon and Tues feeling like you got a whole new set of trails, good stuff. Watch out for the occasional unaware hiker, sometimes they dot find their trails to be exciting enough. Be patient, keep our trails open.
  Note- Lots of roots here, makes for some cool and interesting climbs. Not much soft sand, and lots of shade.
  If you like the beach, Hanna has an excellent beach, check it out. Lastly, the campground is very nice, and it's a great way to ride the trails at night. ",Redfish Reaper,"April 8, 2019",4.0,Unknown,https://www.singletracks.com/bike-trails/kathryn-abby-hanna-park/
"
 A rare Florida trail system with some fun natural elements! Note: the map given at entrance is deceptive because the hardest trails are outlined in green (oops, green is usually easiest) and intermediate trails are red. Also, trail markers do not correspond with the map (no trail names on map, no map junction numbers on trail signs!) -- or at least it's challenging to figure out for a first-timer. Trees/jungle-like foliage make line of sight navigation impossible but trails were fun and in great shape. Most trails are pretty fast, flat and easy with switchbacks and tight squeezes between trees. Roots once in a while, no rocks to speak of. A few short climbs. Great place for a beginner to test and build skills. Expert trails not that hard. Note some trails have reverse direction on certain days of the week. ",AlisonO,"January 22, 2019",4.0,Unknown,https://www.singletracks.com/bike-trails/kathryn-abby-hanna-park/
"
 Amazing creative area , twisting and winding back and forth . Trails marked well ",Paul Loeffelholz,"January 6, 2019",5.0,Unknown,https://www.singletracks.com/bike-trails/kathryn-abby-hanna-park/
"
 For Jacksonville and the immediate surrounding area, this is the most extensive trail system. Approximately 12mi of trails. (Don't know where they got 20mi from. I double checked the map and my math) Mostly singletrack. If you want to ride without having to repeat any trails to get your mileage in, come here. This park is pretty much in my backyard. I've maintained an annual pass here for  6yrs, and I ride here 3-4 days a week minimum if it isn't raining.
PROS:
1.) It's at the beach!
2.) Most Jacksonville trail systems are very flat, but this one has its changes in ""elevation"" LOL. You have to ride the other local trails to appreciate Hanna.
3.) Tool station, bike wash, changing room at the park's entrance.
4.) Multiple exit points all over the trails. Makes it really easy to throw in the towel and go home or use...
5.) Bathrooms. Lots of bathrooms and port-o-potties. Some have showers for rinsing your body off. Or go into the ocean and do your business.
CONS:
1.) This is a recreational park that hosts many different types of activities. So on the bike trails in particular, you will see hikers, XC runners, and weekend warriors/explorers. There is a dedicated pedestrian trail, but they seem to prefer hiking the bike trails. I've asked hikers why, and they told me because the bike trails received more traffic, and are therefore wider and better groomed. I have personally walked all of the pedestrian trails, and disagree. I would love to take my bike on the hiking trails just for a new experience. They should just allow ALL types of activities on ANY trail. I say this because trailheads and signage and direction changes are clearly marked everywhere, but many people don't read them or choose to ignore them. You must stay alert.
2.) Any obstacles, technical features, logs, smaller downed trees, anything that adds more FUN, will eventually be removed by park staff or SORBA Jax. Usually sooner than later. Maybe for liability? I don't know. You have to keep your eyes peeled and get creative.
I'd like to end with saying that the Lil Joe trail is the most challenging and my personal favorite, but it's also the shortest trail in the park! 0.2mi. It'd be awesome to have a lengthier trail like Lil Joe. Also, ignore the black diamonds. Nothing here is truly ""black diamond."" Hone your basics here, get familiar with your bike. Have fun! ",bibingkawahine,"March 14, 2018",3.0,Unknown,https://www.singletracks.com/bike-trails/kathryn-abby-hanna-park/
"
 Great for intermediate riding, some sharp turns, a bunch of roots that provide some challenges, and easy to access once inside the park.  Awesome trails! ",Kenny Argueta,"August 22, 2017",5.0,Unknown,https://www.singletracks.com/bike-trails/kathryn-abby-hanna-park/
"
 Found trail to be challenging. It is very rooty in places, but overall it is a fun ride. ",1401tim,"August 5, 2017",4.0,Unknown,https://www.singletracks.com/bike-trails/kathryn-abby-hanna-park/
"
 The trails are running very well as of late due to all the rain. The ""North Side"", aka ""E-Line"" has a bit of water right at the beginning by the fence. Trails need some trimming due to the rain. The SORBA Chapter is working with the City to work on some of the erosion. A paver and lime rock project will begin in late August. The Chapter will do a few sections at a time over the next several months to help with some of the soft sand erosion. ",Seymore Braap,"August 3, 2017",3.0,Unknown,https://www.singletracks.com/bike-trails/kathryn-abby-hanna-park/
"
 Had an absolutely great time riding Hanna Park all of the trails are pretty well-manicured could use a little bit of love in some areas it's good to ride right after a rain but it's a little bit slower many different trails to choose from and they change the directions on opposite days of the week so unlimited possibilities I recommend ",Jonathan Ross Galbraith,"June 7, 2017",5.0,Unknown,https://www.singletracks.com/bike-trails/kathryn-abby-hanna-park/
"
 Great trail...drove down for weekend from Savannah. Well worth drive. ",mvflorida,"March 20, 2017",4.0,Unknown,https://www.singletracks.com/bike-trails/kathryn-abby-hanna-park/
"
 Awesome trails, and friendly people. Everything was well maintained and the tool/air area at the front gate was a nice touch, especially since I blew a tube after our final run on the way back to the truck. ",Logan Hömmel,"January 30, 2017",5.0,Unknown,https://www.singletracks.com/bike-trails/kathryn-abby-hanna-park/
"
 running fast ",Hoosker Doo,"January 4, 2017",4.0,Unknown,https://www.singletracks.com/bike-trails/kathryn-abby-hanna-park/
"
 It's almost like the park manager doesn't understand the amount of revenue generated from the cyclists/trails.   Trails are worn and in bad shape, needs pavers or something to prevent wash out in a bad way.  E-Line still has several downed trees from Hurricane Matthew!   Used to be a nice place to ride, but it's gone downhill. ",drknbrew,"November 28, 2016",3.0,Unknown,https://www.singletracks.com/bike-trails/kathryn-abby-hanna-park/
"
 Good trails, only a few are open right now due to trees down from Matthew. Going to go back when all is open again ",capnkirk,"October 31, 2016",3.0,Unknown,https://www.singletracks.com/bike-trails/kathryn-abby-hanna-park/
"
 July 2016- South Creek section only- the trail is well marked, and it changes direction daily. When I rode, it was in great shape for summer in FL. A few patches of sand, but not too much. The trail is mostly in the shade which is nice considering the heat. Bring bug spray. The trail circles a lake, and crosses a few access roads, which are a short ride to the beach. I saw some vending machines and bathrooms, and there is a fee for parking. ",justmic,"August 7, 2016",4.0,Unknown,https://www.singletracks.com/bike-trails/kathryn-abby-hanna-park/
"
 Great natural trails - very very sandy. Green trail is extremely nice and easy, well maintained. I'm a beginner and switched over to the intermediate, then the Z trail that is more difficult (very achievable for newbies and very fun for a more expert rider).  Obstacles and climbs were easy to see ahead of time so I just walked over the few I could not ride over confidently.  Trails are cleared nicely on green, more difficult Z trail has more narrow trees and more nature.  I found it a little difficult to find trail head. Drive in to park, parking area straight ahead and bike wash right there - get on bike make immediate right from entrance you'll see 10 mph sign, trail entrances are mid way down that street before you get to sandy parking lot.  Really liked these trails ! ",Lillychiu,"August 1, 2016",4.0,Unknown,https://www.singletracks.com/bike-trails/kathryn-abby-hanna-park/
"
 Trail is in very good shape.  There are a few spots with some loose sand but overall really good.  I like that the trails are directional so you normally don't have anyone coming at you.  There are a lot of roots.  Good for beginner to intermediate riders. ",speedliner,"May 30, 2016",4.0,Unknown,https://www.singletracks.com/bike-trails/kathryn-abby-hanna-park/
"
 Several really good trails from beginner to advanced.  Some of the stuff can be a little technical for a beginner.  Overall fun and challenging. ",speedliner,"April 15, 2016",4.0,Unknown,https://www.singletracks.com/bike-trails/kathryn-abby-hanna-park/
"
 Rode these trails back in the fall when in town visiting relatives but just now posting. Being originally from Jax I had no idea these trails were here. Great system and very impressive use of the area. Very Nicely maintained. The don't feed the alligators sign made my day. ",dbg94,"March 10, 2016",4.0,Unknown,https://www.singletracks.com/bike-trails/kathryn-abby-hanna-park/
"
 Good ride with my 12 yr old today on the south track. ",plowboy,"February 1, 2016",4.0,Unknown,https://www.singletracks.com/bike-trails/kathryn-abby-hanna-park/
"
 Several fun trails for beginners thru intermediate riders.  South Loop offers some great speed track and a few technical sections.  E Line is much more technical and challenging, and the Z Trail is the most advanced in the park.  All 3 are great trails with a convenient bike wash in the parking lot.  There are a lot of roots in this park. ",mlombar17,"January 21, 2016",4.0,Unknown,https://www.singletracks.com/bike-trails/kathryn-abby-hanna-park/
"
 South loop is good today.
Some loose sand in critical turns so be careful.
E trail is a nice cool down lap with some great technical obsticles.
Watch out for newbies not following the direction of the day. ",Doc66,"July 16, 2015",4.0,Unknown,https://www.singletracks.com/bike-trails/kathryn-abby-hanna-park/
"
 Great trail, feels like your riding in the jungle at times with some dense forest and palm trees.  The Z trail is more technical with tight switchbacks and a lot of roots to negotiate.  The South trail has more flow to it so you can get some speed but it also has a lot of small off shoots so you can get in a moderately technical run if you want. ",Steve Pucelik,"April 20, 2015",4.0,Unknown,https://www.singletracks.com/bike-trails/kathryn-abby-hanna-park/
"
 Good trail system.  Feels like your riding through the jungle even though your so close to the beach.  The Z trail is definitely more technical with tight switchbacks and a lot of exposed roots.  The South trail has a lot more flow and not quite as technical so you can get more speed.  Great for beginners. ",Steve Pucelik,"April 20, 2015",4.0,Unknown,https://www.singletracks.com/bike-trails/kathryn-abby-hanna-park/
"
 Place is awesome !! love the maintained trials and personally we  like the rooty challenges but then again we ride fat tires and like the obstacles roots provide. We camped here and the ride in and out is great from the campsite. Our hats off to whoever maintains this, we will be back !!!! THANK YOU ",bs3833,"March 20, 2015",4.0,Unknown,https://www.singletracks.com/bike-trails/kathryn-abby-hanna-park/
"
 For North Florida this is a fun trail. SORBA Jax has turned this place around. The soft sand is almost no existent. I would not classify this as beginner because of the roots and a few short, punchy, climbs. South and North (E-Line) are very fast and flowy. They are great cardio workouts. The Z trail is now a complete loop. It is very technical-at least for North Florida. There is RV and tent camping at the park. After your ride grab you surf board, SUP, or sea kayak, and take a dip in the ocean! ",Seymore Braap,"November 13, 2014",3.0,Unknown,https://www.singletracks.com/bike-trails/kathryn-abby-hanna-park/
"
 Super fun riding but pretty rooty.  Has been very well groomed lately. ",kgaul01@yahoo.com,"October 18, 2014",4.0,Unknown,https://www.singletracks.com/bike-trails/kathryn-abby-hanna-park/
"
 Fast and fun ",coastiebrad,"October 7, 2014",4.0,Unknown,https://www.singletracks.com/bike-trails/kathryn-abby-hanna-park/
"
 South Loop is a fast easy trail.  It's a nice cardio workout if you pedal the entire time.  Very flat with few roots.  Z-line is listed at the park as difficult but I would say it's intermediate at the most.  Much more twisty then South Loop so it brings your speed down.  Some tight trees and turns that make you duck and dodge.  More roots and obstacles on this trail.  A little more work on this one.  Trails were in good shape so I have no complaints there.  Nothing technical on this trail system. ",ittakes2freestyle,"September 15, 2014",3.0,Unknown,https://www.singletracks.com/bike-trails/kathryn-abby-hanna-park/
"
 Both fun and challenging for beginners. Well maintained. Good for about 15 mi. ",,"May 31, 2014",4.0,Unknown,https://www.singletracks.com/bike-trails/kathryn-abby-hanna-park/
"
 I grew up on this trail. It is a lot of fun with some fast and flowy single track. It has been a while but I remember it being known for its root systems. Planning to travel home and ride it this weekend. ",Matthew Aires,"May 7, 2014",4.0,Unknown,https://www.singletracks.com/bike-trails/kathryn-abby-hanna-park/
"
 there is some standing water on the south loop. But the northside is dry. Go ride! ",Uberjody,"March 25, 2014",4.0,Unknown,https://www.singletracks.com/bike-trails/kathryn-abby-hanna-park/
"
 This is a much more fun trail than a lot of the higher rated trails.  It's all singletrack, it's one way, not much sand anymore, and is very well maintained by SORBAJAX, It has a bike wash, camping, and it's at the beach.  This is a fun place to ride. ",Uberjody,"February 9, 2014",3.0,Unknown,https://www.singletracks.com/bike-trails/kathryn-abby-hanna-park/
"
 This trail system is misunderstood. It is really the only thing us riders have in the greater Jacksonville area to keep us from going stir crazy. Is it challenging? Not really BUT it has some trail features that can keep your Florida legs in shape for better rides (i.e Santos/Alafia). The ""Z"" trail has a few bridges as well as other features that make it challenging for a florida trail. Both E Line as well as the South Loop are beginner  but are a great way to put in some miles after work. I give this trail system a 4 out of 5 because it is the best trail in North East Florida. ",jbond352,"October 26, 2013",4.0,Unknown,https://www.singletracks.com/bike-trails/kathryn-abby-hanna-park/
"
 Low elevation changes = great trails for single speed MTB. ",orbhot,"July 29, 2013",4.0,Unknown,https://www.singletracks.com/bike-trails/kathryn-abby-hanna-park/
"
 Trail day today. Z trail in great shape. Z Alt open and rideable. New lime rock on Misery. ",Uberjody,"June 29, 2013",4.0,Unknown,https://www.singletracks.com/bike-trails/kathryn-abby-hanna-park/
"
 Hanna Park is in the best shape ever. The trail is super fun. If you haven't ridden here lately go ride it. ",Uberjody,"June 23, 2013",4.0,Unknown,https://www.singletracks.com/bike-trails/kathryn-abby-hanna-park/
"
 Had the chance to ride this trail system on 4/11/13 and had a blast. A very smooth fast trail with small elevation changes, a few rooty sections and log overs. I enjoyed the ""Z"" trail the most since it's a tight twisty trail that had the most challenging features. One cool obstacle I came across was a large fallen Oak tree along side the ""Z"" trail that was just begging to be ridden!
 Though I didn't have much time I did video a few sections so check it out on video tab if your interested. ",bruces,"April 13, 2013",3.0,Unknown,https://www.singletracks.com/bike-trails/kathryn-abby-hanna-park/
"
 I've always liked this trail(s)...you can spend the whole day riding this park.  from the well maintained loops to the off the beaten path trails near the beach line.  A lot more to ride out there then meets the first timer's eye.  You can probably log 15+ miles before touching your previous tracks.  3 laps around both North and South loops is a real great workout. ",surferjim,"July 14, 2012",4.0,Unknown,https://www.singletracks.com/bike-trails/kathryn-abby-hanna-park/
"
 My home trail because I can stumble out of my front door and be on it.  I love it for its location, but it is not very technical.  It's great for an after-work ride to get your heart pumping...you're not likely to build too many skills here, especially because the people maintaining it seem to pride themselves on their ability to make it easier and easier...very disappointing!  Used to be some challenging areas and obstacles, but it seems that every time I return, they've taken something else out.  Most recently, they cut down a beautiful big tree that presented a challenge to get under....what's next, are they going to pave it? ",suppo165,"July 13, 2012",2.0,Unknown,https://www.singletracks.com/bike-trails/kathryn-abby-hanna-park/
"
 My home turf bike ride and first mt singletrack. I went a few days after a tropical storm and there were many branches, small trees down so  the experience was dampened some. Otherwise fun challenging track with lots of twists and loose sand, and roots. Surprisingly hilly for a Florida coastal area. And the beach is right next door if you want to cool off. Headed to Wisconsin lake region next... ",jaxfrog,"June 12, 2012",4.0,Unknown,https://www.singletracks.com/bike-trails/kathryn-abby-hanna-park/
"
 This is a great place for a workout, it'll build your cardio no doubt. Other than that the trail is very sandy and tons of roots which drains all the fun out of the trail. This place has tons of potencial but not much is being done to make the trails better.   ",synndakitt,"May 10, 2012",2.0,Unknown,https://www.singletracks.com/bike-trails/kathryn-abby-hanna-park/
"
 Good for a day rides since it's close by but boring scenery and lack of dedicated mountain bike obstacles make it kinda bland. Otherwise, a good ride for a workout. ",ms3jon,"April 8, 2012",3.0,Unknown,https://www.singletracks.com/bike-trails/kathryn-abby-hanna-park/
"
 this trail is not just for beginners. there are two sides to the park and the right side is definitely more technical than the left side. You'll get a decent workout for those who are beginner-normal skill level. those with advanced levels will see it as a light trail.  LOTS of roots! a few hills, drops, tiny bridges over creeks, one random little wooden bridge in the middle of the trail away from any type of water (weird). it's a fun park to increase your beginner level skills for sure.  ",phil325,"January 11, 2012",4.0,Unknown,https://www.singletracks.com/bike-trails/kathryn-abby-hanna-park/
"
 Halfway decent trail for training but would MUCH rather make the 45 minute drive to Ft Clinch or 1 hour drive to Graham Swamp (I live near San Marco). If this trail were designed with 5 miles of trails instead of 10, I think it could almost be fun. Other than ""twister"" there is really no flow whatsoever to this trail. Fine if you're training for technical or just wanting to stay in shape, but overall about a 5/10 to me. * Review edited 12/31/2011 ",jeffrey_j,"December 31, 2011",2.0,Unknown,https://www.singletracks.com/bike-trails/kathryn-abby-hanna-park/
"
 Hanna Park trails can be very fun, a little more advanced than beginner if you want to push yourself.  Good training ground to get ready to visit some of the nicer trails in Florida. Well worth the trip if you either are visiting or from the area.  Fairly good maintenance on the trails, watch for the sandy spots during dry spells, it is at the beach after all.   ",conspearasea,"October 9, 2011",4.0,Unknown,https://www.singletracks.com/bike-trails/kathryn-abby-hanna-park/
"
 I have ridden this trail many times and I would not classify it as beginner. It is full of washed out roots and sandy turns. It is a great after work ride and I have to give it to the guys that maintain them...it seems like mother nature is always conspiring against keeping this trail smooth and fast. Rode this today and there are several downed trees that need to be cleared...watch out...some are low hanging. Trail is otw in good shape now...but won't be after the Xtrerra race in August. ",Michael Paul,"July 4, 2011",3.0,Unknown,https://www.singletracks.com/bike-trails/kathryn-abby-hanna-park/
"
 first time in 10 years. Had a hard time findingv the beginner trails. Still lots of fun! A little dry so some sandy area's, but not bad. ",JMHZ2401,"April 23, 2011",4.0,Unknown,https://www.singletracks.com/bike-trails/kathryn-abby-hanna-park/
"
 The best discription of the trails at Hanna is fun!  The trails are not very difficult, but are tight and full of roots.  This is a great place to ride especially after some rain.  I Hanna twice last week and conditions were great.  There is a new SORBA chapter in JAX working on the trails and with the park to make improvements.   ",tyonkers,"April 4, 2011",3.0,Unknown,https://www.singletracks.com/bike-trails/kathryn-abby-hanna-park/
"
 Rode all 10 miles this weekend. Not very technical but some fun, open sections and small climbs/descends . Lots of sugar sand, but it has been very dry lately. Not technical but fun. Great workout.  ",sevendaysoff,"June 29, 2010",4.0,Unknown,https://www.singletracks.com/bike-trails/kathryn-abby-hanna-park/
"
 Great mt bike trail for this area. good workout, and a fun place to camp, ride, and enjoy the beach. ",FL_Biker904,"March 22, 2010",4.0,Unknown,https://www.singletracks.com/bike-trails/kathryn-abby-hanna-park/
"
 Nice trail for a non-challenging ride. Some tighter turns, and nice fast swooping sections. Get a workout in. Can be a little sandy.* Review edited 11/24/2009 ",GoKite5,"November 25, 2009",2.0,Unknown,https://www.singletracks.com/bike-trails/kathryn-abby-hanna-park/
"
 Coming off a long hiatus from biking this park provided a great place for an ""old beginner"".  We camped in the park for 3 days and rode two of them covering almost all of the trails. There's essentially two biking areas, one that starts right near the entrance with a bunch of small tighter loops and another longer trail that goes around both lakes, the campground, etc encompassing most of the park.  I personally enjoyed the longer trail being less technical but offering the opportunity for more speed and smoother riding.  All in all it turned out to be a great start, the camping area was pretty nice, the bathroom not great but usable and all the staff we met there were friendly. ",robwas,"February 26, 2009",3.0,Unknown,https://www.singletracks.com/bike-trails/kathryn-abby-hanna-park/
"
 Sigle track, good for cardio...Local shops just recently got together and held a trail maintenance day..They did a great job of clearing and adding some limestone and gravel to the sandy sections, plus a few wood crossings ",brec127,"December 7, 2008",4.0,Unknown,https://www.singletracks.com/bike-trails/kathryn-abby-hanna-park/
"
 I'm Southeast GA., so this is the closest trail where I can spend at least four hours riding.  Well ridden trails, easy to navigate, and provides a challenge.  Spend a weekend at the campground...take the ferry over to Ft. Clinch and back.  You will have a great weekend biking and beaching. ",SSSORT,"October 14, 2008",4.0,Unknown,https://www.singletracks.com/bike-trails/kathryn-abby-hanna-park/
"
 Updating the Official City of Jax trail map link showing named trails, since the COJ site has recently changed:
 http://www.coj.net/Departments/Recreation+and+Community+Services/Recreation+and+Community+Programming/Recreation+Activities/Hanna+Park/Bike+Trails+Map.htm ",EZ-E,"January 11, 2008",0.0,Unknown,https://www.singletracks.com/bike-trails/kathryn-abby-hanna-park/
"
 Due to heavy rains VERY sloppy.  Will be a couple of weeks before it dries out. ",hazbiker,"October 9, 2007",4.0,Unknown,https://www.singletracks.com/bike-trails/kathryn-abby-hanna-park/
"
 Ok riding.  Lots of freakin' roots.  Trails are NOT well marked.  Trails are also two way.  Don't go out of your way to go here, but if your in the area it's a descent cardio workout.* Review edited 4/15/2007* Review edited 4/16/2007 ",Allen_,"April 16, 2007",3.0,Unknown,https://www.singletracks.com/bike-trails/kathryn-abby-hanna-park/
"
 Current full park access is $3.
""Hanna"" has always been a popular local trail for a fun after-work ride, about the oldest and most established in the Jacksonville area.  Being so well-used is one of its attributes...lines are worked in well and, in normal conditions, about 90% of the parks trail surface is packed down to a firm base from the constant bike traffic.  While it is a pretty consistent and dependable ride just about any day of the year, the trail is at its very best when ridden a day or two after a rain, this tends to ""pack"" any sandy sections of the trail down extra well.  Total ascent for the core trail is about 160ft over approximately 8 miles. Suggestion to the powers that be in Jax: If park and city management would allow it, Hanna would be an ideal trail to build in more obstacles using wood and stone: bridges, small drops/ramps, rock gardens/riprap, wood constructed ladder berms, log jams, see-saws, etc...whatever the management will allow within constraints of liability.  All of these could be options and maybe placed in the sandiest sections to get the riders up off the loose stuff.  Given that is a designated MTB trail separate of the hiking trails out there AND the large following of riders who use Hanna, this could really put Hanna on the map as not just a lifeline to a MTB-starved community.  Hanna Park was one of the first trails I ever rode on 26"" wheels circa 1991.  We've also made weekend trips out there: setting up camp in the well appointed full-service camping and RV sites, biking, canoeing/boating, fishing, swimming in both the ocean and lake, etc.  FYI...there is a great primitive campsite right off the ""Trestles"" trail on the North trail section.  The one thing that has always been a shame about Hanna is the lack of ongoing local support for organized trailwork there - not saying there aren't concerned individuals who have taken care of her through the years.  But, for the large numbers of locals who depend on Hanna as their only in-town trail, one would think it would be maintained so much better than it is with regular trailwork days.  Part of this responsibility lies with the grassroots efforts of the local bike shops, some have championed the cause intermittently but support has always been here today-gone tomorrow.  Sad for the primary trail in the immediate area that justifies the sales of their mountain bikes.  If I still livedin town and saw some trailwork days posted at my local bike shop, better believe I would pitch in and appreciate the shop for taking an interest in my sport after the sale. Here's the Official City of Jax trail map drawing showing named trails:  http://www.coj.net/Departments/Parks+and+Recreation/Recreation+Activities/Hanna+Park/Bike+Trails+Map.htm* Review edited 2/13/2007 ",EZ-E,"February 13, 2007",3.0,Unknown,https://www.singletracks.com/bike-trails/kathryn-abby-hanna-park/
"
 Strictly for beginners. This trail offers no challenge however it is well maintained and biker friendly. There are no elevation changes at all, no obstacles or challenges anywhere on the entire trail system. Great trail to learn how to ride and get a workout. If your looking for a thrill look elsewhere.  ",deesnats,"October 3, 2006",2.0,Unknown,https://www.singletracks.com/bike-trails/kathryn-abby-hanna-park/
"
 Fast twisty singletrack -- some parts of the trail have good flow and nice berms. Other sections are fairly rooty and tight - nothing I would call technical, though. Biggest fault I can find with Hanna is the sand -- there are some sections (like Misery) that have extended stretches of sand. Other parts of the trail are essentially sand-pits. Not a big deal though and definitely not a deal breaker.  ",ositoking,"September 23, 2006",4.0,Unknown,https://www.singletracks.com/bike-trails/kathryn-abby-hanna-park/
"
 This is a fun trail. Even the expert trails are not that hard most was ridden by my 8 year old. My 10 year old was able to ride most of it aggressively. It was broken up so if the younger guys got tired they could break off and rest. A really good time. ",tleake,"June 12, 2006",4.0,Unknown,https://www.singletracks.com/bike-trails/kathryn-abby-hanna-park/
"
 This was the first place I have been mountain biking. It was challenging but fun. Great for first-timers. ",TylerPro,"April 23, 2006",4.0,Unknown,https://www.singletracks.com/bike-trails/kathryn-abby-hanna-park/
"
 An OK trail. Fairly simple. Mostly flat. Parts haven't been used much--grown-over. I managed to find 9.5 miles. Roots. Switchbacks. Shared with campers; saw small children wandering around (dangerous). Parking $3.  ",toolba,"March 11, 2006",3.0,Unknown,https://www.singletracks.com/bike-trails/kathryn-abby-hanna-park/
"
 Start at the beginning of the trail through rasberry court, then the grunt, next Switchback A and B, finally finish with Misery or Z.   In summer, Z is filled with those banana spiders ",mercery,"November 2, 2005",3.0,Unknown,https://www.singletracks.com/bike-trails/kathryn-abby-hanna-park/
"
 Pretty good bike trail, tight singlet rack, roots & by the beach some decent climbs & drops!! not too shabby. ""seven"" ",charlie,"June 1, 2005",4.0,Unknown,https://www.singletracks.com/bike-trails/kathryn-abby-hanna-park/
"
 Overall, nice flat trails...great place to test out new equipment prior to heading out on lengthy, remote long distance rides. ",dean.kuenstler@gmail.com,"June 20, 2017",4.0,Unknown,https://www.singletracks.com/bike-trails/orlando-wetlands-park/
"
 Restroom and picknic facilities are provided at the trailhead/parking lot area.  Do bring your sunscreen though, no trees covering the main trails which are berms that separate all the restored wetlands.  There are some good & fun trails through the woods, but they are marked ""no bikes"" and can be muddy.
Great scenery rating for Florida wetlands and amount of birds & alligators that it's possible to see.  Fun, leisurely trails. ",thegator,"April 7, 2008",3.0,Unknown,https://www.singletracks.com/bike-trails/orlando-wetlands-park/
"
 Free admission, bathrooms, water fountains, picnic tables. Berm trials follow around the marsh. Lot's of wildlife and good scenery. Perfect for beginners or families. No hills or obstacles. Keep in mind there is no shade on the trail.  * Review edited 9/16/2007* Review edited 9/16/2007 ",timmhynes,"September 16, 2007",4.0,Unknown,https://www.singletracks.com/bike-trails/orlando-wetlands-park/
"
 -Proper MTN bike trail is a 5.4 mile loop. Not sure where 14 miles came from unless you count riding all the roads in the park.
- Trails are divided in two equal sections on either side of the main road. There is a marsh side trail and a beach side trail. Both are pretty similar in length and terrain.
- The trail is singletrack but plenty wide enough for passing very often and lots of spots have multiple line choices.
- It's not as flat as you might think it would be. It's nearly always going up and down. Although not super technical there are several short steep sandy climbs with exposed roots that can catch you out if you aren't careful.
- Trail runs in one direction and that direction is changed at a regular interval ( every 6 months or a year I think).
- The park is very narrow and therefore when you are on the trail you are never really far away from the main road that runs the length of the park.
- Lots of places to park but most people seem to park at either the entrance or at the fort. This is mainly for security reasons as state parks are known for being subject to criminal activity around unattended vehicles
- Extremely fun trail that flows and rolls all the way around for the most part. A few tough short steep  climbs here and there. A good trail for beginners and a fun trail for even advanced riders.
- Beach access in the park and other cool things like the fort itself and lots of water and marsh vistas. ",dag221,"December 31, 2018",5.0,Unknown,https://www.singletracks.com/bike-trails/fort-clinch-13749/
"
 Cold, windy for N Florida.  Trail was great, little muddy but packed sand ",Dugan,"January 2, 2018",5.0,Unknown,https://www.singletracks.com/bike-trails/fort-clinch-13749/
"
 Very good lots of hills ",Jece,"December 10, 2017",4.0,Unknown,https://www.singletracks.com/bike-trails/fort-clinch-13749/
"
 This is an excellent flow trail that rides like a roller coaster through the woods.  It has good drainage so it can be ridden after a rain storm. ",Richard Shoop,"May 13, 2018",5.0,East Cadillac,https://www.singletracks.com/bike-trails/tom-brown-park/
"
 If you ride it west to east, it isn't a big deal.  However, when you ride it east to west, it has a lot of climbs that wear on you and make it challenging. ",Richard Shoop,"May 9, 2018",3.0,Loblolly Loop,https://www.singletracks.com/bike-trails/tom-brown-park/
"
 Short, but is always a good time. I usually hit this trail after riding the East Cadillac trail. It seems to be a lot more fun when you're heading East-to-West direction. Some decent roots sections, cool scenery that feels prehistoric at times, and never crowded. You can ride the West Cadillac trails to Bill's Trail, over the pedestrian bridge (worth checking out if you haven't seen it..it's big and over a railroad track), then connect to the East Cadillac trails, making a giant loop of really fun trails. ",xbd,"March 12, 2018",4.0,Bill’s Trail,https://www.singletracks.com/bike-trails/tom-brown-park/
"
 This place is the bee's knees. There are water fountains, a warmup pump track, a    long tree-balance beam, bikewash station, and bathrooms all in the parking lot (also a kids playground and picnic tables for the rest of the fam). The trail itself is great, probably my favorite loop in Tallahassee. Has a great flow to it, plenty of roots and dips, a few fun obstacles randomly throughout, a decent drop-to-slope which dumps out onto the natural bridge between two lakes (beautiful, especially near sunset), a technical concrete descent,  and all around beautiful scenery. Easy access to West Cadillac trails, Bill's Trail, and JR Alford Greenway trails (all of which are fun and worth the trip). All n all, I love this place and is usually my go-to for afternoon rides. ",xbd,"March 12, 2018",5.0,East Cadillac,https://www.singletracks.com/bike-trails/tom-brown-park/
"
 Nice, fun little flowy singletrack section that runs along one side of Lake Lafayette. Using Bill's Trail, you can circumnavigate Lake Lafayette in combination with Cadillac Trail or the multiuse trail. On weekends though you will encounter a lot of walkers on this section so go during the week or earlier on a weekend day for max enjoyment. ",KatzenJammer,"January 27, 2018",4.0,Bill’s Trail,https://www.singletracks.com/bike-trails/tom-brown-park/
"
 Being somewhat of a noob this was a tough track. Got gassed pretty quick but there was  lot of challenges that would be piece of cake to more experienced riders ",Ron Williams,"December 8, 2017",4.0,Unknown,https://www.singletracks.com/bike-trails/tom-brown-park/
"
 It has been raining, so the trail is soft in places and the roots are slick. ",Kenny Koon,"June 13, 2017",4.0,Unknown,https://www.singletracks.com/bike-trails/tom-brown-park/
"
 Lots of tree roots but something for everyone. Lots of features on trails. Good connections with other trails. ",Adam Alterman,"December 27, 2016",5.0,Unknown,https://www.singletracks.com/bike-trails/tom-brown-park/
"
 Direction to this trail within this app actually take you to a different park that connects to the Cadillac trails and then to Tom Brown. However, some of the best trails I've ridden in Florida to get to Tom Brown. I ride Santos regularly and these trails have a different flow and feel which is a awesome change. ",Scott T. Cramer,"November 7, 2015",5.0,Unknown,https://www.singletracks.com/bike-trails/tom-brown-park/
"
 nice twisty singletrack.
wally wall is just icing on the cake. ",rocketbracket,"September 28, 2015",4.0,Magnolia,https://www.singletracks.com/bike-trails/tom-brown-park/
"
 good warm up / spinning section ",rocketbracket,"September 28, 2015",3.0,Loblolly Loop,https://www.singletracks.com/bike-trails/tom-brown-park/
"
 This trail has almost everything for mountain/trail rider. ",rocketbracket,"September 28, 2015",4.0,Unknown,https://www.singletracks.com/bike-trails/tom-brown-park/
"
 Awsome trails, great inclines and drops, great pump track. Lots of fun must do if in the area. Best trail system in Tally. ",29r Frank,"September 27, 2015",5.0,Unknown,https://www.singletracks.com/bike-trails/tom-brown-park/
"
 probably my favorite section of cadilac real fun with some technical stuff if u want it ",aewynn0915,"July 3, 2015",4.0,East Cadillac,https://www.singletracks.com/bike-trails/tom-brown-park/
"
 I've been wanting to go here for about 5 years since I live in Jacksonville (just over 2 hour drive) and it's definitely a fun trail. Like I usually say for anything more than a 2 hour drive away...drive north for 4 hours and you can get not only fun trails, but AWESOME trails. That being said it will be a while before I head back, but would like to visit again one day. If I lived in Tally would love having these trails close by! ",jeffrey_j,"June 20, 2015",4.0,Unknown,https://www.singletracks.com/bike-trails/tom-brown-park/
"
 Pretty decent little trail to loop together with East & West Cadillac, maybe part of Alford Greenway or even Fern Trail and Kohl's Trail nearby. Subtle climbs, some roots but not overly technical, anything major has a bypass next to it. ",krow272,"May 26, 2015",3.0,Magnolia,https://www.singletracks.com/bike-trails/tom-brown-park/
"
 This trail is decent but really short. The description states 5 miles which seems about right. You can ride around in circles to try to add more miles. A lot of this trail is BMX style with really tight little turns winding back and forth through the woods, trying to add mileage to this little trail system I guess. It's worth riding if you're in the area. ",climb_head,"May 7, 2015",3.0,Unknown,https://www.singletracks.com/bike-trails/tom-brown-park/
"
 This is a great spot for riding in Florida, glad I hit this up on my way through Tallahassee. The trail has nice flow for getting up speed as well as several manmade features along the ride that advanced riders will enjoy. If you get the chance, don't miss it! ",sprodj,"March 4, 2015",5.0,Unknown,https://www.singletracks.com/bike-trails/tom-brown-park/
"
 Lots of fun packed in these trails.  Singletracks have options for ""expert"" riders or easier ride arounds that allow everyone to put in miles.  Plenty of roots, rocks and drop offs to keep everyone entertained.  Also available is a wide smooth doubletrack trail for raw beginners or anyone looking for a casual ride. ",Hap Proctor,"December 5, 2014",4.0,Unknown,https://www.singletracks.com/bike-trails/tom-brown-park/
"
 Love this system.  It sits in the middle of several trails (both dedicated and mixed use) of varied difficulty.   If you're looking for a tight, technical track, a free ride area, or just some relaxing cross country riding, this is a very good location. ",VPJ,"September 14, 2014",4.0,Unknown,https://www.singletracks.com/bike-trails/tom-brown-park/
"
 this is a great trail system you can start at buck lake near swift creek follow the cadilac trail to piney z and then go all the wa to tom brown park and back once your at tom brown there is a lot to do so you could spend a whole day out there ",aewynn0915,"July 4, 2014",4.0,Unknown,https://www.singletracks.com/bike-trails/tom-brown-park/
"
 I did a collegiate race here and I was surprised Florida actually had some decent mountain biking. While there are no real climbs, it has some really memorable sweet sections. I do recall sliding everywhere on some of the  sandy turns, but that Florida mtb! ",mtndew24,"May 7, 2014",5.0,Unknown,https://www.singletracks.com/bike-trails/tom-brown-park/
"
 this is my fav in Florida. Don't skip everything TB has to offer:
Flowzilla, Lafayette, Cadilac... it's all fun, ",Uberjody,"March 25, 2014",5.0,Unknown,https://www.singletracks.com/bike-trails/tom-brown-park/
"
 Fun trail to ride ",Alex-f22,"March 17, 2014",5.0,East Cadillac,https://www.singletracks.com/bike-trails/tom-brown-park/
"
 Great trail! ",Alex-f22,"March 17, 2014",5.0,Unknown,https://www.singletracks.com/bike-trails/tom-brown-park/
"
 First time at Tom Brown up from Ocala where Santos is the daily trail. Loved this northern system reminded me of getting into Georgia trails. Good climbing with some fun technical with options for intermediate riders to choose. It was a cool brisk day at 52f but made riding fun. Loved the newer obstacles! Fun day but drive was long. Worth it if you've never been. ",AllMtnDiva,"January 2, 2014",4.0,Unknown,https://www.singletracks.com/bike-trails/tom-brown-park/
"
 I did FSC 1 after a rain storm came in. It dried out fast and provided a lot fast and twisty section with technical roots. The right mix between climbing and descending. ",Floridamtbtrider,"July 9, 2013",5.0,Unknown,https://www.singletracks.com/bike-trails/tom-brown-park/
"
 Great trail system no doubt. Has a lil of everything it from beginner to frame breaking jumps. Hats off to Tally for having a great trail system at Tom Brown and for the work that continues on it. ",cyclingpops,"December 1, 2012",4.0,Unknown,https://www.singletracks.com/bike-trails/tom-brown-park/
"
 Love this trail and can not wait to make the trip back up to Tally to ride it again. This trail is super fast and has great flow. Fun for all levels. ",Peresite70,"September 25, 2012",5.0,East Cadillac,https://www.singletracks.com/bike-trails/tom-brown-park/
"
 Had a super sick fun time on everything that I rode on here, from Wally World, the Cadillac, to the pump track!!! Videos and pictures do not do this place any justice... Tom Brown has great flow and is super fun... So if your planning to make a trip here you won't be disappointed!! ",Peresite70,"August 19, 2012",5.0,Unknown,https://www.singletracks.com/bike-trails/tom-brown-park/
"
 The BEST ride in North Florida, period point blank.  They've added numerous new bridges, planks, and wooden berms that are 10 feet high!  This track FLOWS better than Alice at Mel's diner.  If you've not enjoyed Tom Brown, you're missing out. ",RCQuinn1972,"July 29, 2012",5.0,Unknown,https://www.singletracks.com/bike-trails/tom-brown-park/
"
 Lots of fun- definitely an ""intermediate"" trail with a few technical challenges...including one drop-in on a downhill, and one steep technical descent.  I'll be back! ",suppo165,"July 13, 2012",3.0,Unknown,https://www.singletracks.com/bike-trails/tom-brown-park/
"
 Not very technically challenging, good for a good cardio workout. ",,"May 15, 2012",3.0,Unknown,https://www.singletracks.com/bike-trails/tom-brown-park/
"
 Upon leaving work in the afternoon, I take pause to praise the bike Gods for allowing me to live so close to this gem. The Magnolia trail system has a lot of fun turn abouts and connects to the Kudzu and gun range platforms.  There is a newly added ""Wally world"" bit which is a raised vertical berm which I especially love. On the other side of the Magnolia trail heading east across the gravel path lies the more technical Cadillac trail.  This trail has a few advanced sections and new boarded additions compliments of Trail Dynamics.  Approaching the East end of the Cadillac affords one the chance to cross the river north towards the alfred greenway, or if ambitious enough, towards the Micc. Greenway about 6 miles away. The only caveat is that there is a surplus of walkers/joggers on the bike trails.  I even saw some fool riding a motorcycle on the bike trail recently. ",YetiConquest,"April 12, 2012",5.0,Unknown,https://www.singletracks.com/bike-trails/tom-brown-park/
"
 A very fun area! Have trails for all skill levels! Bring a change of clothes, a lunch, and you can enjoy a full day out in the park; packed with trails, open fields, sports recreational areas, and play grounds- this place is an absolute blast! ",,"March 27, 2012",5.0,Unknown,https://www.singletracks.com/bike-trails/tom-brown-park/
"
 Second time to ride this trail and it is a gem in the middle of the panhandle. The trails are well maintained and feature a good mix of flowing singletrack, natural technical features, small jumps, manmade features, and a few advanced sections. One gripe: several really nice advanced sections were removed or neutered since I last rode it...why? There are options for alternate routes? It looks like a jump park is also being built, which unfortunately supplanted a nice little techy section o'trail to make way for it.  ",Michael Paul,"February 27, 2012",4.0,Unknown,https://www.singletracks.com/bike-trails/tom-brown-park/
"
 Tom Brown + Cadillac is a ride I never get tired of.  It has just the right combination of everything.  For the weight-weenies out there, I don't carry water because you come across a drinking fountain four times on the ride.  Be careful! It can be deceptive.  Some days I don't wreck, but if you're not vigilant you can have some bad spills.  If you visit Tallahassee, THIS is the trail you want to ride.  Try the alternate path instead of the Kudzilla flow track and you will add another 8 minutes of speedy/fun trail, unless you're dying for some jumps.  At the end of the flow track is another jump park.* Review edited 1/23/2012 ",colpotatos,"January 23, 2012",4.0,Unknown,https://www.singletracks.com/bike-trails/tom-brown-park/
"
 This is a great beginners trail, at 1.8 miles out and back, and perfect for the person who wants to get off the fire roads or multi-paths and give single track a try. ",XSpec,"July 6, 2011",3.0,Loblolly Loop,https://www.singletracks.com/bike-trails/tom-brown-park/
"
 Unofficially Cadillac Part II, the other end of Cadillac is past the bathrooms, a right down the dirt road through the wooden fence and up the trail on the left (will eventually spit you out at Tom Brown Park). There are two double diamond jumps a ""downhill rock garden"" couple of seesaws and they seem to add stuff every few months. Great trail for intermediate to expert skill level. The ENTIRE cadillac trail is roughly 5 miles give or take   ",limetownjack,"July 6, 2011",5.0,East Cadillac,https://www.singletracks.com/bike-trails/tom-brown-park/
"
 One of my favorites in town but I wish it was longer than 2.44 miles. Trail starts of mild, but quickly you get more difficult/expert sections and it seems every time I ride there is a new feature or obstacle. The trip back is the best part though with lots of ups/downs, tight turns, and more! ",XSpec,"July 6, 2011",5.0,East Cadillac,https://www.singletracks.com/bike-trails/tom-brown-park/
"
 Tom Brown Park is a great place for everyone.  Mostly has flowy up and down singletrack, Some rooty sections on Cadillac, A Bmx Track, and an improved DS course (kudzilla) that is a blast to ride. Definitely recommend this park for anyone looking to have a good time. Not too much technical riding for the experts, but still plenty of things to have fun on. ",wheelieboy,"March 29, 2011",5.0,Unknown,https://www.singletracks.com/bike-trails/tom-brown-park/
"
 Very cool place. some of the best in florida. I had a ball riding here. traveled 2 hours and it was worth it ",connorbug1,"February 2, 2011",5.0,Unknown,https://www.singletracks.com/bike-trails/tom-brown-park/
"
 The multi-use trail has some nice cardio hills, but nothing majorly challenging. The Magnolia section is a blast, and Cadillac is awesome as well. Ride the whole area and it's a good workout. I had no issues with any of the trails; I heard people say it was technical, but it isn't as difficult as Alafia or some of the trails at Santos. ",rich67,"March 28, 2010",4.0,Unknown,https://www.singletracks.com/bike-trails/tom-brown-park/
"
 There are a lot of miles of single track here and everything is well maintained/marked. If you live in southern Georgia, then Tom Brown is probably your best choice for a weekend outing ($3.80 a gallon?!). This trail system is a blast and there's something here for beginners and experts.* Review edited 4/10/2011 ",limetownjack,"September 8, 2009",5.0,Unknown,https://www.singletracks.com/bike-trails/tom-brown-park/
"
 nice trails. a great combo of tight turns, flats, roots, and short up/downs.  trailhead is well marked, as well as entire trail. ",rodrodriguez2003,"May 31, 2007",4.0,Unknown,https://www.singletracks.com/bike-trails/tom-brown-park/
"
 This trail will challenge anyone. Very packed and tight. There are tons of sections of this trail that flow very nicely. You can find thrills in some drops ladder bridges, ramps and launches. Toward the end of the trail there is a drop off about 4 feet deep into an inclined landing area totally awesome. This trail system will thrill you.  ",deesnats,"October 3, 2006",4.0,Unknown,https://www.singletracks.com/bike-trails/tom-brown-park/
"
 These trails have something for everyone. The Magnolia/K9 loop is pretty flat and great for begginers. The Gun Range loop has a few short steep hills and a twisty section in the woods near Easterwood Drive. The Ravines loop is the toughest and it has some spots where begineers will want to dismount and go around. It has a nice log bridge engineered in the middle if the goat fence is not up. There is the flat, paved Goosepond Trail if that is your style. There is a also a dedicated BMX tracks with jumps.  ",ositoking,"September 23, 2006",4.0,Unknown,https://www.singletracks.com/bike-trails/tom-brown-park/
"
 Sections of the trail use a continuous hillside and ravine next to some RR tracks.  Tight, flat singletrack through small trees, some decent climbs for FL, one part that has drop-ins on three sides of about 10-15ft high and a fairly steep angle make for a fun spot.  Trail is fairly well-packed clay/sand mix in most spots. Fun trail...also did a race here - you have the park with restrooms and a big grassy field to chill after your ride. ",EZ-E,"July 19, 2005",3.0,Unknown,https://www.singletracks.com/bike-trails/tom-brown-park/
"
 this trail has always been a great place to race. the start is always a bmx start to g grouling finish. its very enjoyable winter to spring.    ",mountainbke_bro,"December 2, 2004",3.0,Unknown,https://www.singletracks.com/bike-trails/tom-brown-park/
"
 UWF trails are a great workout. With multiple color coded trails to follow. I just did the red trail and that was 9 miles and I could feel the burn afterwards. Lots of uphill climbs for a good cardio workout. Trails are well marked and difficulty is just enough that you need to pay attention or end up down in the scrub oaks. Be sure to carry enough hydration material of your choice you'll need it and if you go early it will be cooler but you'll be the daily trail blazer and catch some nightly built spider webs. ",barrywaskom,"June 2, 2018",5.0,Unknown,https://www.singletracks.com/bike-trails/uwf-mountain-bike-trails/
"
 Trails are owned by University if North Florida.  I started off going backward but eventually figured it out and the trails flowed nicely with steady climbs and fun descents. Some technical trails and there were some more advanced trails but I was going the wrong direction so was not able to really navigate properly. Recommend. And would do it again. ",J. Strohs,"May 10, 2018",4.0,Games Loop,https://www.singletracks.com/bike-trails/uwf-mountain-bike-trails/
"
 Trail was very dry with lots of pine needles which created some slippery spots. There were a few sandy spots that were not too bad. There was one giant sandy spot that is bad. Otherwise the trail was in good condition. Fun trail to ride if you are in the area. ",Seymore Braap,"May 8, 2018",4.0,Unknown,https://www.singletracks.com/bike-trails/uwf-mountain-bike-trails/
"
 Great trail system with technical challenges and elevation changes.  The Games section has a freeride section for advanced riders.  The main section has great diversity with enough elevation changes and roots to keep it interesting.  Whiskey Tango Foxtrot is a great advanced trail on the main side.  Definitely not to be missed if in the area! ",acrmedic,"March 26, 2018",5.0,Unknown,https://www.singletracks.com/bike-trails/uwf-mountain-bike-trails/
"
 Loved this trail system, well worth the 2 hour drive. This is a system that has something for all skill levels. I started with the Orange, I believe, which was across the street from the trailhead. It was great, and seemed to be almost entirely downhill. It used the elevation extremely well. Not overly technical, but enough to keep you on your toes. The yellow/games trails were really fun and technical, but weren't marked very well. In the area where the trails crossed I got lost a couple times. ",MaGabbs,"June 11, 2017",5.0,Unknown,https://www.singletracks.com/bike-trails/uwf-mountain-bike-trails/
"
 After riding the UWF trails I decided to try the Games Loop trails which are just across the road...and was I glad I did.
It started not so well when I was told find the trail to the Left after you go under the big gray gate. This counter clockwise ride was poorly marked and I soon found "" game "" area and enjoyed a short flowing trail section with smaller jumps and berms. One part was very nice with several smaller sized dirt berms leading up to two large berms ...that section was a total blast!!!  After exploring around the pit area I decided to leave.  As I was about to exit the Games Loop, I found the proper beginning to the various trail loops. The real trail head for the Games Loop is a few hundred feet up the dirt road that the big gate is on.   I loved these trails...more flowing than at UWF with a higher average pace, ( more my style anyway).  After a lap I played a little at the poorly marked game area then ended my fun day at The Games Loop and UWF.   I will return to enjoy these trails again. ",Eddie on a bike,"June 3, 2017",4.0,Games Loop,https://www.singletracks.com/bike-trails/uwf-mountain-bike-trails/
"
 A nice trail to enjoy.  Color coding works well for trail marking.   Rode after a rain so the sand sections were not too bad.  There are lots of roots of varying sizes to keep you on your toes.... You will also find smaller step-ups that sometimes challenge the flow, but this is a Mountain biking so have fun.  Most wooden structures you see in the photos are gone, some replaced by dirt / sand berms.   Again if you're coming through be sure to enjoy this trail.   BIG THANKS to all that work these trails !!! ",Eddie on a bike,"June 3, 2017",4.0,Unknown,https://www.singletracks.com/bike-trails/uwf-mountain-bike-trails/
"
 What a great trail. It has gotten much better since I started riding it years ago. I come into town for business several times a year, and each time it gets better. In the past the maintenance lacked a little, and I would get turned around a lot. Lack of signs /markers, made it confusing.  They now have color coded blazes that enabled me to flow the trail without back tracking. The trail was in great shape except for a few minor and one major sand spot. But...this is Florida, you will find sandy spots at all Florida trails.  Even as dry as it has been, the sand was not bad at all. The trail flows very well. I really love Whiskey and Fox Trot.  Shout out to the folks at PORC who work hard to keep these trails maintained! ",Seymore Braap,"May 9, 2017",4.0,Unknown,https://www.singletracks.com/bike-trails/uwf-mountain-bike-trails/
"
 I was in the area on business and decided to drop in for a ride.  I do travel the coastal region with my single speed to work out the links after a long say. I rode the games side of the trails, it was fast and flowing, perfect for a non-technical ss ride.  The trail markings were pretty good. If you need a quick ride, this system works ",LStadelmeier,"January 3, 2016",3.0,Unknown,https://www.singletracks.com/bike-trails/uwf-mountain-bike-trails/
"
 Great part of the UWF Bike Trails which total 22.5 miles of mostly single track riding. Very beginner friendly trail and a blast to ride backwards at night. ",Maloney,"December 30, 2015",5.0,Games Loop,https://www.singletracks.com/bike-trails/uwf-mountain-bike-trails/
"
 22.5 miles of mostly single track when including the Games Loop. Some of the trails are beginner friendly and some are more intermediate. Overall great trail system considering it is Florida and less than an hour from the beach. ",Maloney,"December 30, 2015",5.0,Unknown,https://www.singletracks.com/bike-trails/uwf-mountain-bike-trails/
"
 I really enjoyed this trail.  I will be back. ",Tony Fretwell,"October 31, 2015",4.0,Games Loop,https://www.singletracks.com/bike-trails/uwf-mountain-bike-trails/
"
 Not the best overall trail, very fun to ride but without prior knowledge of the trails can be very easy to take the wrong direction and end up getting lost. ",JKalber,"October 14, 2015",4.0,Unknown,https://www.singletracks.com/bike-trails/uwf-mountain-bike-trails/
"
 Not a bad trail for begginner to starting intermediate. ",JKalber,"October 14, 2015",4.0,Games Loop,https://www.singletracks.com/bike-trails/uwf-mountain-bike-trails/
"
 As a beginner, I found this trail to be relatively easy. Lots of pedaling on the front side, the back half -donkey kong and paperboy- had a few hills and roots. Overall a great trail. ",rix6six,"September 19, 2015",4.0,Games Loop,https://www.singletracks.com/bike-trails/uwf-mountain-bike-trails/
"
 So, for a typical Florida forested area, the land, flow of, and layout is used very well throughout.  It is easy to lose sense of direction as some trails go both ways.  You'll see blue diamond markers facing both directions, at one point, I wasn't paying attention (having too much fun) and rode the blue (Tango loop) twice.  No biggie.  Nice ladder berms and some jumps.  Many drops and climbs over large roots, fun!  Towards the water where the leaves are the size of feet and the air is sweet are some fun technical roots sections.  One in particular was like when I take a sketchy line in the mountains.  Loved it!  Just mind the map ahead of time and stay on course and you will be fine.  For the people who maintain the trails, great work.  Coming from the MidWest, I loved this trail.  Some of the sandy turns made it interesting, but filled with laughs!   Easy trail with some fun thrown in.  I would recommend the red and blue sections for some climbing and tech sections, not difficult if you ride regularly.  Worth the ride if your in the area, I drove over from Orange Beach myself.  After this I headed over to Games Loop.  You should too. Difficulty Rating based off multiple roots around 8 inches or more. ",GTXC4,"May 15, 2015",5.0,Unknown,https://www.singletracks.com/bike-trails/uwf-mountain-bike-trails/
"
 5 Stars for the creativity and fun factor in a typical Florida forested area.  This place was a blast after the UWF full loop.  Crossed Pate Rd from the sand parking lot and loved every bit of this trail.  Go Pro died though, so I'm going back again.  Definitely worth trying out and kudos and respect to the people who put time into keeping this trail up.  Coming from the MidWest, this place was definitely worth the ride! Obstacles like the photos show and then some.  You can drop down hills with pedaling speed and rip into a berm, then shoot up and down ladder bridges even getting air off some.  Love the drop off the banked ladder bridge, fun to throw the bike around.  Again, thanks so much to those who made this happen!  Your work is greatly appreciated by many! There are places where you end up the wrong way due to lack of markers, but I just kept hitting the obstacles, so I didn't care all that much.  Would be helpful though. Difficulty Rating is based off air bridges and sand.  Photos added.  Enjoy! ",GTXC4,"May 15, 2015",5.0,Games Loop,https://www.singletracks.com/bike-trails/uwf-mountain-bike-trails/
"
 Very fun trail. Great for beginners and experienced riders. Some of the trail markers are hard to follow and it's easy to find yourself riding the wrong way. ",Sage Wengler,"April 30, 2015",4.0,Games Loop,https://www.singletracks.com/bike-trails/uwf-mountain-bike-trails/
"
 Freaking outstanding!  It has any thing you want from an mtb perspective with great trails, jump course, and a great old clay pit loaded drops and jumps.  I am very grateful to Porch.org for all the work they have done ",shawnstang,"December 23, 2014",5.0,Games Loop,https://www.singletracks.com/bike-trails/uwf-mountain-bike-trails/
"
 if you are sick of sanitized bs trails and want some great fun, then these are the trails to ride.  literally 20  miles of trails that have some outstanding xc downhill, sweet flow, and leg burning up hills.  many trails to choose and if xc is not enough there is a jump trail and a great clay pit with numerous drops and jumps.  sorry, but i have ridden everything between mobile, birmingham and tallahassee but this trail system is the best in the south east.  would gladly lead a tour if there is some debate on the subject ",shawnstang,"December 14, 2014",5.0,Unknown,https://www.singletracks.com/bike-trails/uwf-mountain-bike-trails/
"
 This review is on the least difficult section of trail.  After scouting this I took my wife, who had never before been on a mountain bike trail, and she really enjoyed it.  She is not the outdoorsy type but this was flat enough to make it manageable.  If you know someone who is considering the sport but is fearful, this is a great place to start.  There are some really interesting sections around the sand pit for the more advanced rider.  Do watch the loose sand.  I came off a high banked turn and chose a bad line and the loose sand took me down.  If your going to attempt any of those fun spots you should probably walk it before you ride it.  Wish I had... but whats a vacation without a trip to the ER right. ",Mike Snyder,"March 25, 2014",4.0,Games Loop,https://www.singletracks.com/bike-trails/uwf-mountain-bike-trails/
"
 i thought the trails to the right were more like xc trails than the trails to the left. Super fun trails. Load up and go. ",Uberjody,"March 25, 2014",4.0,Unknown,https://www.singletracks.com/bike-trails/uwf-mountain-bike-trails/
"
 See http://www.mtbepicrides.com/2014/02/games-loopuwf-pensacola-florida.html for links.  If you are ever near Pensacola, and need to get in a ride, check these trails out.  Don't let the No Trespassing signs throw you.  The sandy Trailhead parking lot is to the right, with it's entrance right before the first No Trespassing sign, this is the UWF side, the Games side is directly across from that entrance with a closed gate.  It was not obvious, there were no TH parking signs.  Nor were there trail markers pointing to the Games side, until you get past the gate.  The directions from SingleTracks.com were spot on though. The trails are marked well with really nicely carved and painted wooden posts. The posts are Supplemented with the original arrows and blazes.  There are a lot of cross trails that lead into the pits and stunts on the Games Side.  The UWF has less of that, but there is an unmarked turn, that probably goes to the 10 mile TH and once you get to the far end, you get a red arrow to turn you on to a power line or fire road for a short bit.  But the wooded posts keep you on the the fun stuff for the most part, just don't overthink it, like I tend to do the first time out.  Just don't turn unless there is something pointing you in that direction.  The one exception is in the Bayou on the Whiskey trail.  The trails old flow is the the left, but there is a right turn at a piece of orange tape.  You don't want to miss the WTF section, more on that later.  If you hit the Dogs trail, you just missed WTF! Both sides handle water/rain very well.  It is said that they are actually better after a good rain.  The first time I rode these trails, was the day after a good couple days of rain.  The Games side hardly had a wet spot on the single track.  There were some big puddles on the fire road and the clay in the pits looked wet in places.  The UWF side was similar, but the elevation change actually had runs that flowed the water to low spots, that still had standing water even two days after the rain.  Both sides had a enough pine needles laid down to keep you on your toes!  The UWF side seemed to roll faster the Games loop, that first ride after the previous days rain.  The 2nd time, two days after rain, the Games loop rolled faster than the first time. At about 11 miles, Orange marks the outer Games Loop, it is mostly easy, with some intermediate sections.  Mainly big V-gulches, some with bridges at various heights, some at the top, some almost at the bottom, this section is aptly named Donkey Kong.  The Blue trail is about 6 miles with milder intermediate sections and the Pink trail is 3 miles of the easier single track.  The XC trail loops around a pit like in Santos.  This pit is mostly drop ins, dirt jumps and wooden stunts, including a one story tall start ramp, leading down to bridge like drop into a set of dirt and wood ramps jumps.  The pit area seems to be in a constant state of evolution, with new features among the old, as well as discarded stunts scattered about.  Unlike Santos that is constantly changing but always seems complete!  I saw enough rotted bridges and stunts on old decommissioned trails (often right next to or criss crossing the active trails), that made me pay special attention every time I rode over any wood structure!  All active bridges on the XC trails were solid though.  I rode the XC trails mostly, but dabbled in the Twister section a bit.  There was a center ridge with barely enough room for the the trail tread.  Several drops fell from either side of the ridge.  It was pretty cool.  Outside the pit there are some mild climbs that fuel some of the twisty single track downward slants.  The Games loop is a good warm up for the UWF trails across the street at the Trailhead. The University of West Florida trails has four loops, Red, Blue, Green and White.  The longest loop is all of Blue at about 12 miles.  At over 1000 feet UWF has more than double the elevation change of the full Orange Games loop and more than you would expect in Florida.  The trails seem to always be going up or down and rarely a straight section.  Plenty of rooty stepped climbs and descents.  One local wished it was cut with more flow, but I like the raw, rugged natural old school feel to much of the system.  he also clued me in on the Whiskey/Tango/Foxtrot or WTF section.  Very twisty with a couple good change up surprises, such as a flow into a short steep climb that fades away to the left and drops immediately into a 10 foot V-gulch, completely boarded.  You'll want to do it again.  Except for probably the most drastic change up on Foxtrot near the fence line.  After a few short moderate to steep rooted climbs, you drop down say 10 feet into the bottom of a steep 15-20 foot wall, with a big cement block semi-protruding from the dirt, with a hard left at the top.  I made it all 3 times that I did it and am not sure quite how, especially on the SS with a 34x19 gear.  Keep your speed up and get around or over that cement block and you got it! There are 2 mile(Yellow), 5 mile(Green), 9 mile(White) and 10.5mile(Red) options as well. ",Jetnjeff29r,"March 4, 2014",4.0,Unknown,https://www.singletracks.com/bike-trails/uwf-mountain-bike-trails/
"
 See http://www.mtbepicrides.com/2014/02/games-loopuwf-pensacola-florida.html for links If you are ever near Pensacola, and need to get in a ride, check these trails out.  Don't let the No Trespassing signs throw you.   The sandy Trailhead parking lot is to the right, with it's entrance right before the first No Trespassing sign, this is the UWF side, the Games side is directly across from that entrance with a closed gate.  It was not obvious, there were no TH parking signs.  Nor were there trail markers pointing to the Games side, until you get past the gate.  The directions from SingleTracks.com were spot on though. The trails are marked well with really nicely carved and painted wooden posts. The posts are Supplemented with the original arrows and blazes.  There are a lot of cross trails that lead into the pits and stunts on the Games Side.  The UWF has less of that, but there is an unmarked turn, that probably goes to the 10 mile TH and once you get to the far end, you get a red arrow to turn you on to a power line or fire road for a short bit.  But the wooded posts keep you on the the fun stuff for the most part, just don't overthink it, like I tend to do the first time out.  Just don't turn unless there is something pointing you in that direction.  The one exception is in the Bayou on the Whiskey trail.  The trails old flow is the the left, but there is a right turn at a piece of orange tape.  You don't want to miss the WTF section, more on that later.  If you hit the Dogs trail, you just missed WTF! Both sides handle water/rain very well.  It is said that they are actually better after a good rain.  The first time I rode these trails, was the day after a good couple days of rain.  The Games side hardly had a wet spot on the single track.  There were some big puddles on the fire road and the clay in the pits looked wet in places.  The UWF side was similar, but the elevation change actually had runs that flowed the water to low spots, that still had standing water even two days after the rain.  Both sides had a enough pine needles laid down to keep you on your toes!  The UWF side seemed to roll faster the Games loop, that first ride after the previous days rain.  The 2nd time, two days after rain, the Games loop rolled faster than the first time. At about 11 miles, Orange marks the outer Games Loop, it is mostly easy, with some intermediate sections.  Mainly big V-gulches, some with bridges at various heights, some at the top, some almost at the bottom.  The Blue trail is about 6 miles with milder intermediate sections and the Pink trail is 3 miles of the easier single track.  The XC trail loops around a pit like in Santos.  This pit is mostly drop ins, dirt jumps and wooden stunts, including a one story tall start ramp, leading down to bridge like drop into a set of dirt and wood ramps jumps.  The pit area seems to be in a constant state of evolution, with new features among the old, as well as discarded stunts scattered about.  Unlike Santos that is constantly changing but always seems complete!  I saw enough rotted bridges and stunts on old decommissioned trails (often right next to or criss crossing the active trails), that made me pay special attention every time I rode over any wood structure!  All active bridges on the XC trails were solid though.  I rode the XC trails mostly, but dabbled in the Twister section a bit.  There was a center ridge with barely enough room for the the trail tread.  Several drops fell from either side of the ridge.  It was pretty cool.  Outside the pit there are some mild climbs that fuel some of the twisty single track downward slants.  The Games loop is a good warm up for the UWF trails across the street at the Trailhead. The University of West Florida trails has four loops, Red, Blue, Green and White.  The longest loop is all of Blue at about 12 miles.  At over 1000 feet UWF has more than double the elevation change of the full Orange Games loop and more than you would expect in Florida.  The trails seem to always be going up or down and rarely a straight section.  Plenty of rooty stepped climbs and descents.  One local wished it was cut with more flow, but I like the raw, rugged natural old school feel to much of the system.  he also clued me in on the Whiskey/Tango/Foxtrot or WTF section.  Very twisty with a couple good change up surprises, such as a flow into a short steep climb that fades away to the left and drops immediately into a 10 foot V-gulch, completely boarded.  You'll want to do it again.  Except for probably the most drastic change up on Foxtrot near the fence line.  After a few short moderate to steep rooted climbs, you drop down say 10 feet into the bottom of a steep 15-20 foot wall, with a big cement block semi-protruding from the dirt, with a hard left at the top.  I made it all 3 times that I did it and am not sure quite how, especially on the SS with a 34x19 gear.  Keep your speed up and get around or over that cement block and you got it! There are 2 mile(Yellow), 5 mile(Green), 9 mile(White) and 10.5mile(Red) options as well. ",Jetnjeff29r,"March 2, 2014",4.0,Games Loop,https://www.singletracks.com/bike-trails/uwf-mountain-bike-trails/
"
 Good beginner & intermediate freeride areas inside the XC single tracl loop. Lots of short, speedy, slalom type lines throughout. Filled w/ berms & kickers. Clay pit area has a number of big drops & roll-ins, ranging from 8' to 28'. The only Gulf Coast freeride area w/in 200 miles around the city.  ",FLFRMTB,"July 14, 2012",3.0,Games Loop,https://www.singletracks.com/bike-trails/uwf-mountain-bike-trails/
"
 My old stomping ground.  It's still a fun ride with lots of trails being added on all the time.  Very sandy.  i didn't come across anything that felt like I might kill myself going down with the exception of one little toyground in the middle with some ewok engineering and gap jumps.  It's not common there. ",colpotatos,"January 23, 2012",3.0,Unknown,https://www.singletracks.com/bike-trails/uwf-mountain-bike-trails/
"
 Overall a fun short cross country loop with exciting freeride areas nestled among thick oak & pine forest & clay pits. Adjacent to the UWF trails. A good 7 or so mile warm up before the main trail system across the street. * Review edited 4/3/2011 ",ParabellumShane,"April 4, 2011",3.0,Games Loop,https://www.singletracks.com/bike-trails/uwf-mountain-bike-trails/
"
 Fairly rooty but easy trails.  Maps all most intersections and great reflective trail blazes on trees.  Only technical area was blue trails, which had a few tricky spots.  Very well maintained trails though and worth the trip if you are in the area. ",thatsnogood,"September 5, 2010",3.0,Unknown,https://www.singletracks.com/bike-trails/uwf-mountain-bike-trails/
"
 Evolving trails growing bigger every year. Close to 20 miles of trails, well maintained. A good mix of beginner to advanced areas. Some are more fun if rode backward.Trail entrance from UWF was closed for a little while, not sure if it's open again. Access from Pate Rd. trail head/parking lot. New trail sections being cut in all the time.* Review edited 4/3/2011 ",ParabellumShane,"August 14, 2010",3.0,Unknown,https://www.singletracks.com/bike-trails/uwf-mountain-bike-trails/
"
 Since this previous review was written, more, better trails have appeared on both sides of Pate Rd. The main trail side has about 30 miles of regularly maintained single track, & the Games Loop side (bumpy trails) has about 5 miles of single track mixed with a growing number of freeride areas. Visit porc.org for more details. ",ParabellumShane,"August 14, 2010",3.0,Games Loop,https://www.singletracks.com/bike-trails/uwf-mountain-bike-trails/
"
 I did aprove of this trail like cambodia and the chute (the best) i think. IF you go in from the board walk to the sign its got lots L-O-T-Z OF LOGS IN THE WAY.I WAS JUST WONdering can I maintain it with one other friend of mine willing to work without having 2 pay the fee of p.o.r.c. also  I recomend the CLAY PIT its amazing I dont have a bmx but I USE my TIMBERLINE 1997 G.T. I DONT RIDE DOWN THE HILLS THAT ARE TO STEEP EXCEPT THE ROLL OVERZ, THERE COOL down then up!!!! ALSO THE BOARDS YOU HIT FROM THE SIDE ITS OWSOME!!! THE ELEVATION     * Review edited 4/2/2010* Review edited 4/2/2010 ",cam3slyfly,"April 3, 2010",5.0,Unknown,https://www.singletracks.com/bike-trails/uwf-mountain-bike-trails/
"
 NOT maintained at all!
I asked a campus officer where to find the trail, he told me to park in parking lot G.  I did.. I had a difficult time finding the trail due to it being covered with trees, and not clear enough to ride.  Made the best of it, cause i love to ride.. got back to my truck and got a parking ticket!  LOL.  what a deal.. i will not go back..  ",mtbchuck,"February 2, 2008",0.0,Unknown,https://www.singletracks.com/bike-trails/uwf-mountain-bike-trails/
"
 I started on the north side of Pate Road where the clay pits and Hangman trails are. I was turned off by all the broken glass and trash. A couple of locals were fixing up a couple washed up sections. This side is primarily a paint ball playground and is motocross ridden. Best to go on the south side of Pate Road. The south side has more than 10 miles of trails, and is well kept and very well marked. Maps are available by the trailhead entrance off of the Pate Road parking lot. Mostly singletrack, some doubletrack, and popular enough to have 10 cars in the lot on a 45 degree day. Not very technical, you can cruise right along, theres some small jumps here and there, twists and turns, and under the powerlines some riders have made a few connecting jumps which were fun to it.  Overall it's a alright trail system (on the south side anyways) with some Florida-grade hills and plenty of trails to keep you occupied for a couple of hours. ",john.from.vt,"January 20, 2008",3.0,Unknown,https://www.singletracks.com/bike-trails/uwf-mountain-bike-trails/
"
 Haven't ridden this trail since around May 06 because I moved to northern GA, but I know these trails well, have ridden them for years (I lived in Baldwin Co, AL-halfway between Pensacola and Mobile).  The person who reviewed these before me was definitely in the wrong place. The Main trailhead is on UWF campus, park at the Water tower.  If you have your back to the road and facing the water tower, the trailhead starts to your right, by the stairs into the woods.  This is a network of many trails with many types of terrain.  I usually could ride it in a semi-loop which would total 12-15 miles depending on which sections I linked.  It's all singletrack with the exception of the powerlines (which there are 3 set of powerlines that look alike so print a map from PORC...Pensacola Off-road cyclists website).  In one section of power lines there were some jumps and drops.  There was a 6' drop to transition that was sweet but last time I was there, someone had messed up the landing.  There is also a section called the Chute which is really more like a natural halfpipe, it's about 1/4 mile long and close to 20 feet tall in parts.  It's really fun to play in and build some skills.  There are some decent hills throughout these trails, bigger hills than anything in Mobile.  There's a good bit of sand in sections, it's nice to ride a day or two after rain when the sandy parts have been packed down.  There are some wooden bridges through the swamp.  ""Treehugger"" is a section that I remember has some nice flow, it goes into ""Cambodia which is really tight.  The best downhill-ish part was heading towards the power plant I can't remember the name of the trail but I linked it from ""Coke can"".  anyways, It had some nice natural drops in the trail.  (My wife didn't like this section).  All-in-all, this was my trail of choice for the area.  Oh, yeah, there is another trailhead on the road that heads to the power plant, Nine mile road I think is the name.  One last thing:  this trail is hot as hell in the middle of summer, bring lots of water and bug repellent (you'll only need the bug spray if you plan on stopping during the ride or going slow enough for the mosquitos and yellow flys to catch you) ",sandm96,"September 19, 2006",4.0,Unknown,https://www.singletracks.com/bike-trails/uwf-mountain-bike-trails/
"
 I wasn't impressed with these trails because they were more like pathways that had to be shared with students resulting in constant interruptions. ",trailblaze1,"August 1, 2006",1.0,Unknown,https://www.singletracks.com/bike-trails/uwf-mountain-bike-trails/
"
 Very nice complex of trails here on campus.  I go to school here and am always heading out to the trails.  There's so many different paths you can take so it's never really the same.  Plenty of up and downs with tight turns and narrows paths in places.  Good number of roots on the lower ground and sand in places as well.  Overall a very nice and enjoyable ride.  Usually very few people on at one time as well. ",ididthedew,"April 20, 2006",5.0,Unknown,https://www.singletracks.com/bike-trails/uwf-mountain-bike-trails/
"
 This trail never fails to be awesome. Almost dead flat with perfect turns and an opportunity to just roll. Fast, flowing and trance inducing with a perfect sticky, earth, pine needle base and just enough berm to get through the turns at speed. Hats' off to the trail builders.  Other trails in the area, like Red Bug, Cadillac, etc seem to designed for kids on bmx bikes, small, tight and difficult to get moving on, especially on a big, full suspension two niner. I'm not talking about technical difficulty, I'm talking about turn radius mostly. But the trail at Maclay Gardens State Park, starting from the entrance at Meridian clear down to the terminus where the power lines hit Maclay Rd is just one endless gift of smooth rolling, fast turning, rollicking single track. To experience what I'm describing start at the bike/pedestrian entrance on Meridian Rd. (you can park across the street at the Park). There is a bicycle symbol sign just off the doubletrack right there behind a little dirt mound. Then just follow the most used trail at each fork (they are named for different loops (north loop, etc. but just ignore all that and ride it nonstop. You really can't get very lost, the park is fairly small and doubletrack dirt roads connect everything. ",climb_head,"December 29, 2017",4.0,Unknown,https://www.singletracks.com/bike-trails/lake-overstreet/
"
 Rode this today, (Dec 12, 2017) as my first mtb ride in 25 years!  Just around the lake..Lovely, wide trail on which to start!  Nice scenery around the lake.  A couple of little hills, but nothing too hard. Great first ride! ",Sonotraveler,"December 13, 2017",5.0,Unknown,https://www.singletracks.com/bike-trails/lake-overstreet/
"
 Easy climbs, fun downhills. Minor technical (roots). Beautiful scenery. ",krow272,"May 28, 2016",4.0,Unknown,https://www.singletracks.com/bike-trails/lake-overstreet/
"
 I really liked this trail.  It was pretty flat for the most part, but the North Extension Trail  was super challenging and this beginner MTB rider spent some time pushing through some pretty tough sections.  I felt that the East, West, and North loops were all very beginner friendly, as was the loop around the lake.  This is a great place for a new mountain biker to get some experience as well as more advanced riders can work on their fitness.  There is a $2 per person usage fee, but you will definitely get your money's worth because the trails are well maintained and there are over 10 miles of trails to keep you busy.  I have about a two hour drive to get to this park, but I plan to return in the future. ",Sheri571,"November 16, 2015",5.0,Unknown,https://www.singletracks.com/bike-trails/lake-overstreet/
"
 it is a decent trail for a beginer but not as fun for a more advanced rider due to its low technicality and double track but if you are to do it the north loop is the best section thought it is hard to navigate it is a very cool section with a magnolia canopy . oh and keep in mind it does cost 2 dollars a person unless you have a florida state parks pass ",aewynn0915,"August 16, 2014",2.0,Unknown,https://www.singletracks.com/bike-trails/lake-overstreet/
"
 Nice ride. nothing technical. ",Zachary Mckee,"June 2, 2014",3.0,Unknown,https://www.singletracks.com/bike-trails/lake-overstreet/
"
 trailhead is well marked, on meridian street.  trails are open, flat.  great for beginners, or fast riding.  trails are interlaced, loops are marked ",rodrodriguez2003,"June 1, 2007",4.0,Unknown,https://www.singletracks.com/bike-trails/lake-overstreet/
"
 This park is not for beginners by any means. If your looking for smooth compact trails with big turns, do not approach. This park is for those who enjoy a technical challenge. Root game here is wild. Trails are kept up decently, but the rain and summer storms really tear it up and swamp the place. Show up on a cooler day with lots of water, low tire pressure, and dry conditions for maximum fun ",Coasterking29,"August 17, 2019",4.0,Unknown,https://www.singletracks.com/bike-trails/little-big-econ-state-forest/
"
 Sugar Sand.  The trails are in bad need of some rain.  Unfortunately for for this trail system, it's either mud, or sand.  The trail crews do as good of a job as you could possibly do.  But, it's an uphill battle. ",Oni1Kenobi,"June 4, 2019",2.0,Unknown,https://www.singletracks.com/bike-trails/little-big-econ-state-forest/
"
 Great set of trails, lots of roots and sections can flood after heavy rain but always a blast! Great place to get some miles in. ",JoeMoney,"February 2, 2019",5.0,Unknown,https://www.singletracks.com/bike-trails/little-big-econ-state-forest/
"
 Green and Blue for Florida.  I didn't expect so many roots, but it would explain all FS bikes except my friend and me on hardtails.  Still had a good time and I'll be back. ",Ryan_D,"January 6, 2019",4.0,Unknown,https://www.singletracks.com/bike-trails/little-big-econ-state-forest/
"
 The only real issue I had were the lack of directional signs to the trail head etc. ",Yankeegame,"May 5, 2018",4.0,Unknown,https://www.singletracks.com/bike-trails/little-big-econ-state-forest/
"
 It's a fun endurance track. Careful of the gators. ",navilluscire,"April 4, 2018",4.0,Unknown,https://www.singletracks.com/bike-trails/little-big-econ-state-forest/
"
 Some technical challenges but not many. Would be nice if obstacles were added. Pretty much flat for all trails. You will see gators if it's a sunny day. ",Shoeyjosh,"November 12, 2017",4.0,Unknown,https://www.singletracks.com/bike-trails/little-big-econ-state-forest/
"
 This trail can be as challenging as you like. Yes it's mostly green, but pick up speed and enjoy the switchbacks. ",Mike@MikeHolt.com,"October 28, 2017",4.0,Unknown,https://www.singletracks.com/bike-trails/little-big-econ-state-forest/
"
 Solid trail, definitely would recommend for anyone into dirt/trail mountain biking. Beautiful scenery with plenty of wildlife. For a 360 video of a portion of the trail, go to https://www.youtube.com/watch?v=PDoUv27_BVg&feature=share ",13013sts,"October 27, 2017",4.0,Unknown,https://www.singletracks.com/bike-trails/little-big-econ-state-forest/
"
 Area has different trails for different levels. Quite a lot of fireroads that trucks can ride on that are easy and wide open, but the sun is intense on these paths. Next are beginner level tracks with tight turns and some roots to navigate and minor (less than 6 inch) drops. Then there are more advanced trails with technical sections that have flow and drops averaging 12 inches to some that are 24 inches. Most of the larger drops ha e alternative paths to bypass them if you aren't up for them. Now has bathrooms and a bike wash at the main parking area. Great variety of trails close to Orlando. ",Teter09,"August 27, 2017",4.0,Unknown,https://www.singletracks.com/bike-trails/little-big-econ-state-forest/
"
 I am a North Georgia rider, all this sand is a different experience.  Fun trail system, I just wish the trail was better marked. ",LStadelmeier,"May 9, 2017",3.0,Unknown,https://www.singletracks.com/bike-trails/little-big-econ-state-forest/
"
 Solid trail system close to Orlando UCF area. Make sure to grab a map trails are not well marked. Access roads are very sandy so only use if you must. Snake trail is also sandy. Meat head, two bridges, outback, zombie, Yahoo are all great trails you will be sure to enjoy. ",Xcalrider,"April 23, 2017",4.0,Unknown,https://www.singletracks.com/bike-trails/little-big-econ-state-forest/
"
 I have a love/hate relationship with this trail. First the negative, there is a lot of sugar sand. A lot. Next the positive, it really is a great trail set and the trails were way better maintained than last time I rode them. They also put a bathroom at one of the trailheads... which is awesome!!! But it was locked... not awesome. Overall it is a good intermediate trail set. ",awakenedlotus108,"April 22, 2017",4.0,Unknown,https://www.singletracks.com/bike-trails/little-big-econ-state-forest/
"
 About 30% of this trail is very sandy. The rest of this trail is flat with very few technical obstacles, climbs, or descents. Very scenic trail, though, with many great views overlooking Econlockhatchee River. Tons of wildlife including turtles, fish, birds, deer, and gators. To get the best out of this trail, I would recommend to get a good map or the map on Strava worked pretty good for me. ",Vaughe24,"November 6, 2016",3.0,Unknown,https://www.singletracks.com/bike-trails/little-big-econ-state-forest/
"
 Trail SO difficult to understand - markers very difficult to find a lot missing.  Very sandy. We rode 10 mi and got lost on way back. Tons of roots and nice natural obstacles - not an easy trail. Lots of sand. Trail along river very narrow and sandy not my favorite. This is a great ride but so badly marked that it was a bit stressful.  Get a map from parking lot and map on your cell !!!!! ",Lillychiu,"August 6, 2016",4.0,Unknown,https://www.singletracks.com/bike-trails/little-big-econ-state-forest/
"
 Beautiful ride ",Caseb90,"May 27, 2016",5.0,Unknown,https://www.singletracks.com/bike-trails/little-big-econ-state-forest/
"
 Was very pleased with my first trip out here. Started at the trail head and took the small path out of parking lot heading north along Snow Hill Rd to the bridge where we entered the trail at the bridge on the left. Very fun ride along the water with some narrow sections. Yahoo trail was the section with most soft sand, but keeping to the sides made it a more enjoyable ride. Pulled up an there had to be 30 cars parked there. Thinking it was going to be packed, we managed not to get in the way of too many more experienced riders. The trails were clearly marked for the most part, my main confusion was if I was heading the right direction. At a few points of the day we did turn around and found certain sections much easier to ride in a certain direction. Because of the confusion due to proper flow /direction of traffic (if there even is a particular flow to these trails) I didn't give this trail 5 stars. But there seemed to be endless trails to venture down and had a great time out there. The Snake Trail was a fun warm-up route before heading to the other sections. ",Nicky-D,"May 23, 2016",4.0,Unknown,https://www.singletracks.com/bike-trails/little-big-econ-state-forest/
"
 Flowy and dry ",soulwarrior1974,"May 12, 2016",4.0,Unknown,https://www.singletracks.com/bike-trails/little-big-econ-state-forest/
"
 Flowy fast trails in some sections. Technical, rooty sections with occasional drop offs on others. Can get muddy if it rains but it clears up pretty quickly. Intermediate is a good description. If you know a little about what you're doing on a bike you can handle it. Trails aren't labelled super well so you have to scavenge to find signage denoting the beginning of a trail. Parking is pretty good and shady but it's pretty unclear as to whether or not you are supposed to pay for parking despite the fact that nobody pays. I've heard people have been asked to pay for parking but not ticketed. Trail can have a lot of foot traffic from hikers and the may have dogs with them. Keep a look out. My favorite trail section is ditch of doom. ",Landonrf13,"March 15, 2016",4.0,Unknown,https://www.singletracks.com/bike-trails/little-big-econ-state-forest/
"
 Rode there on 12/29/2015, hadn't been in about 12 years after moving away from the area. Always loved riding here. This place is just plain fun! Definitely improved over time, signage is good, signposts are all over and maps available. Rode every trail there, took about 1hr 45 mins. Got a great workout and had a blast. ",WOODSWIZARD,"January 15, 2016",5.0,Unknown,https://www.singletracks.com/bike-trails/little-big-econ-state-forest/
"
 If you hit sand in the beginning of the trail you are going the wrong way!!!!!   Don't go on the fire roads, if you start at  Joan's east trailhead there is a little singletrack to the left to get to ditch of doom, river trail, etc...   Please DON'T GO ON THE FIRE ROADS, they suck!!! ",tyty25,"December 16, 2015",4.0,Unknown,https://www.singletracks.com/bike-trails/little-big-econ-state-forest/
"
 Great XC trail. Lots of roots with sand in many places. Good technical honing stuff. Few drop offs with quite a few log overs. Great FL scenery. ",JMDELVAL11,"December 13, 2015",3.0,Unknown,https://www.singletracks.com/bike-trails/little-big-econ-state-forest/
"
 Great XC trail. Lots of roots with sand in many places. Good technical honing stuff. Few drop offs with quite a few log overs. Great FL scenery. ",JMDELVAL11,"December 13, 2015",3.0,Unknown,https://www.singletracks.com/bike-trails/little-big-econ-state-forest/
"
 Great XC trail. Lots of roots with sand in many places. Good technical honing stuff. Few drop offs with quite a few log overs. Great FL scenery. ",JMDELVAL11,"December 13, 2015",3.0,Unknown,https://www.singletracks.com/bike-trails/little-big-econ-state-forest/
"
 A fun trail that is about 30 miles in all and runs along the river. It's got a trail for about everyone. ",tyty25,"December 5, 2015",4.0,Unknown,https://www.singletracks.com/bike-trails/little-big-econ-state-forest/
"
 Real nice cross country single track, fast but still technical. Couple small real climbs. ",James Sweet,"August 26, 2015",5.0,Unknown,https://www.singletracks.com/bike-trails/little-big-econ-state-forest/
"
 Some obstacles, some easy parts, some areas with sand is fun i went for the first time meet people in there they help me to get the trail right we miss one part but is fun now I will be going more often is so much fun been so close to Mother Nature ",bolillo,"May 25, 2015",4.0,Unknown,https://www.singletracks.com/bike-trails/little-big-econ-state-forest/
"
 Just rode today. Wet and packed as always you can find mud. ",bs3833,"February 28, 2015",5.0,Unknown,https://www.singletracks.com/bike-trails/little-big-econ-state-forest/
"
 We rode this trail last weekend after hearing from others that the trail was boring and covered with soft sand. There is a little bit of sand in the beginning of the trail,but after that it's smooth and hard packed. Really cool trail and fun to ride. ",brownieman,"February 25, 2015",4.0,Unknown,https://www.singletracks.com/bike-trails/little-big-econ-state-forest/
"
 Great trail you can make it as dry or wet as you want it. Love it !! ",bs3833,"February 14, 2015",5.0,Unknown,https://www.singletracks.com/bike-trails/little-big-econ-state-forest/
"
 Alot of sand. Other than that it was alot of fun. Take a map if you dont know your way. ",Logan p.,"February 4, 2015",4.0,Unknown,https://www.singletracks.com/bike-trails/little-big-econ-state-forest/
"
 Rode 1/25. Trail was in good shape. Dry and compacted. Of course down by the river it gets muddy. Always a great ride. Love this place ",bs3833,"January 25, 2015",5.0,Unknown,https://www.singletracks.com/bike-trails/little-big-econ-state-forest/
"
 Awesome trail, so many possibilities here you can make a day whatever you want. This is my home trail and we love it. Have had many a good times here. Is tough to get to know your way around and you can get lost, some of the directional signs are gone so always pay attention and take plenty of water. ",bs3833,"January 20, 2015",5.0,Unknown,https://www.singletracks.com/bike-trails/little-big-econ-state-forest/
"
 Want to update my earlier review.  We went back to the trail a couple of times after our initial ride and took in more of this trail.  We left the trailhead off Snow Hill, rode down the tree line on Snow Hill a few hundred yards to the bridge and entered the trail there.  This trail runs along the river banks and can be very wet due to recent rains.  We went through several 'water holes'.  The trail is much more technical on the west side of the jeep trail.  Very wet the last time we went but very fun! ",flatback,"September 8, 2014",4.0,Unknown,https://www.singletracks.com/bike-trails/little-big-econ-state-forest/
"
 Nice trail, not very technical and plenty of wildlife.  We were lucky enough to meet up with another rider who had been on the trail before so the fact that many areas were poorly marked did not hinder us.  We really enjoyed the areas that traversed along the creeks. ",flatback,"September 1, 2014",3.0,Unknown,https://www.singletracks.com/bike-trails/little-big-econ-state-forest/
"
 Sorry for the previous post. I rode this for the first time. I moved here from utah.  That being said this is a great little trail. There or no climbs but the single track is nice. Take a friend or a map. It is easy to get lost but you are never really to far from civilization. Sandy in some sections I rode 2.35s which helped. You can make any trail challenging. ",lostrebel,"July 20, 2014",3.0,Unknown,https://www.singletracks.com/bike-trails/little-big-econ-state-forest/
"
 My first rude in Florida. Well worth the r ",lostrebel,"July 20, 2014",3.0,Unknown,https://www.singletracks.com/bike-trails/little-big-econ-state-forest/
"
 I base My reviews on other flat land trails.Ridden these trails three times.Each time they get a little better.The only part that is not good is in the open fields where it is too sandy.the lower section near the river is great with a view of the gators at a distance.Good use of the hilly sections by trail builders. ",Daniel_Sheets,"July 6, 2014",4.0,Unknown,https://www.singletracks.com/bike-trails/little-big-econ-state-forest/
"
 As everyone has said, it needs signs. Ive ridden here for the past 8 years so I know it pretty well. Its an easy/intermediate ride. Lots of miles out here and SORBA has improved some of the sketchy places that used to be held together by a hair. ",Alex Schmitt,"July 2, 2014",3.0,Unknown,https://www.singletracks.com/bike-trails/little-big-econ-state-forest/
"
 Good, quality trail. I am a diehard roadie, but do have some experience with mountain bikes, having raced throughout college.  Trails were rooty, with occasional sandy bits, but all in all, a good trail.  Significantly less terrifying than the trails I rode out in sedona.... ",Eric Thompson,"June 10, 2014",4.0,Unknown,https://www.singletracks.com/bike-trails/little-big-econ-state-forest/
"
 This was my first ""real"" mtb trail in Florida and I really like it. If you aren't familiar with the area, and not good at reading a paper map, there's a good chance that you'll get lost. I have pretty much 0 sense of direction and if it wasn't for my trusty iPhone, I may still be lost in the middle somewhere. On one of my rides my seat broke and I walked the bike out. I had to check my gps several times just to make sure I was still headed toward my car as the trail zig zags so much in some areas I wasn't even certain which direction I was still going. So there could be better signage at the places where the trail crosses fire roads or crosses itself. That said, the trail itself is great. There's often a lot of people there so if you break down or have any problems, help isn't very far away. You will want to keep an ear out and be alert for other riders as they are often coming towards you and very quickly. And like with most mtb trails, the faster you go, the more fun it is! ",Gary Traffanstedt,"May 12, 2014",4.0,Unknown,https://www.singletracks.com/bike-trails/little-big-econ-state-forest/
"
 This trail has something for everyone. Easy winding singletrack for beginners that graduates to fast flowy trail with some fun areas to build up speed. Plenty of more technical stuff close to the river and more trails being built. ",Matthew Aires,"May 7, 2014",5.0,Unknown,https://www.singletracks.com/bike-trails/little-big-econ-state-forest/
"
 Great switchbacks.   Not much climbing,  but the switchbacks made it challenging than expected.  Good views by the river. ",,"March 24, 2014",4.0,Unknown,https://www.singletracks.com/bike-trails/little-big-econ-state-forest/
"
 Don't be deceived by the beginning sugar and pine scrub forest. As you get into the trail the ecosystem drastically changes with cypress balds and big huge oaks hundreds of years old. The Econ is as black as can be, just beautiful. This trail is for intermediates. Watch out for gators in the low lying swamps, I didn't see one under 9 ft today. My only knock is the signage, it's missing. Provided maps help but could be marked better for sure. Lots of wildlife. ",,"March 22, 2014",4.0,Unknown,https://www.singletracks.com/bike-trails/little-big-econ-state-forest/
"
 This is a beginner's trail, great to bring someone to introduce them to MTBing. A lot of sugar sand particularly the first few trails. Once u get by the river it smooths out much more. Not very challenging, although the trail along the river banks provides some climbing, drops, and some technical and rooty sections. A beginner can get their tires wet here and see if its a sport they can get into. Nothing in Orlando other than this. No bike wash, no bathrooms, no bike rentals.
***edit 4/30/2014***
SORBA is now doing trail maintenance here once per month and u can already see the improvements. come help just 1 day a month (last saturday every month) and maybe we can grow this park into something special. ",eyejustamazeyall,"January 30, 2014",2.0,Unknown,https://www.singletracks.com/bike-trails/little-big-econ-state-forest/
"
 We rode this trail and enjoyed it.  Ditch of Doom is a nice section and the rest of it was packed, clear and flowed well.  We rode out to Flagler Trail and over the Econlockhatchee River....very pretty area.  I agree with other reviews....the signage needs some improvement, but overall it's a great little trail system! ",,"January 11, 2014",4.0,Unknown,https://www.singletracks.com/bike-trails/little-big-econ-state-forest/
"
 My buddy has been saying this place was good for a while. I finally rode it for the first time the other day. Turns out, he was right! It's a great place to ride for this area. We went after it rained so some of the sandy parts were a little faster than normal. Overall, had a fun time with great friends! ",timmhynes,"January 4, 2014",4.0,Unknown,https://www.singletracks.com/bike-trails/little-big-econ-state-forest/
"
 I ride this trail pretty regularly. It is the best trail in the Orlando area. The trail does not have good signage. If you know where to go, you can avoid most of the sand and have a pretty technical ride. i recommend leaving the parking lot and going north up the road to the river and then riding along the river. This section can get muddy during wet rainy stretches. When you get out to the wooden bridge take a left, continue along the river and try to stay right whenever  you reach a split. There is a new trail in the back named Neosporin. I recommend riding this trail before the wet season comes... I believe the second half will be underwater this summer. The trails in the back would definitely be considered blue trails. ",mitch9900,"April 18, 2013",4.0,Unknown,https://www.singletracks.com/bike-trails/little-big-econ-state-forest/
"
 Just rode here again yesterday for the first time in a while with my buddy who just got back into MTBing after a ~6 month hiatus. I must say now that I have ridden here more, I have seen that this trail has more to offer than I thought at first. If you start from the back area (near the Snowhill Rd bridge), there is actually quite a bit of a technical root section, and there are some steeper areas. There are a few good spots to get some air as well. I believe the main thing that hurts this trail is the lack of signage. It would be great to see the various trails at this place be named and marked well so it would be easier to navigate and distinguish between trails. That, along with a little more maintenance, and this place could be quite a bit better. Either way, this place is the best in the Orlando area if you can't make it to Carter Rd, Balm Boyette, Alafia, or Santos. ",afullsodacan,"January 10, 2013",4.0,Unknown,https://www.singletracks.com/bike-trails/little-big-econ-state-forest/
"
 Nice track , not to hard. But does need work on direction to the park as well as the enter to the trails , to narrow cause bushes r grow in the way of the trail.  creating a flow thought the trails well improve the ride. Knowing which way to go would make it better.  no way to know if yr going around in circles . ",fern1972,"September 15, 2012",4.0,Unknown,https://www.singletracks.com/bike-trails/little-big-econ-state-forest/
"
 Good trail for beginners or logging some training miles, but very low on the thrill-o-meter.  There is quite a bit of sugar sand which can make it challenging at times.  Check it out! ",,"August 6, 2012",3.0,Unknown,https://www.singletracks.com/bike-trails/little-big-econ-state-forest/
"
 This is one of my favorite trail I love this trail it has lots of roots, up and down hills and very little sugar sand 85% hard pack theres lots of wild life to see and not a lot of people out there bring lots of water and bug spray in summer for ticks for this is not a fast ride about 6mph on avg 14 miles take me about 3hrs* Review edited 4/15/2012 ",ICEMAN733,"April 15, 2012",5.0,Unknown,https://www.singletracks.com/bike-trails/little-big-econ-state-forest/
"
 Finally made it out to LBE, and put in a solid 22 miles. Thanks to the lack of decent signage, a few of those miles were unintentional. When I first started off from the Jones East trailhead, I was not impressed: sugar sand, nothing technical at all and just basic boring trails through the woods. Once I made my way over to the creek and the Econ river, however, I had a blast! On the trails by the creek and the river you'll find mostly hardpack (with a couple very sandy exceptions right on the Econ river), lots of roots, some fairly fast descents and quick climbs, a couple small drops, a few bridges, a water crossing or two and plenty of banked corners. Don't give up on this place after riding the trails around the trailhead! There's some good fun to be had here. The biggest problem is that the signage sucks, and it's easy to get lost! Even with a map, GPS and a compass I got turned around a few times. I'm going to knock off a star for the poor signage and the boring trails by the trailhead, but this is a solid 4 star ride if you take the time to explore. One final note: I wouldn't classify the trails by the creek and river as ""Beginner""; IMO they are on the skill level as the Blue trails at Santos.  ",JSF,"November 3, 2011",4.0,Unknown,https://www.singletracks.com/bike-trails/little-big-econ-state-forest/
"
 I am a student at UCF, and was desperate to find MTB trails in the area. I must say that this trail is not very difficult although it can be quite sandy. I like a technical challenge, but the gratuitous amount of sugar sand in some areas really hurt the flow, although it has a few pretty fun spots. The first part of the trail is really flat, sandy and annoying. But if you finally make it to the back part of the trail, it becomes more hard ground with some more technical stuff. It is a good beginner trail with a few spots that can be a little tricky, like a couple spots where you can easily fall off about a 10 foot cliff into a creek. This trail can be quite confusing, because of a lot of intersections and few trail markers. Good if you are desperate to ride in the Orlando area, but doesn't come close to Carter Road, Balm Boyette, Santos, or Alafia.  Orlando could really use a trail on par with these. ",afullsodacan,"June 6, 2011",3.0,Unknown,https://www.singletracks.com/bike-trails/little-big-econ-state-forest/
"
 Sup otown. Me and couple of my buddies ride this trail and others from deland to new symrna. If ya wanna ever catch a ride and hit different trails let me know. We going to Mt. Dora this weekend. its about 1.5 miles long. Cya around. ",pinoy1975,"February 25, 2011",0.0,Unknown,https://www.singletracks.com/bike-trails/little-big-econ-state-forest/
"
 I just went out there today, the 17th of Feb, 2011 and had a great time.  Been out there once before and is difficult to navigate due to poor sign markings.  Sugar sands at times but overall the ride was great.  I just bought a Motobecane 600HT and love it.  First mountain bike and I love riding it!  Anyone ever wanna go, please hit me up on here.  IM DOWN!! ",OtownMTBRider,"February 17, 2011",4.0,Unknown,https://www.singletracks.com/bike-trails/little-big-econ-state-forest/
"
 rode here on thanksgiving and did not find this place enjoyable at all. there is way to much soft sugar sand and the single track part well it was a little boreing if u ask me. i went on the trail off to the right in the parking lot but i am willing to go back and try the one off to the left but over all i was not impressed with this place at all* Review edited 11/26/2010 ",ridehard94,"November 27, 2010",2.0,Unknown,https://www.singletracks.com/bike-trails/little-big-econ-state-forest/
"
 jumped out here on Sunday morn and tore up about ten miles, the late evening rains have the trails fast. Rain+sugar sand=hardpacked trails!!The rivers low so the riverside trails are in good shape, didn't get much mud on the tires. If your wantin a good XC work out thats fun, get to the LBE. Ride On brothers  ",scotkrzy,"September 28, 2010",5.0,Unknown,https://www.singletracks.com/bike-trails/little-big-econ-state-forest/
"
 Warm spot in my heart for this trail... took my new girlfriend with me here back in 1999.  She's been a mountain biker ever since... crazy girl even married me! ",markcamaro88,"March 9, 2010",4.0,Unknown,https://www.singletracks.com/bike-trails/little-big-econ-state-forest/
"
 I rode for just about a hour out here today and logged around 7 miles of the trail. Lots of fun!  The trail is tight and twisty with pretty heavy roots throughout.  Little elevation changes, mainly flat.  I was lucky enough to ride with a local rider who showed me through the trail, otherwise I would most likely be collecting firewood and setting up camp right now.  Yes, as the other reviews state, pretty confusing!  One thing I don't remember seeing on the other reviews is that this trail is singletrack most of the way, however, it runs both ways!  This is not a one way trail!  So ride with caution.  The woods are heavy and most of the turns are blind.  The ridgeline section is fun, riding on a pretty hairy ledge peppered with roots and small ups and downs.  Not too much soft sand, not enough to worry about at least.  Overall fun trail.  I'd prefer more climbs and descents, maybe a few more jumps, but I definitely had fun and will go again.              ",joetutt,"February 27, 2010",4.0,Unknown,https://www.singletracks.com/bike-trails/little-big-econ-state-forest/
"
 there are many different trails here that are not listed on the posted map. Depending on wich trail you take will give you a different ride.
The one I like has alot of roots and follows the Little Econ River bank. Awesome scenery and a sweet ride. ",Mattgarrett,"January 30, 2010",4.0,Unknown,https://www.singletracks.com/bike-trails/little-big-econ-state-forest/
"
 I checked out Snow Hill today and was quite surprised. I found the easy single track to be quite a bit more fun than the easy stuff out at Santos. Lots of great flow and variety in the scenery: palm scrub, palm forest, pine forest, oak forest, the beautiful river bank and plenty more. Not so good: some of the best riding is along the river but it isn't very well maintained in many places. Some of the palm forest involved riding over way too many roots and palm trunks for my liking. As others have mentioned it does get sandy in places but I rarely found it a bother. The multi-use Flagler Trail runs through the state park and is unfortunately all chewed up by horses. It is crazy hard to find your way around here first time out: twisty trails that overlap each other and service roads, some of which is different to what is on the trailhead map and much which isn't on the map at all. My compass was just about useless and I eventually got frustrated with not knowing where I was going, especially when racing a setting sun. The second trip out will be much easier.* Review edited 1/18/2010 ",jls,"January 19, 2010",4.0,Unknown,https://www.singletracks.com/bike-trails/little-big-econ-state-forest/
"
 Great Trail, fun for all skill levels. This place is my trail of choice when I am in the area, it's a great place to ride. It's never too crowded, if it gets to hot you can jump in the river. It's always changing, since the recent floods Soooo much has changed. It's loads of fun. ",Jordan300,"April 30, 2009",4.0,Unknown,https://www.singletracks.com/bike-trails/little-big-econ-state-forest/
"
 i enjoyed the ""edge trail"" section that runs along the river ""canyon"". about 4 ft away from edge of that ""canyon""  ",rocketbracket,"December 1, 2008",3.0,Unknown,https://www.singletracks.com/bike-trails/little-big-econ-state-forest/
"
 Trail has dried out with some washed out sandy conditions in a few spots.  But overall conditions are good enough for a fun ride. ",HunterFLA,"November 23, 2008",4.0,Unknown,https://www.singletracks.com/bike-trails/little-big-econ-state-forest/
"
 	A key component to surviving Little Big Econ is be sure to bring enough water, the reason is because itâ€™s Florida and playing outside without an adequate supply of water will definitely kill you, but past that the trail is fun and perfect for beginners.  There are some tight turns which do well to add to the fun and also familiarize beginners to some of the more basic fundamentals to mountain biking without having to worry about sustaining grave bodily injury.  I grew up in California and used to ride trails all the time.  I moved to Florida 15 years ago and havenâ€™t ridden a trail since. I remembered the fundamentals immediately but my fiancÃ© has never ridden trails before and learned some as she lagged behind.
Bring $1.00 per rider with your party.  Wear a helmet, beyond the obvious reasons, because there are low hanging branches and being that I am 6â€™4â€ I experienced a couple knocks to the helmet.  There are some narrow points where the palmetto palms slap and cut against the arms.  Hat being said, it isnâ€™t dramatic, but if you are a sensitive person wear long-sleeves (if you are a sensitive person there is always golf).  I am riding a cheep Schwinn from Target and it handled the trail pretty well.  Only once did its chain skip and almost knock me down a peg or two.  We went on Sunday and traffic was mild with no collisions.
The downside to Little Big Econ is map is confusing because there are hiking trails, horse trails, and bike trails, but there are no landmarks to help riders gain their bearings.  We ended up losing the bike trail and walking our bikes through a sugar sand hiking trail until we finally found the where the bike trail resumes.  On the envelope for the money it instructs the rider to keep the stub on the rearview mirror but it also instructs to keep the stub on the rider.  I kept the stub in my pocket.  The sugar sand is a bit discouraging but what the hell can one do?  Itâ€™s a Florida.  All we have is sand. ",James_Hearn,"February 19, 2008",3.0,Unknown,https://www.singletracks.com/bike-trails/little-big-econ-state-forest/
"
 This may not be the most technical trail in Florida (it's NOT).  But it is one of the best trails around Orlando.  It's good for an afternoon of fun.  And you can discover 'new' trails each time you go out... at least for the first 6 visits or so.  If you like fast trails, you will like Little Big Econ (AKA Snow Hill). ",seveninstl,"December 13, 2007",3.0,Unknown,https://www.singletracks.com/bike-trails/little-big-econ-state-forest/
"
 This was one of the most uneventful rides I have done in FL.  The trail is quite boring.  Very sandy!  Not technical at all.  I don't even recommend this for beginners, because of the sand.  This would be frustrating & may cause someone never to try mtn biking again.  Waste of gas getting here also.* Review edited 1/6/2009 ",Allen_,"October 24, 2007",1.0,Unknown,https://www.singletracks.com/bike-trails/little-big-econ-state-forest/
"
 For a Florida trail I would rate this pretty well. It's a nice workout if you want, and enough trails to extend or minimize the ride to suit your riding time. ",rheard103,"June 13, 2007",3.0,Unknown,https://www.singletracks.com/bike-trails/little-big-econ-state-forest/
"
 As of 25 August 2006, this trail is in bad need of maintenance.  Very over grown with weeds and palmetos.  The trail is not technically challenging but is a good after-work-ride.  If you are visiting Orlando, specifically Disney, Sea World, and Universal and want to ride it is about 50 miles away.  Recommend you take 417 all the way from Disney area.  Steer clear of the downtown Orlando area as the traffic is horrible.  I think I would have enjoyed more if it hadn't been over grown. ",dlnelson15,"August 26, 2006",2.0,Unknown,https://www.singletracks.com/bike-trails/little-big-econ-state-forest/
"
 Great ""after work"" trail. Riders of all levels will enjoy the many faces of this trailhead. As you take different paths, the attitude of the trail changes. Econ River makes a nice appearance throughout trail with picturesque picnicking areas. Heads-up: During the dry months, some areas are sandy and others are root-ridden. Have fun. ",profb,"July 3, 2006",3.0,Unknown,https://www.singletracks.com/bike-trails/little-big-econ-state-forest/
"
 We are now up to 12 miles of trails. Invitations and ride times can be confirmed by calling the Winter Haven Bike shop 863-299-9907. ",1984ishere,"May 30, 2013",5.0,Unknown,https://www.singletracks.com/bike-trails/jimmie-cottons-trail/
"
 What's the status on this trail? Can you still get invites out to ride it? There hasn't been a status update since 08, and was just curious if people are still getting to ride there? Thanks... ",Peresite70,"August 7, 2012",0.0,Unknown,https://www.singletracks.com/bike-trails/jimmie-cottons-trail/
"
 A ton of Technical trail riding here! Tons of Fun with loads of hills and drops! We've got a floating bridge and a suspension bridge and much much more.you have not ridden the toughest trail in Florida until you've ridden Cotton's!  ",FishBoy87,"September 22, 2010",0.0,Unknown,https://www.singletracks.com/bike-trails/jimmie-cottons-trail/
"
 The map shown here is for Carter Rd MTB trials of which Roller coaster is a part. Shout out to these trailbuilders, i belive is the Ridgeriders, for a very challenging technical ride with tons of wood features. Only negative was lots of patches of loose sand ",DonL89,"June 10, 2021",4.0,Rollercoaster,https://www.singletracks.com/bike-trails/loyce-e-harpe-park-carter-road/
"
 Fun trail, not much elevation change but enough to be worthwhile. All trails above beginner difficulty have a bypass option. ",acrazedalpaca,"July 21, 2018",4.0,Unknown,https://www.singletracks.com/bike-trails/loyce-e-harpe-park-carter-road/
"
 I Love This Trail, What Can I Say? Its What I Consider My Home Trail, Ride There Twice A Week, Each Trail Top To Bottom. I Love This Trail, And I Think You Would, Too. Easy Trails Always Loaded With Features To Keep It Interesting! Highly Recommend, Trails Are Kinda Sketchy When Wet, But Who Cares? I Give It 4 Out Of 5 Because Its Great, But Not The Greatest. Still Amazing Work To The Ridge Riders, Keep It Up! ",Florida Shredder,"June 22, 2017",4.0,Unknown,https://www.singletracks.com/bike-trails/loyce-e-harpe-park-carter-road/
"
 Great trail system. This was my first ride and can't wait to go back. ",Kenny Koon,"June 13, 2017",5.0,Rollercoaster,https://www.singletracks.com/bike-trails/loyce-e-harpe-park-carter-road/
"
 During this time of year, it is very dry and sandy. ",harleyferg,"November 28, 2016",4.0,Unknown,https://www.singletracks.com/bike-trails/loyce-e-harpe-park-carter-road/
"
 Not overgrown ",Rkg80,"October 5, 2016",5.0,Unknown,https://www.singletracks.com/bike-trails/loyce-e-harpe-park-carter-road/
"
 Fun and Technical ",Rkg80,"October 2, 2016",4.0,Unknown,https://www.singletracks.com/bike-trails/loyce-e-harpe-park-carter-road/
"
 Rode yesterday and had a great day, had a lot of fun choosing my lines through root sections. Dry and wet sections of trail mixed, with an occasional mud hole....but it did pour the night before. Always a great riding adventure and still challenging. ",Hobbes,"September 26, 2016",4.0,Unknown,https://www.singletracks.com/bike-trails/loyce-e-harpe-park-carter-road/
"
 Rode yesterday and had a great day, had a lot of fun choosing my lines through root sections. Dry and wet sections of trail mixed, with an occasional mud hole....but it did pour the night before. Always a great riding adventure and still challenging. ",Hobbes,"September 26, 2016",4.0,Unknown,https://www.singletracks.com/bike-trails/loyce-e-harpe-park-carter-road/
"
 Absolutely stunning trails. On vacation from north Georgia and just happened to bring my bike. Never expected this from Florida trails! Extremely impressed. Job well done to those in charge. ",NorthGATrekker,"July 21, 2016",5.0,Unknown,https://www.singletracks.com/bike-trails/loyce-e-harpe-park-carter-road/
"
 Great technical trails! Super tight singletrack with lots of climbing and Big fun drops.Watch out for the Gators and ledges! ",Hobbes,"April 4, 2016",4.0,Unknown,https://www.singletracks.com/bike-trails/loyce-e-harpe-park-carter-road/
"
 Great technical trail system, especially the MOE trail. ",Hobbes,"February 1, 2016",4.0,Unknown,https://www.singletracks.com/bike-trails/loyce-e-harpe-park-carter-road/
"
 Tough trails, some tight and scary drops, lots of roots, root stumps and rock and some loose sand here and there. But these trails, as well used as they are, can be so much fun and sometimes seriously technical.  Mostly surrounded by water,  the lakes and rivers are doing better but it'll still be a few more years till I would consider them healthy again.  Advise, bring a map, pretty confusing layout and not a single map sign in the woods. Tracks well laid out and easily followed basic red green blue and yellow arrows show you the way, red is hardest. ",Phlip44,"October 26, 2015",4.0,Unknown,https://www.singletracks.com/bike-trails/loyce-e-harpe-park-carter-road/
"
 It has everything.  Climbing, drops, technical, you name it. From begginer level to advanced. Its my favorite so far. ",jp778171,"October 17, 2015",5.0,Unknown,https://www.singletracks.com/bike-trails/loyce-e-harpe-park-carter-road/
"
 The rain did some damage to the trails but the ridge riders have been hard at work because the flow is awesome, the trail is running really fast. ",spike07,"October 6, 2015",5.0,Unknown,https://www.singletracks.com/bike-trails/loyce-e-harpe-park-carter-road/
"
 really like this trail system.
great Florida scenery where the trails were build. ",rocketbracket,"October 5, 2015",5.0,Unknown,https://www.singletracks.com/bike-trails/loyce-e-harpe-park-carter-road/
"
 Not as well maintained as Alafia or Balm Boyete but has nice, narrow, technical singletrack. ",Alex_FL,"September 5, 2015",4.0,Unknown,https://www.singletracks.com/bike-trails/loyce-e-harpe-park-carter-road/
"
 Fun dips with nice flow. ",Alex_FL,"August 8, 2015",5.0,Rollercoaster,https://www.singletracks.com/bike-trails/loyce-e-harpe-park-carter-road/
"
 I'm pretty sure you used a picture of gatorback fro Alafia on the cover ",BigScruffy,"May 28, 2015",4.0,Rollercoaster,https://www.singletracks.com/bike-trails/loyce-e-harpe-park-carter-road/
"
 I ride here as much as I can, great track to get a good work out and get some good mileage in. Worth checking out, good scenery and decent difficulty. When it's dry it's a pretty fast track, very enjoyable. ",rickbr11,"March 7, 2015",4.0,Unknown,https://www.singletracks.com/bike-trails/loyce-e-harpe-park-carter-road/
"
 1st time here. New to Fl MTB. Had a great time here. Something for everyone. Narrow single track to really good technical. Riding along water and running into a snake or two will keep you on your toes. Gators are active here. ",Searsy45db,"December 29, 2014",5.0,Unknown,https://www.singletracks.com/bike-trails/loyce-e-harpe-park-carter-road/
"
 Super nice single track.
Some technical sections.
Mostly fast Ridgeline riding. ",Buddy Ellmer,"December 23, 2014",5.0,Unknown,https://www.singletracks.com/bike-trails/loyce-e-harpe-park-carter-road/
"
 I personally love this trail. It's classic Florida scenery with huge oaks covered in spanish moss and bright green water. The trails are tough, rooty fingers out into the water and offer some great views. Just don't look around too much or you'll end up in the swamp. The trails can be narrow and slope right into the water. ",endobiker,"December 13, 2014",5.0,Unknown,https://www.singletracks.com/bike-trails/loyce-e-harpe-park-carter-road/
"
 I have not posted in about a year on this trail. This trail system has came a long way over the last year. It is fast with a lots of flow to it now. I really enjoy riding carter road. Thanks to the ridge riders mountain bike club! ",spike07,"December 12, 2014",5.0,Unknown,https://www.singletracks.com/bike-trails/loyce-e-harpe-park-carter-road/
"
 The trails are fun and challenging. It is a large loop that goes out with many trails that connect on the way. check out the fingers, big momma's house, the moe, and the beast if you are up for a challenge. The other trails are fun and less technical.  The ground is mostly hardpack with a good amount of tree roots. ",John Franklin,"October 25, 2014",4.0,Unknown,https://www.singletracks.com/bike-trails/loyce-e-harpe-park-carter-road/
"
 I just moved down here a few monthes ago from SE Indiana, this was my first experience with Florida mountain biking and I had a lot of fun on these trails. I've been three times, I haven't been on all the trails it gets a little confusing as there not marked very well, but still fun to ride. If your not from Florida and haven't been riding because you think it's flat and boring, these trails will surprise you and make you work harder than you expected. Ride them at least once you won't be disappointed, and the local riders I've met have been really nice about giving pointers about where to ride and one even rode with and showed me around for a little bit. ",ecback89,"September 29, 2014",4.0,Unknown,https://www.singletracks.com/bike-trails/loyce-e-harpe-park-carter-road/
"
 The trails keep improving under the new RRMBA leadership. New berms have been built along with some bridges and plans are underway for more. Nice flowing trails with harder options to head into. Narrow trails in the Fingers make u work on the climbs and drops. Different kinds of terrain with most of the hard options are on singletrack right by the swamp. Trails are well maintained. One time through on all the hard options gets you 10 1/2 miles. With names like, Snake Ridge, the Beast, Big Momma(aptly named for the 8ft gator that sometimes suns on the trail) and the Moe you certainly get a great workout on different types of terrain. My favorite place to ride. ",ittakes2freestyle,"August 21, 2014",5.0,Unknown,https://www.singletracks.com/bike-trails/loyce-e-harpe-park-carter-road/
"
 Awesome trail.   Rode with some buddies and had a blast.  Got there early and there was a race scheduled for later so only got in a couple of hours.  Great scenery and challenges for every level.  I do agree with some of the other reviews in that you do hit some turns and or crossroads with no markings so you kind of have to guess which direction to travel for certain trail levels.   An awesome place and hope to get back many times in the future.  Worth the 2 hour drive! ",flatback,"August 10, 2014",5.0,Unknown,https://www.singletracks.com/bike-trails/loyce-e-harpe-park-carter-road/
"
 Awesome park! great fun.
VERY unique landscape. 
My ONLY criticism is that the ONLY trail map is at the trail head. Signage(arrows) were ok, but a map or two along the way would make this a perfect 5 star. ",BeefyBoy,"March 2, 2014",4.0,Unknown,https://www.singletracks.com/bike-trails/loyce-e-harpe-park-carter-road/
"
 Went here for the first time yesterday with some co-workers. The trails were fun and according to them a fair amount of work has occured there recently. Trails seem to flow pretty well but are a bit more technical than Balm-Boyette (the only other local trails I have been on so far). The newer trails need a bit of time to break in properly they still seemed a bit rough. ",rwmtb,"February 7, 2014",4.0,Unknown,https://www.singletracks.com/bike-trails/loyce-e-harpe-park-carter-road/
"
 I ride this trail system all the time. It's a great trail with great flow. I give it five stars! ",spike07,"January 2, 2014",5.0,Unknown,https://www.singletracks.com/bike-trails/loyce-e-harpe-park-carter-road/
"
 Really enjoyed this park.  The ridges, awesome scenery, challenging climbs and the trails being in great shape made for a great day of riding.  All six of us enjoyed this place. The fingers were a lot of fun and a few of those narrow ridges were pretty unique. ",,"October 30, 2013",5.0,Unknown,https://www.singletracks.com/bike-trails/loyce-e-harpe-park-carter-road/
"
 Great trail system!  Went here with a group of riders with differing skill levels and everyone loved it.  The yellows and blues were fun and the reds were challenging.  The scenery was beautiful, especially the view from the ridges.  Ted, a rider with the local Mtb club showed us a bunch of great trails and was very helpful.  You have to check out this place! ",,"October 14, 2013",5.0,Unknown,https://www.singletracks.com/bike-trails/loyce-e-harpe-park-carter-road/
"
 Yea, what she said! ",Pake,"October 13, 2013",4.0,Unknown,https://www.singletracks.com/bike-trails/loyce-e-harpe-park-carter-road/
"
 Just got back.... We had a blast riding here! Trails are well kept and some new red clay was added to some spots.  Love these trails and we'll be back! ",ediblefrog,"October 13, 2013",5.0,Unknown,https://www.singletracks.com/bike-trails/loyce-e-harpe-park-carter-road/
"
 This trail is awesome!! Favorite trail so far. Lot of roots make it fun. ",ridgeriderspencer,"October 2, 2013",5.0,Unknown,https://www.singletracks.com/bike-trails/loyce-e-harpe-park-carter-road/
"
 Took my wife there for the first time.  She didn't do any ""red"" trails but enjoyed the others (well, except for all the mud/water spots).  A local told us the ""Big Momma"" was trapped and removed from the water.  I was hoping to show my wife.  Wife's already wanting to camp near there some weekend, to ride again.  I like how it all flows off the ""yellow"" trails. ",Pake,"July 29, 2013",4.0,Unknown,https://www.singletracks.com/bike-trails/loyce-e-harpe-park-carter-road/
"
 Ok, I just got back from my first time on this trail, yes most of the trails are ""sick"", but I must say the rangers group may want to label the trails a little better, tried the easy trails to get a feel, kept getting onto the expert trails, which for a first timer MTB kicked my butt! Need better signage, please, Thanks ",limescott40,"June 7, 2013",3.0,Unknown,https://www.singletracks.com/bike-trails/loyce-e-harpe-park-carter-road/
"
 Trail is ridin' fast. New video of Cruddy Buddy, Baby Beast and Horseshoe. ",bruces,"April 2, 2013",0.0,Unknown,https://www.singletracks.com/bike-trails/loyce-e-harpe-park-carter-road/
"
 I ride this trail system at least twice a week and it never gets old, actually gets a little more fun each time to tell you the truth. The trails are in excellent shape right now, so come on out and shred them!! ",Peresite70,"March 27, 2013",5.0,Unknown,https://www.singletracks.com/bike-trails/loyce-e-harpe-park-carter-road/
"
 This is my favorite spot in FL. Intense climbs followed up with sweet downhill and tons of speed. The fingers are sick and trail is always in great shape. ",bulletprooftiger,"February 8, 2013",5.0,Unknown,https://www.singletracks.com/bike-trails/loyce-e-harpe-park-carter-road/
"
 Great trails! Overall it all flows together nicely although there are some areas that could use additional or improved signage. But that aside, this trail is a blast. Just be aware that all but the last trails are ""in and out"". Roller Coaster and the Blue trail next to it are ride throughs to the return trails back to the trail head.
Will definitely ride again and with no entrance fee...will likely ride often. ",ebjr,"December 31, 2012",5.0,Unknown,https://www.singletracks.com/bike-trails/loyce-e-harpe-park-carter-road/
"
 This was my first experience riding a trail. I have to say it was a lot of fun, but some beginner areas were more difficult than I thought they would be. Made it through with no injuries, great place for all ranges of experience. I will definitely be going there often. ",Ant10ne,"October 29, 2012",4.0,Unknown,https://www.singletracks.com/bike-trails/loyce-e-harpe-park-carter-road/
"
 First time there today. Pros:
Close to everything (offSR37), including WalMart (1/4 mile away) and Home Depot (In case you need tools). Trails flow together nicely and are marked well. Lot's of great views and challenges.  I love the edge riding.  Lot's of steep ups and downs.  If you ride Boyette and Alafia, it's not that far away.  Give it a try.  A really beautiful area. Cons: Trash, even 20' away from a placed can.  Even the streams had tires in it.  Sad to see the locals don't care about their area. Lot's of roots (wife's not a root fan) and soft sand at (imo) the wrong places (face planted at a stupid easy corner as I turned to go up trail :-p ). One wooden structure abandoned on it's side, at the beginning of one trail.   I did 2 hours of riding and enjoyed it.  I wish my camera hadn't decided to die then, as I would have loved to have taken pics.  I hope to convince my wife to come out once, if anything for the vews! ",Pake,"October 25, 2012",4.0,Unknown,https://www.singletracks.com/bike-trails/loyce-e-harpe-park-carter-road/
"
 This was my first trip to these trails.  Just getting back into mountain bike riding after what was probably an 18 year lay-off.  I stuck to mostly the Yellow trails to start with, but found them enjoyable with a good number of challenges.  Especially for a fully Rigid Bike. ",banditfl,"October 23, 2012",4.0,Unknown,https://www.singletracks.com/bike-trails/loyce-e-harpe-park-carter-road/
"
 Had a great ride today on all the trails out at Carter Road... The trails were nice and dry and really fast today... ",Peresite70,"September 3, 2012",5.0,Unknown,https://www.singletracks.com/bike-trails/loyce-e-harpe-park-carter-road/
"
 Rode there today on my lunch break. There was a few big broken limbs on the trails. Besides that the rest was good. ",Peresite70,"August 29, 2012",5.0,Unknown,https://www.singletracks.com/bike-trails/loyce-e-harpe-park-carter-road/
"
 Rode out there today 08-12-12 and a lot of the trails were good, but under some of the shaded area were some muddy wet spots... And the Ridge Riders were out there doing some work on the fingers repairing some of the boarded areas and triming up the trails as well... ",Peresite70,"August 12, 2012",5.0,Unknown,https://www.singletracks.com/bike-trails/loyce-e-harpe-park-carter-road/
"
 I love this place. Great trails and ridge riders seem to really keep them in great shape. Has something for everyone and the facilities are great too ",,"August 6, 2012",5.0,Unknown,https://www.singletracks.com/bike-trails/loyce-e-harpe-park-carter-road/
"
 All I can say is SWAMP take some lessons on trail maintenance from Ridge Riders at Carter Park. The Ridge Riders have completely transformed this park to a fast technical nail biter trail system. Too bad poor Alifia can't get some TLC like Carter has received ",dmc751,"August 4, 2012",5.0,Unknown,https://www.singletracks.com/bike-trails/loyce-e-harpe-park-carter-road/
"
 Rode these trails this past Saturday 07-21-12 and they were all in great shape. A little mud at the start of the trail head, but the rest was good. ",Peresite70,"July 23, 2012",5.0,Unknown,https://www.singletracks.com/bike-trails/loyce-e-harpe-park-carter-road/
"
 Great trail system that has plenty of ups and downs to test your skill level.  ",Peresite70,"July 16, 2012",5.0,Unknown,https://www.singletracks.com/bike-trails/loyce-e-harpe-park-carter-road/
"
 Quality trail, well marked. Shady and good balance of beginner/intermediate/expert trails. ",CamtheChamp,"March 11, 2012",4.0,Unknown,https://www.singletracks.com/bike-trails/loyce-e-harpe-park-carter-road/
"
 love this trail system! not very long, but plenty of different type of trails for all kinds of skill levels. tight twisty single track and very technical sections, but lots of fun stuff in between. The Ridge riders keep this place well maintained.  ",darrinw2001,"February 9, 2012",4.0,Unknown,https://www.singletracks.com/bike-trails/loyce-e-harpe-park-carter-road/
"
 sweet trail with some really tough single track. big red and roller coaster are sick. big red is a must. sneaky snake is awesome too. i see gators along the shore every time i go.. big ones too. fun place to ride. wednesday is wacky ""ride the trail in reverse. thats fun too. ",iamarealscientist,"February 9, 2012",5.0,Unknown,https://www.singletracks.com/bike-trails/loyce-e-harpe-park-carter-road/
"
 Nice flow, great view! Recommend for all level riders. ",carlitosway,"January 28, 2012",5.0,Unknown,https://www.singletracks.com/bike-trails/loyce-e-harpe-park-carter-road/
"
 Awesome little trail! Had a blast on this the last time I was at Carter Road. It is short, but it packs a wallop. Quick climbs and descents, and it seems a little less technical than the fingers. I haven't been able to make myself go down the crazy steep slope yet. Watch out for other riders on this trail as it criss-crosses with a blue trail in some parts. ",afullsodacan,"November 26, 2011",5.0,Rollercoaster,https://www.singletracks.com/bike-trails/loyce-e-harpe-park-carter-road/
"
 Great system of trails! This kind of my home trail, and it holds its own against Alafia, Balm Boyette, and Santos. If you can ride some of the hardest parts on these trails, you should be able to ride just about everything in Florida. There is everything from very calm yellow trails through fields to red trails that have some nail-biter sections. Most (or all) of the reds have some parts where you could pretty easily fall 10-20 feet to the water on either side of the peninsulas. They have quite a bit of some steep hills. The blues are also a lot of fun, quite a few technical spots with some quick up and down parts. One of my favorite things at this place is that most of the reds are out-and-back which allow you to ride them while your family/friends can wait a couple minutes and you'll be able to meet right back up with them. This makes it a great place for anyone. I also love that all the trails are directional. The only thing negative I could say is that as opposed to Santos or Alafia, is that Carter Road is a little bit shorter (quantity of the trails--4 stars, quality of the trails--5 stars). One other thing that really gets on my nerves is that you need to watch out because there is almost always people fishing and walking right on the trail.* Review edited 5/3/2012 ",afullsodacan,"November 21, 2011",5.0,Unknown,https://www.singletracks.com/bike-trails/loyce-e-harpe-park-carter-road/
"
 Nice trail.  Very nice scenery.  As most good trails go this one has a bit of everything.  If you stick to the yellow areas you can ride easily as an intermediate and learn without too much danger as a beginner.  If you ride the red areas you will be challenged even if you are a good rider.  The trails are narrow and pretty.  There is a little bit of climbing on the red areas.  Some of the climbs are very steep albeit short.  Really neat design with a lot of critters moving about.  Snakes, Gators, Tortoises.  You see a lot out there.  Many riders which really surprised me for a Thursday afternoon with a 100+ degree heat index.  Very dry well drained.  Sandy in some areas.   Hats off to the Ridge Riders who keep the trails up and provide the map and markings for the trail.  The trails were pretty well marked and although there are areas that have  a little trash here and there from other users it was a very pretty area and very well kept. ",trnsprt,"August 5, 2011",4.0,Unknown,https://www.singletracks.com/bike-trails/loyce-e-harpe-park-carter-road/
"
 I was extremely impressed with this set of trails. Although the length was not long overall, the advanced trails were extremely challenging. Nice ledges and beautiful views. ",jbster13,"January 9, 2011",4.0,Unknown,https://www.singletracks.com/bike-trails/loyce-e-harpe-park-carter-road/
"
 I ride this trail almost everyday. I havent been seeing all the trash everyones been talking about, maybe some here and there but nothing major. A little work is needed here and there where some of the trails are being eroded down. However as of about 3 days ago I could tell where the ridge riders had been in and moved a lot of dirt around fixing up some rough spots. Overall its a great trail, lots of varying and challenging terrain (especially the fingers) with some great scenary as well. * Review edited 11/7/2010 ",MERCE006,"November 7, 2010",5.0,Unknown,https://www.singletracks.com/bike-trails/loyce-e-harpe-park-carter-road/
"
 I rode this trail with a friend on Sept. 6th, 2010 and was a bit disappointed.  The yellows and blues are decent for very short sections.  Just when you get going and get in a zone, that trail ends and you have to search for the next one.  Many of the reds are washed out and in need of some work to make them even worth riding.  If you like to get a sweat going and put in a workout, then stick to the blues and some yellows that get you around this trail system. The reds are not worth the time unless they make some improvements. I saw another review say that this was every bit as good as Alafia if not better and that could not be further from the truth.  Alafia and Balm Boyette are very nice and flow smooth throughout and will be the only trails I visit in the future when I decide to ride in that area. ",blowinup13,"September 14, 2010",2.0,Unknown,https://www.singletracks.com/bike-trails/loyce-e-harpe-park-carter-road/
"
 Rode here today and this was a great place to ride.  I agree with most of the other reviews of this trail so I won't restate what others have said except that I wish the first mile or two was marked better, because it is easy to get lost on the first time out.  Nice locals on the trail to help out though.  Only did the yellow and some of the blue trails.  Great place for a beginner to go looking to improve their riding.* Review edited 5/8/2010 ",rwingman,"May 9, 2010",4.0,Unknown,https://www.singletracks.com/bike-trails/loyce-e-harpe-park-carter-road/
"
 The directions above are incorrect.  FROM TAMPA, take I-4 to exit 27, the Polk Parkway (SR-570), toll road.  Follow 570 East to exit 7, S. Florida Ave (CR-37).  Go South on 37 for about 4 miles.  Turn left (East) onto Carter Rd by Taco Bell / Wal-Mart.  Park is 1/2 mi. on right.    FROM ORLANDO, take I-4 to exit 41, Polk Parkway (SR-570) toll road.  Follow 570 West 17 miles (3 toll plazas) to exit 7, S. Florida Ave (CR-37).  Go South on 37 for about 4 miles.  Turn left (East) onto Carter Rd by Taco Bell / Wal-Mart.  Park is 1/2 mi. on right.  ",markcamaro88,"April 3, 2010",4.0,Unknown,https://www.singletracks.com/bike-trails/loyce-e-harpe-park-carter-road/
"
 This is in the back section of the big Polk County Loyce Harpe baseball/soccer complex.  We just rode it for the first time today.  My 9 yr old on his new Specialized 24"" and my 3 1/2 yr old riding on the back of my bike.  We hit mostly yellow (easy) trails and some blue (intermediate).  Five minutes into the ride we were lost in a big field of jeep trails... eventually we found some hikers who pointed us to the ""Horseshoe"" and that's where the fun began.  Lots of whoop-de-doos, roots, switchbacks etc.  Each hairy section seems to be followed by a couple minutes of easy trail gliding before another rough patch begins.  I think we only hit about half the network before sundown.  While some parts were unnerving for me with a 40lb kid over the back wheel, both kids loved it!  Can't wait to go back again on my FS with no back-seat passenger! ",markcamaro88,"March 20, 2010",3.0,Unknown,https://www.singletracks.com/bike-trails/loyce-e-harpe-park-carter-road/
"
 I rode Carter Rd. for the first time today, and I was definitely impressed. I had read other reviews of people complaining how it looked ""ghetto"", but I honestly encountered nothing like that. The trails are fun, twisty, and fast in sections. A lot of the trails offer an excellent technical challenge. Ridgeriders MTB club does a very good job making sure the trail markers are in place, and it is pretty easy to follow. There are definitely some hairy spots, as a lot of the trails run along ridges with serious drop-offs on both sides. BE CAREFUL HERE! All in all, the parking area is spacious, there is a bike wash area, and I definitely give Carter Rd. a big thumbs up.  ",rich67,"March 7, 2010",4.0,Unknown,https://www.singletracks.com/bike-trails/loyce-e-harpe-park-carter-road/
"
 Great variety of terrain and technical challenges.  There are some super-challenging trails that are narrowly wood-lined with errosion walls.  Can be rough on your bike if you aren't skillful & ready.  Overall great!  The only negative would be the tideness and upkeep of the trails, which isn't too good.  (trash, etc.) ",reif-s,"November 27, 2009",4.0,Unknown,https://www.singletracks.com/bike-trails/loyce-e-harpe-park-carter-road/
"
 Fingers are nice technical challenges. Some of the steepest descents and drops available on a trail in Florida. Prefer the slightly more varied Alafia and Santos, and the ridge line at Boyette, but Carter Road is my fourth favorite FL park.* Review edited 5/2/2010 ",GoKite5,"November 25, 2009",4.0,Unknown,https://www.singletracks.com/bike-trails/loyce-e-harpe-park-carter-road/
"
 still love this trail!!! lots of progress in the last few years. best when it is dry. a good mix of everything.
if you are in central florida, do not miss this trail. and yes, watch out for the fishermen. ",freerideunionrider1,"September 17, 2009",5.0,Unknown,https://www.singletracks.com/bike-trails/loyce-e-harpe-park-carter-road/
"
 This trail is designed as a race course. All trails are one way single track. Trails range from fast, tight trails through wooded area to high narrow ridges extending out into the surrounding lake. Any section of the trail considered to be too technical can be bypassed. I don't recommend this trail for beginners because most trails have fairly technical terrain. Trails are well marked and difficulty ratings are accurate. Don't miss Finger 1 and Finger 3. On my most recent trip August 29, 2009 some flat portions of the trail were muddy and sneaky snake seemed to have been tamed down some. This is my favorite trail to ride in Florida, I cannot get enough of the fingers. ",nickbj05,"September 12, 2009",5.0,Unknown,https://www.singletracks.com/bike-trails/loyce-e-harpe-park-carter-road/
"
 New rider here, I started up at Santos, then I rode this place twice, and round 1 I felt completely outta my league, round 2, still really tough but of course still fun. For a newbie it feels pretty technical almost all the time so I never seemed to get a chance to recover my flow once I lost it.   ",mudly68,"August 3, 2009",4.0,Unknown,https://www.singletracks.com/bike-trails/loyce-e-harpe-park-carter-road/
"
 This trail has a lot to offer everyone....easy to very difficult......up & down hills and sugar sand in spots.....along the water (where the GATORS lay in wait for their next meal) ....lol.....rode this trail a few times and I know I have missed a few trails....maybe next time. ",JSurratt,"June 4, 2009",5.0,Unknown,https://www.singletracks.com/bike-trails/loyce-e-harpe-park-carter-road/
"
 Awesome trail with something for everyone. If it's not long enough, ride it again...duh.* Review edited 4/11/2009 ",cujo,"April 11, 2009",5.0,Unknown,https://www.singletracks.com/bike-trails/loyce-e-harpe-park-carter-road/
"
 Loyce Harpe Park  Trail Description Loyce Harpe Park (formerly Carter Road) Trail is approximately 10 miles in length. The trail is built on old phosphate land offering something for everyone from beginners to advanced riders. The trail meanders around scenic lakes up and down ridges with numerous wildlife encounters. Watch out for the notorious 14 foot gator known to the locals as ""Big Mamma"". ",thegrooms83,"March 24, 2009",5.0,Unknown,https://www.singletracks.com/bike-trails/loyce-e-harpe-park-carter-road/
"
 This is a great little trail for this area.  The technical single trak in the mine spoils near all the water was awsome.  I loved all the fast tight single trak.  Just missing long fun downhills - and no grueling uphills either.  But this trail was a lot more fun than i anticiapted. ",craig_sloan,"October 5, 2007",4.0,Unknown,https://www.singletracks.com/bike-trails/loyce-e-harpe-park-carter-road/
"
 short ride super challening wish it was longer great ride after work  ",Dippy1584,"May 25, 2007",5.0,Unknown,https://www.singletracks.com/bike-trails/loyce-e-harpe-park-carter-road/
"
 This trail is a great ""after work"" ride.  The system flows nicely.  The trails are tight in sections.  There is something for every level of rider here.  There are dirt (vehicle) roads that can be a bypass for difficult sections.  The park has come along way over the years.  Those that remember the unkept Carter should give it another chance.  I did & I don't regret it.  This has descent singletrack & some technical challenges, which is a God send.  Beware of careless fishermen in the trail.  This is a good park for the family.  Has a nice playground area for the kids & well kept dog park.  Thanks to all that the Ridge Riders & others for continuing to be progressive with this park. * Review edited 12/20/2010* Review edited 12/20/2010 ",Allen_,"April 16, 2007",4.0,Unknown,https://www.singletracks.com/bike-trails/loyce-e-harpe-park-carter-road/
"
 People have been working hard on the trails recently and alot of improvment on sections that didn't flow quite right.  A great place to ride.  Blood really gets pumping on the ridges or near the gators.  Challenging ",papercityhustler,"March 21, 2007",4.0,Unknown,https://www.singletracks.com/bike-trails/loyce-e-harpe-park-carter-road/
"
 Its Ok....I ride Alafia Religiously and wanted a change, but I wasn't impressed.  Trails are a not marked well and need lots of maintenance.  This park has a lot of potential, but with no one there working the trails its a lost cause.  I would recommend Alafia without a doubt.   ",Major813,"February 20, 2007",3.0,Unknown,https://www.singletracks.com/bike-trails/loyce-e-harpe-park-carter-road/
"
 Lots of changes.  Now known as Loyce Harpe park.  Local police are very active at keeping atv's and 4X4 trucks off trails.  New signs thanks to local boyscouts.  All bridges have been repaired.  The trail is flowing better than ever right now and attracting  lot of new riders.  If you have not been there in a while you are missing a great, much improved trail. ",mtbfamily,"February 4, 2007",5.0,Unknown,https://www.singletracks.com/bike-trails/loyce-e-harpe-park-carter-road/
"
 overall the trails are in good shape a very dyverse   trail  however i ride this trail almost every weekend trails need some attension like at the beggning of sneeke snake and toward the end of big mommas house other than that ahsome trails . ",tagster,"June 26, 2006",4.0,Unknown,https://www.singletracks.com/bike-trails/loyce-e-harpe-park-carter-road/
"
 Not being an ""expert"", I enjoy riding at Carter road for a good quick cardio workout. I can't stay on my bike through some of the more technical parts, but keep a steady pace and carry my bike through the sections I can't ride. The sand in parts is annoying, but for the most part the trail is maintained very well and has a nice flow to it. As someone mentioned, the more difficult parts can be skipped for a more constant ride. ",dashreeve,"May 4, 2006",4.0,Unknown,https://www.singletracks.com/bike-trails/loyce-e-harpe-park-carter-road/
"
 Excellent experience. Slightly wet when I went in April. Can be very slippery. Very well marked trails. Will return. ",HydroMTB,"May 10, 2020",5.0,Unknown,https://www.singletracks.com/bike-trails/chuck-lennon-park/
"
 Enjoyed- ",sunnysmiles,"March 21, 2020",5.0,Unknown,https://www.singletracks.com/bike-trails/chuck-lennon-park/
"
 Very well built,marked and maintained trails.A few trails in the system my ages 7,8 & 10 grandkids can ride.The expert section is very technical. ",Daniel_Sheets,"January 6, 2020",5.0,Unknown,https://www.singletracks.com/bike-trails/chuck-lennon-park/
"
 A challenge for all skill levels, Chuck Lennon has great variety.  Trails very well maintained, awesome place to ride your bike. ",mlombar17,"January 26, 2019",5.0,Unknown,https://www.singletracks.com/bike-trails/chuck-lennon-park/
"
 Compact intense trails that keep you on your toes and pumping. New trail ""Awesome Possum"" is the hardest of the blue trails by far with roller coaster climbing and flowing sections. It is still new and needing packing as of August 2018. ",Giggamyte,"August 31, 2018",5.0,Unknown,https://www.singletracks.com/bike-trails/chuck-lennon-park/
"
 Great trail system! Has a lot to offer from beginner trails to advanced.  Even has a small section with some dirt jumps.  Worth a visit for sure! We make a video of one of the advanced trials if interested.  https://www.youtube.com/channel/UCHvx3qbzyLzd_r0NhDbOFig?view_as=subscriber ",TrailRidersMTB,"May 21, 2018",0.0,Unknown,https://www.singletracks.com/bike-trails/chuck-lennon-park/
"
 Great Trails.  The best marked trails I have seen so far.  Some nice drops and challenges for a beginner and above. ",Alan Sylvester,"March 8, 2018",0.0,Unknown,https://www.singletracks.com/bike-trails/chuck-lennon-park/
"
 Very nice place has everything from beginners to advance riders features. Even tho the easy trail is mostly flat it has some very awesome challenges, definitely will be back. ",jmalagon,"August 25, 2017",5.0,Unknown,https://www.singletracks.com/bike-trails/chuck-lennon-park/
"
 In the chuck lennon trail this is one of the most challenging trails, but overall it's not that hard for experienced riders. The stairs and the skinny at the beginning are the hardest parts for most.  Several large roots to hop over. A few wooden bridges that have a nice roll to them. There are a few climbs even the best riders sometimes cant make it up, but otherwise this is a fun 1 and half mile loop. ",Sum Guy,"April 8, 2017",5.0,Wild Turkey,https://www.singletracks.com/bike-trails/chuck-lennon-park/
"
 Screaming hawk easy but not beginner, Racoon run had several roots hanging out about ankle level you have to watch for. Both trails very nice. Area and nearby state park also very nice. ",Alvin Mullen,"November 28, 2016",4.0,Unknown,https://www.singletracks.com/bike-trails/chuck-lennon-park/
"
 All trails INCLUDING RED PANTHER IS OPEN YEAHH ",Carey Scarda Hanekamp,"October 24, 2016",5.0,Unknown,https://www.singletracks.com/bike-trails/chuck-lennon-park/
"
 THANK YOU TRAIL CREW VOLUNTEERS for the hard work. Hoot Owl is open, Wild Turkey is open,  Screaming Hawk is open...Red Panther closed- tree crushed a bridge, ...Racoon Run needs a little more clean up work but the bulk seems to be done. Congrats on a succesful effort. ",GOPEDAL,"October 23, 2016",5.0,Unknown,https://www.singletracks.com/bike-trails/chuck-lennon-park/
"
 Only Screaming Hawk trail is open after Hurricane Matthew. Trail is in great condition, packed hard from all the rain. ",GOPEDAL,"October 22, 2016",5.0,Unknown,https://www.singletracks.com/bike-trails/chuck-lennon-park/
"
 This is probably one of the best trails around beats Malacompra ground swamp Hannah Park and all others around us St. John's And Flagler area biking this trail is one of the best trails if not the best I have ever written in there is many hills, switchbacks.  Sadly I went today October 10 and the trails did not look rideable I did not even try to go into any of the trails due to the horrible trees fell down because of the hurricane Matthew and heavy rain as you know the park has many hills which has water to move fast you could see just from the outside the whole skills area at the entrance to the park is completely Abandand looking and I called Volusia County recreational and parks and they said it should be open in the next five months but before that please do not go you'll waste your time I really hope this trail  comes back  a lot please volunteer with SORBA JAX AND FLAGLER AREA BIKING ",Carey Scarda Hanekamp,"October 11, 2016",5.0,Unknown,https://www.singletracks.com/bike-trails/chuck-lennon-park/
"
 Trail system is relatively short but a fun ride none the less. Trail features a lot of short ups and downs, some tight switch backs and a few small drops/ obstacles. ",Bav89,"September 14, 2016",4.0,Unknown,https://www.singletracks.com/bike-trails/chuck-lennon-park/
"
 Excellent park. It has it all. You have easy, medium and hard. Deleon state park is 5 minutes away If you have your family with you or you can cool off after. There is also restrooms near the trail. ",omar.metwally,"August 1, 2016",5.0,Unknown,https://www.singletracks.com/bike-trails/chuck-lennon-park/
"
 Chuck Lennon is a fun trail. Screaming eagle for the entry level biker or to add miles to your ride (a great warm up). Hoot owl and raccoon run are flowy with some great challenges. Red panther has some fast ups and downs. Wild turkey was a blast! Worth the trip. Great work folks! ",grif2067,"July 20, 2016",5.0,Unknown,https://www.singletracks.com/bike-trails/chuck-lennon-park/
"
 Great mtb trail system with a good variety. Screaming Eagle is the easiest, and has a few ""harder"" splits in the trail including a nice little drop-off. Racoon Run and Hoot Owl are harder and have really nice flow. Red Panther is a red trail with some nice short climbs and descents. The newest trail, ( and by far my favorite)Wild Turkey, is an absolute blast. It has a couple gnarly descents and a pretty big drop off. It also has a few skinnies and wood descents.
Chuck Lennon is a bit like a small Santos, minus the rocks. ",Benjumanji,"July 17, 2016",5.0,Unknown,https://www.singletracks.com/bike-trails/chuck-lennon-park/
"
 Great short trail with nicely built wood features. Steep climbs and fast drops.  Currently closed off due to mud. The rain has also washed away a lot of dirt. ",tylerthehuman,"July 12, 2016",4.0,Wild Turkey,https://www.singletracks.com/bike-trails/chuck-lennon-park/
"
 One of the best marked trails in the area. Lots of ups and downs. If you are in the area this is the best bike park within 50 miles ",Sum Guy,"June 27, 2016",5.0,Unknown,https://www.singletracks.com/bike-trails/chuck-lennon-park/
"
 The trails are nicely designed. The signs are well displayed and map is accurate. The dirt ramps were closed from the rain. They could really use wood ramps in that area. The wood features on the trails are put together very well. Great ride. ",tylerthehuman,"June 21, 2016",5.0,Unknown,https://www.singletracks.com/bike-trails/chuck-lennon-park/
"
 The pump track is now open and ready go to Chuck Lenin sports complex and pump it up ",PinnItYaFairy,"February 29, 2016",5.0,Unknown,https://www.singletracks.com/bike-trails/chuck-lennon-park/
"
 First time here. Pretty awesome fun trail. Great trail team. Can't wait to hit the new black diamond. All levels can ride. ",uglywerm,"February 27, 2016",4.0,Unknown,https://www.singletracks.com/bike-trails/chuck-lennon-park/
"
 Trail is in great shape. Went out there last sat Feb 19th. Had an awesome time. Its been awhile since we been here. They added some new features to the yellow trail and blue trail. Took a couple of friends with us and they enjoyed it very much. Weather is nice so get out here and ride. Hoping to hit the trails again soon. ",hdguach,"February 26, 2016",5.0,Unknown,https://www.singletracks.com/bike-trails/chuck-lennon-park/
"
 Went for a night raid at Chuckie to try out new lights. Its amazing how a spot you know well,  becomes a whole new beast when in black. I love this trail. ",GOPEDAL,"December 13, 2015",5.0,Unknown,https://www.singletracks.com/bike-trails/chuck-lennon-park/
"
 I was on vacation I the area and was able to get a ride in. The trails open and in great shape. Well worth the hour drive to get their. ",James Brower,"October 23, 2015",5.0,Unknown,https://www.singletracks.com/bike-trails/chuck-lennon-park/
"
 Awesome lil park ! Very muddy during the summer . The two trails that were open were great! Fast and flowy ups and downs hair pin turns - ",birdbomber,"September 8, 2015",5.0,Unknown,https://www.singletracks.com/bike-trails/chuck-lennon-park/
"
 Awesome fun! ",izzybee85,"April 2, 2015",5.0,Unknown,https://www.singletracks.com/bike-trails/chuck-lennon-park/
"
 Surprising amount of fun packed in this limited area.  Trails are high quality with plenty of short, stout climbs and drops throughout.  The beginner and intermediate trails are some of the toughest in the state.  Thick forest canopy makes for a jungle like ride.  All trails are well marked; with frequent 911 location markers thorough out.  Also many ""bail out"" routes are available if one desires to abandon the trail.   Santos & Alafia will get all the props but per mile they have nothing on these trails.   Hats off to the folks that built and maintain the trails.   Restrooms available at the park's ball field. ",Hap Proctor,"March 28, 2015",5.0,Unknown,https://www.singletracks.com/bike-trails/chuck-lennon-park/
"
 Good trails ",william_dracup,"February 1, 2015",5.0,Unknown,https://www.singletracks.com/bike-trails/chuck-lennon-park/
"
 Great trail as always. All and all the trail is kept up and constantly being worked on and changing. Sign saying they need volunteers to help with a part of the track this Sunday December 21st. ",PlasmaDave,"December 20, 2014",5.0,Unknown,https://www.singletracks.com/bike-trails/chuck-lennon-park/
"
 another beautiful Florida day  at Chucky, trail is in great condition...time to raid ! ",GOPEDAL,"December 14, 2014",5.0,Unknown,https://www.singletracks.com/bike-trails/chuck-lennon-park/
"
 Rode all week, beautiful Florida weather!  'Off season "" don't apply round here.  Chucky is looking great, thx to FAB trail crew.    !!!!DURT WURX IN THE HOUSE!!!! ",GOPEDAL,"December 13, 2014",5.0,Unknown,https://www.singletracks.com/bike-trails/chuck-lennon-park/
"
 rode this morning, trail is hard pack and rolling fast. a bit leafy in some spots but other than that... its a beautiful thing. go get some ..... ",GOPEDAL,"December 1, 2014",5.0,Unknown,https://www.singletracks.com/bike-trails/chuck-lennon-park/
"
 The trails took quite a beating from the long hard rainy season but flooded areas have receded and repair work is coming along nicely. Trails are still a little rough but everything should be back to normal soon.  The new pump track, skills area and dirt jumps can now be finished since the dry season has started and will keep this one of the best riding places around. ",kevprides,"October 24, 2014",4.0,Unknown,https://www.singletracks.com/bike-trails/chuck-lennon-park/
"
 Trails were closed as of 7/16/14 due to wetness. Please people respect the closure so the trails don't become eroded and all the hard work maintaining them doesn't  go out the window. ",DrumFunKeN,"July 31, 2014",5.0,Unknown,https://www.singletracks.com/bike-trails/chuck-lennon-park/
"
 When are the jumps going to be opened? ",,"July 7, 2014",5.0,Unknown,https://www.singletracks.com/bike-trails/chuck-lennon-park/
"
 Very fun trail. Lots of flow if you carry your speed and hammer the turns correctly. Its very slick when its wet and it seems to stay wet for a while. Trails are well marked and the map helps out also. The DJ were closed, it looked like they were completely remaking them. ",Alex Schmitt,"July 2, 2014",4.0,Unknown,https://www.singletracks.com/bike-trails/chuck-lennon-park/
"
 Great FL trail. Would rate it 8.5-9/10...fun and pretty good flow if you go Hoot Owl to Racoon Run. Makes for a quick, super fun segment. Red Panther and Screaming Hawk were nice too in their own ways, just not as fun to me as the other two trails. ",jeffrey_j,"June 10, 2014",4.0,Unknown,https://www.singletracks.com/bike-trails/chuck-lennon-park/
"
 Great Park, One of the best technical parks i've been to in Florida. You'll notice 911 signs every so often along the way. They are there for a reaso, its very easy to hurt yourself here if you are a beginner rider. I suggest If you're a beginner go with someone whos gone before and can talk you through the trails and gears to be in. The wrong gear can end up in pain and suferring. When it rains it becomes muddy and usually some trails get shut down. If you want a serious ride near central Florida definitely check out Chuck Lennon and the springs a nice touch on a hot summer day. ",DrumFunKeN,"June 7, 2014",5.0,Unknown,https://www.singletracks.com/bike-trails/chuck-lennon-park/
"
 This is an amazing set of trails. It is composed of 3-4 trails configured in a hub formation. They are all one way and this place is some serious fun. Definitely take your time to learn the trails before going all out. Be considerate of the volunteers that put in hours to maintain this place and do not ride it in or after a heavy rain. The clay trails get torn up very easily. ",Matthew Aires,"May 7, 2014",5.0,Unknown,https://www.singletracks.com/bike-trails/chuck-lennon-park/
"
 I ride this trail third most often as it is semi-local to me. IT is very well maintained and very well marked. It has three distinct trails, yellow, blue, and red. Each is properly graded. The yellow trail is friendly to any beginner with three minor optional technicals. The blue trail is a nice roller with a few root technicals. The red trail is also a nice roller with a few tight apexes and crests that drop quickly. The trail should not be ridden when wet. It is a clay surface mixed with sand and becomes very slick. I usually give it two days to dry out before heading over. ",madmanwithabike,"March 20, 2014",4.0,Unknown,https://www.singletracks.com/bike-trails/chuck-lennon-park/
"
 Been here a few times.  Totally shaded, hard-packed with woop-de-doos, berms, some roots.  Alot of fun.  I believe the entire route is around 6 miles with 4 different loops.  Had a great time and will definitely return!  Note this trail gets easily damaged by rain so double-check on trail conditions before heading out there...your best bet is to like their Facebook page Chuck Lennon Mtb Trail.  Afterwards, you can head over to Pitmasters BBQ for lunch. ",puglieseme,"March 15, 2014",4.0,Unknown,https://www.singletracks.com/bike-trails/chuck-lennon-park/
"
 It's among one of my favorite trails.  I thought it was very well maintained and there were a lot of trails to choose from depending on level.  I went after a storm though and there are a few low points.  We managed to have a blast going through puddle, which added a bit of technicality.  The trails aren't very long so you can easily do them a few times. ",Juliecambe,"January 9, 2014",4.0,Unknown,https://www.singletracks.com/bike-trails/chuck-lennon-park/
"
 Great trail system.  My wife and I went and enjoyed all the trails we rode.  There were a couple guys out there working in the trail and they have done a great job with this system.  Racoon run was my favorite, but they are all fun rides. ",,"October 24, 2013",5.0,Unknown,https://www.singletracks.com/bike-trails/chuck-lennon-park/
"
 Drove down from Jacksonville to try this trail out. While i did enjoy the system, i was a little disappointed with the small amount of technical spots. Chuck does have great flow and rides smoothly, but I think ill stick with Mala Compra and Graham Swamp unless Im in mood of a change. Trail looks to be maintained very well though. ",robroy1031,"May 30, 2013",4.0,Unknown,https://www.singletracks.com/bike-trails/chuck-lennon-park/
"
 My wife & I drove 3 1/2 hours to try these trails out this weekend.  A great trail system, with many twists, turns and technical areas.  Very well maintained.  As a bonus, just at the end of the road to the park is the entrance to Ponce De Leon springs.  We went for a cool dip after (in bike clothes) and then made pancakes at the restaurant on site.  We spent the weekend at ""Fish Camp"" campground nearby.  Had a great time.  ""Freestyle"" area no longer opened and ""Teeter-totter"" gone.  Frggin' county has wusses in charge. ",Pake,"April 15, 2013",4.0,Unknown,https://www.singletracks.com/bike-trails/chuck-lennon-park/
"
 Killer trail ",,"March 23, 2013",5.0,Unknown,https://www.singletracks.com/bike-trails/chuck-lennon-park/
"
 Lots of fun! Well marked with easy, hard or bail outs when wanted. Pretty smooth trail... fast and flowy. I just wish it were longer. ",krow272,"January 31, 2013",3.0,Unknown,https://www.singletracks.com/bike-trails/chuck-lennon-park/
"
 well maintained and good signs through out the trail mostly hardpack some challenge througthout a few small drops. The trails have about 6 miles total. they are fun with banked turns lots of ups and downs some areas have good flow. if you are nearbye good short ride I did everything in little over half hour though which in my opinion makes it too short to travel over a hour to get to. ",jake1,"January 11, 2013",4.0,Unknown,https://www.singletracks.com/bike-trails/chuck-lennon-park/
"
 Much, and I mean much change for this trail, and I mean excellent change.  The trail has a great mix-up of XC to a more challenging trail features.  All together there is like 6 miles total miles, which includes the XC trails (yellow).  The blue trails are awesome and flow exceptionally, and the reds are off the hook for sure.  I highly recommend this trail system to all, and this trail will soon be a fully functional sanctioned trail (county run & county rules).  This trail was nearly lost earlier this year, which would have been a total loss for many. ",CP1,"January 2, 2013",4.0,Unknown,https://www.singletracks.com/bike-trails/chuck-lennon-park/
"
 Great Trail!  Very well maintained with excellent signage.  Awesome flow with a few technical elements. You will not be disappointed with traveling to check it out.  Not very long, but riding it 2-3 times in a day will give you all the excitement you will need.  This trail is perfect for beginners or intermediate level riders. ",,"November 13, 2012",4.0,Unknown,https://www.singletracks.com/bike-trails/chuck-lennon-park/
"
 Overall, great coarse. Lots of ups and downs and plenty of downhill sections. Not a while lot of technical stuff though. Check out the red panther section for a challenge. ",,"November 5, 2012",4.0,Unknown,https://www.singletracks.com/bike-trails/chuck-lennon-park/
"
 Epic conditions!  Give it a ride. ",,"November 3, 2012",5.0,Unknown,https://www.singletracks.com/bike-trails/chuck-lennon-park/
"
 This network is sweet!  A lot of ups, downs, banked turns and a few drops.  All around good time!   ",Bdiggi,"October 13, 2012",5.0,Unknown,https://www.singletracks.com/bike-trails/chuck-lennon-park/
"
 Awesome little trail system with tons of fun packed in a short area! I was smiling the whole time, even when I fell off one of the wooden skinnies on the red section! I wished it was longer, but then, you could just do another lap I suppose. ",dcluley,"October 9, 2012",5.0,Unknown,https://www.singletracks.com/bike-trails/chuck-lennon-park/
"
 very impressed intermediate trail.  well marked with easy and hard trail options.  well maintained and lots of fun.  The Ponce Deleon Springs is right next door for a refreshing cold swim after a good workout ",MeinDraco,"September 16, 2012",4.0,Unknown,https://www.singletracks.com/bike-trails/chuck-lennon-park/
"
 Been riding here since 1996, trail was OK then, but awesome now. I haven't ridden here in a few months ( currently in NC) . Took newbie friend out awhile back, scared the crap out of him, not a beginner's trail at all, but thoroughly entertaining for experienced riders. Can't wait to come back and ride it again! * Review edited 9/17/2012 ",blackdiamondnate,"September 7, 2012",4.0,Unknown,https://www.singletracks.com/bike-trails/chuck-lennon-park/
"
 Awese trail for adventurous trail riders.  Don't let the trail names fool you (hoot owl & racoon run) Pack a wallop in some sections.  Most fun per mile of any trail in Florida! ",,"August 5, 2012",5.0,Unknown,https://www.singletracks.com/bike-trails/chuck-lennon-park/
"
 These trails are awesome. If you can judge a trail on what you break this one taco-ed three out of four front wheels in our group. ",azartman73,"June 25, 2012",5.0,Unknown,https://www.singletracks.com/bike-trails/chuck-lennon-park/
"
 It was a great trial really gave me and my heart a good work out just like a roller coaster this trails are not for beginners just be careful of the poison ivy all over the place in the summer just stay on the trails ",ICEMAN733,"April 21, 2012",5.0,Unknown,https://www.singletracks.com/bike-trails/chuck-lennon-park/
"
 Oh my Lord!!! I must say I almost die in there! it was amazing, I am a beginner, and was a little afraid! It was a lot of fun, even though it was kind of hard for me, I guess I should go more often to get better at it! lol! It was my first time and would love to be trained! It felt like a Roller coaster!!!!! ",lydejesu,"April 6, 2012",5.0,Unknown,https://www.singletracks.com/bike-trails/chuck-lennon-park/
"
 There is probably nothing bad to say, but a lot of great stuff! My friend and i rode the trail and it was crazy! So many features and i caught air in the freeride area. Not for begInners though. It was an awesome time besides the fact that i almost dislocated my arm in the jump bowl. :) ",,"February 27, 2012",5.0,Unknown,https://www.singletracks.com/bike-trails/chuck-lennon-park/
"
 I rode this trail while visiting family in FL and had a blast! It is not a difficult or technical trail but is a lot of fun. Lots of whoop-de-doos with a decent flow throughout. I rode all of the trails and enjoyed each... it's a nice little park that seems well maintained. ",fatlip11,"January 3, 2012",4.0,Unknown,https://www.singletracks.com/bike-trails/chuck-lennon-park/
"
 trail bed has been reconditioned in places, with the one way layout it is very fast expecially when dry.   great xc trail on the North and consentrated short up and quick downs, on a rail banks, smooth flowing tight single track on the South.    the two end together make a great work out. ",jpetersm,"December 31, 2011",5.0,Unknown,https://www.singletracks.com/bike-trails/chuck-lennon-park/
"
 Best trail in Daytona Beach area. A little bit for everyone, Yellow, Blue, and the ""Red Panther"" trails. Even the yellow trail is fun though marked as the easiest it is not necessarily a beginner trail. ~5.5 miles all the way around. Never a dull moment, always something ahead to plan for. Great rollers and challenges. This is dense woods and brush, very little sand. The dirt gets a little slick if there is an overnight rain. This is a beautiful trail of typical Florida palms and oaks. Due to vegetation, limited direct sunlight so it is cooler in the summer than most trails. Great condition and well kept. Trail is next to a civic park of baseball and soccer fields. Plenty of parking and easy access. Piece of cake to get to...left turn just before DeLeon Springs state park entrance. You have to try this if you are in the area. You'll do it more than once!* Review edited 11/8/2011* Review edited 11/8/2011 ",Wryfox,"November 8, 2011",5.0,Unknown,https://www.singletracks.com/bike-trails/chuck-lennon-park/
"
 I've been meaning to get out to this trail for quite some time. Yesterday I finally made the drive, and it was well worth it. The trail is very well maintained and flows like a roller coaster. Even the red areas were manageable and lots of fun for an intermediate rider like me.  Obviously a lot of effort has been put into this trail - thanks to all responsible for this hidden gem. Watch out for the poison ivy and prepare to have fun.  ",JSF,"October 24, 2011",5.0,Unknown,https://www.singletracks.com/bike-trails/chuck-lennon-park/
"
 Great short trail, lots of fun downhill and plenty of carving berms. The reds however aren't as technical as you'd expect. Overall a really fun ride and the freeride area is a fun little spot to catch some hangtime. Remember to bring a helmet since it's posted everywhere. ",Cockefair,"October 7, 2011",4.0,Unknown,https://www.singletracks.com/bike-trails/chuck-lennon-park/
"
 Great Trail! I have ridden about a dozen intermediate rated trails and this is the best in the area in my opinion. Nice rapid elevation changes that offers speed over semi-technical areas. Looking forward to riding this again! ",rbrtsims5,"September 16, 2011",5.0,Unknown,https://www.singletracks.com/bike-trails/chuck-lennon-park/
"
 WOW, what a great trail this has become!  Rode here years ago and it was ok but nothing very special.   It's now twice as long (5.5 mi.) as it once was and is signed very well.  Most of the trail is hard packed with very little soft sand areas.  I went after a heavy rain and there was a few spot with water over the trail but nothing major.  Rain made it a little muddy and slick but added to the fun.  Will be going back often. ",chrisprides,"August 9, 2011",5.0,Unknown,https://www.singletracks.com/bike-trails/chuck-lennon-park/
"
 Wow! Kudos to the volenteers who made that run a blast. I treked from deland to Deleon today a total of 22 miles of ridin! The trail was well marked and not that tough even for a beginner and i  did the reds too, check this place out if you are in the area. ",robbydro,"March 17, 2011",4.0,Unknown,https://www.singletracks.com/bike-trails/chuck-lennon-park/
"
 this is a fun trail
Cross Country trail is now up to 5 miles long, south end is harder than the north. very good blend of intermediate technical to open woods xc. the north end should be ride-able in the wet season, the South end because of its low elevations and clay is best in the dry season.
Additional trails in the freeride and conector areas ",jpetersm,"December 31, 2010",5.0,Unknown,https://www.singletracks.com/bike-trails/chuck-lennon-park/
"
 This trail is becoming a great trail lately.  Volunteers have been working on clearing & markings trails, bypassing flooding areas & have started to build new trails to add much needed trail length.  The trail now has a fast flow to it now with steep climbs & drops.  It is a very good place to test your mtb skills.* Review edited 11/14/2010* Review edited 12/4/2010 ",kevprides,"November 8, 2010",5.0,Unknown,https://www.singletracks.com/bike-trails/chuck-lennon-park/
"
 Not bad to catch a quick ride.  Fast sweeping hills, short steep climbs and descents, a few high bank turns, couple of little bridges...pretty fun!  It's just soooo short!  First time out I rode 3 laps in under an hour.  Just a little short for my liking.  It's mostly hard pack and overall condition was pretty good, but can use a little TLC.  Not very technical, but fun!  Not trying to disrespect, but I just can't understand how this trail make top 100 on Singletracks?* Review edited 10/14/2010 ",joetutt,"October 14, 2010",3.0,Unknown,https://www.singletracks.com/bike-trails/chuck-lennon-park/
"
 Pretty decent for such a short trail with a log skinny and teeter totter. Quick ride, fairly decent flow, only minor ups and downs. Outside of the few technical pieces it's an easy trail. Fun ride if you're in the area, but not something to drive to. Might have given it three stars if it was longer.* Review edited 7/25/2010 ",GoKite5,"July 25, 2010",2.0,Unknown,https://www.singletracks.com/bike-trails/chuck-lennon-park/
"
 Been riding this trail more lately and it's getting better every time.  It does have more overgrowth in the summer due to less riders and more rain. It has been remarked to keep you on track and has some new trails added. Parts still flood after a hard rain but just adds to the experience. ",kevprides,"July 25, 2010",4.0,Unknown,https://www.singletracks.com/bike-trails/chuck-lennon-park/
"
 Rode it with my kids and while they really like the little jumps and stuff there, it was quite obvious that this trail has been neglected for quite some time. Much of the trial system is overgrown and very hard to navigate. You can get lost pretty easily (thankfully it's rather short and eventually you will find your way out).
Most of the runs through the XC sections still have major potential, allowing for what could be a lot of fun if some time was spent to just clean up the trails.
There are some cool terrain features that have been built in, but honestly most of the trail feels like someone's neglected backyard romp area. Many of the ladder bridge features are in disrepair and/or rotted away. This was disappointing as these could be one of the coolest features of the whole trail. There are even some areas for some new additions to be made that would really amp up the level of skill required and cool factor for the overall ride.
In my opinion, it's a fun day with the kids, because they will like the rollers and few little jumps right at the trailhead. But for the discerning rider and those looking to get some exercise out of**ood XC ride, look elsewhere, or come and do some work to make this trail rideable again. It would be worth it. ",mnaugler,"April 8, 2010",2.0,Unknown,https://www.singletracks.com/bike-trails/chuck-lennon-park/
"
 So happy to hear this trail is open.  Before kids (1997-2001-ish) I used to ride this every week with guys from Daytona.  We'd do the full loop, drop down into the center bowl/jump for hours, just a great place.  Way scary at night... even with vistalites.  Roots, very technical, and sweeping XC stuff on the North end.  Hadn't ridden it since 2001... went back in 2005, and after three hurricanes the park was completely flooded and all the trails were grown over... like no one had ever been there.  I was very sad.  I hadn't been back.  I live 100 miles away now, but if it's like it used to be its worth the driver if you live within 30 miles or so. ",markcamaro88,"March 9, 2010",4.0,Unknown,https://www.singletracks.com/bike-trails/chuck-lennon-park/
"
 A quick but fun ride, it only takes about 20 minutes to ride through this park but there are many shoirt trails that cross each other that you can spend a couple hours and have a diffent experince with each ride. ",Mattgarrett,"January 30, 2010",3.0,Unknown,https://www.singletracks.com/bike-trails/chuck-lennon-park/
"
 Ive ridden this trail twice now, its a nice little trail if you like twisty up and down single track. I really enjoy it. the woods seem littered with little bits of trail shooting off all over the place so there is a lot to explore. Theres some alright drops, short but still ok. Ill  definitely be going back.  ",scabbydog,"December 20, 2009",3.0,Unknown,https://www.singletracks.com/bike-trails/chuck-lennon-park/
"
 Looks like this could be a cool trail with some work...we have started to clean up the North xc trail but the south side will take a bit longer.  Lots of love needed there but once groomed will be a roller coaster again!  ",coreyshenk,"August 14, 2009",4.0,Unknown,https://www.singletracks.com/bike-trails/chuck-lennon-park/
"
 Hadn't rode here in over 5 years and the trail is much better now but still not marked very well. Rode here Saturday morning after a heavy rain which made this trail very challenging.  It has good climbs but very hard when muddy and lots of trees down over trail.  This trail will test all your riding abilities. ",kevprides,"June 27, 2009",4.0,Unknown,https://www.singletracks.com/bike-trails/chuck-lennon-park/
"
 This trail is one I always make sure to ride as it tests many trail riding skills in a short distance.  I love popping off of the many features through out the trail. ",blondemarker,"January 3, 2009",5.0,Unknown,https://www.singletracks.com/bike-trails/chuck-lennon-park/
"
 80% Novice with some intermediate skills required here. Still found some loose off leashed dogs on single track in this designated wildlife Sanctuary. ",rocketbracket,"February 2, 2023",3.0,Unknown,https://www.singletracks.com/bike-trails/malabar-scrub-sanctuary/
"
 Decent lengthy single track trail through saw palmetto and scrub.  Some parts are scenic but overall basic single track with no elevation change and no significant features.  The trail is very suitable for beginners.  Thanks to those that maintain the trails all appeared to be in good shape. ",JollyRogerX,"February 15, 2020",3.0,Unknown,https://www.singletracks.com/bike-trails/malabar-scrub-sanctuary/
"
 I enjoy riding this section. Not a bad way to gain extra miles. Also allows for my children's competitive nature to come out. They range from 8yrs to 15yrs and ask when can we ride the trail again. Definitely a win win!!! ",TrekThrills,"December 31, 2018",4.0,Unknown,https://www.singletracks.com/bike-trails/malabar-scrub-sanctuary/
"
 Reviewed this 6 yrs ago! So now for 2018 I'll update. This is a big long trail (if you do it all probably 15miles). You can park on Briar Creek Rd at Northwest entrance, or at Malabar Woods blvd for South entrance. Its basically open scrub terrain with a few hollows and palm groves. Very scenic...watch out for tortoise and snakes. It is mostly open so will be hot in summer...bring enough water as its about 2hrs around at a leisurely pace.
Connects with Turkey Creek trail at northwest entrance on Briar Creek rd. Beginner to Int. Advanced riders go to Grapefruit Trail nearby.. ",Wryfox,"April 6, 2018",4.0,Unknown,https://www.singletracks.com/bike-trails/malabar-scrub-sanctuary/
"
 The recent rain has help with the traction in the sandy sections.  A nice trail with good scenery. ",Billy Burton,"June 16, 2017",3.0,Unknown,https://www.singletracks.com/bike-trails/malabar-scrub-sanctuary/
"
 My wife and i visited this trail while in Melbourne. Combined with the Turkey Creek trail it was a nice ride to get us back in shape after the winter. Relatively flat with some roots and some loose sand due to dry conditions. I showed about 2 1/2 miles on this loop but we combined it with Turkey Creek and the Cameron connector for about 7 miles. ",dcesnak1771,"March 16, 2016",3.0,Unknown,https://www.singletracks.com/bike-trails/malabar-scrub-sanctuary/
"
 I ride this trail along with Turkey Creek and the Cameron Wildlife Preserve trails three to four times a week. They all run together. They aren't the greatest trails around but are not bad for the area.  While not technical due to elevation and geographic features the roots will challenge your bike handling ability.  We do group rides at bicycletrailsforfun.com and have a weekly ride here on Monday evenings ",Alan Holbrook,"September 9, 2014",3.0,Unknown,https://www.singletracks.com/bike-trails/malabar-scrub-sanctuary/
"
 Malabar Scrub West is more complex and varied than Malabar East... and much more fun. So my review is really for West. Some tight jungle like areas, open scrub pine and palmetto areas (watch the palmetto roots often hidden by vegetation, they can take you down).  There are also some bridges across creeks and wetland areas plus a few log hops / ramps.  Fun stuff.  Gets really tight in places, so get used to riding thru outreaching palmetto branches and various bushes, but nothing that bad and kind of adds to the experience. The Malabar East loop is really kind of non-nondescript... flat and sandy for the most part.  I would rate it a 2.  But West is great.  A real Florida trail ride experience. You can make a great morning by riding all the trails there together... Turkey Creek, Malabar West, Cameron Preserve, and Malabar East.  Sand really isn't an issue overall... Malabar East seems to have most of it. ",Trail Kicker,"June 19, 2014",4.0,Unknown,https://www.singletracks.com/bike-trails/malabar-scrub-sanctuary/
"
 The last year has been great seeing the new trails come in. The land managers have finally seen the value of quality trails. Keep up the good work. ",,"April 19, 2013",5.0,Unknown,https://www.singletracks.com/bike-trails/malabar-scrub-sanctuary/
"
 I have been riding these trails a lot the last couple months and each week the sand areas are getting larger, deeper and more frequent.  Both here and across the street at Turkey Creek the sand is getting worse and worse.  The blue trail has the least amount but on the red and yellow it's almost not worth it anymore.  Just a warning to anyone who hasn't been here in a while.  There are still some fun sections but you're going to get into sand if you are wanting to ride the entire area. ",Pian_Oirier,"March 4, 2013",0.0,Unknown,https://www.singletracks.com/bike-trails/malabar-scrub-sanctuary/
"
 Hahahaha....Wryfox reviews this trail....""In fact, the map for Malabar includes Turkey Creek in its route and mileage. Both are shorter than advertised on this site. Actual length of singletrack is 3.5 miles.""....That is so incorrect, as I spent the whole day out there mapping it on a Garmin mapping system. Malabar Scrub & Turkey Creek are totally two different trail systems that are separated by one road indeed, but are not mapped together by no means as Wryfoc so stated. Not sure where Wryfox acquired his/her info, but it is incorrect by far and needed to be stated here of his/her error.  ",Bonsai-CP,"May 29, 2012",3.0,Unknown,https://www.singletracks.com/bike-trails/malabar-scrub-sanctuary/
"
 Drove down from Daytona to check out the area. Tried this trail and Turkey Creek, which are basically a contiguous trail separated by a residential road. In fact, the map for Malabar includes Turkey Creek in its route and mileage. Both are shorter than advertised on this site. Actual length of singletrack is 3.5 miles. Its wide open for most of it so sun gets hot. Lots of scrub and brambles. Got two flats, but shame on me for running race tires. Fun little trail for what it is. No elevation to speak of, just a ride through the woods with some roots and bushes. This is Florida so there is substantial sand on trail. Would rate this a beginner trail, not intermediate. Supplement: Beware the red trail is bidirectional, even though it is singletrack. Look out for oncoming riders! * Review edited 3/5/2012 ",Wryfox,"March 3, 2012",2.0,Unknown,https://www.singletracks.com/bike-trails/malabar-scrub-sanctuary/
"
 Rode here and Turkey Creek on Saturday.  Good, fun ride and good exercise but check this out:  got to the very end of the blue trail and only THEN did I get a flat.  Had to walk the bike the 2+ miles back out.  Took the bike to Infinity Bike Shop in Melbourne (GREAT shop!), got a new, thorn resistant tube and headed back to the trails to finish what I started.  Great ride, great day, great weekend (ran the Warrior Dash on Sunday in Lake Wales too!).   ",ktmillerfla,"January 31, 2011",4.0,Unknown,https://www.singletracks.com/bike-trails/malabar-scrub-sanctuary/
"
 My girlfriend and I wanted to go on a bike ride and i decided we should go through some trails. We found this by googling bike trails and are really happy. We got a great workout in and saw some pretty sights and animals including: tortoises, rabbits, foxes, alligators, and of course squirrels. I highly reccomend these trails to anyone who wants to just go out and have some fun while getting a great workout. ",dustinfleming,"July 12, 2009",3.0,Unknown,https://www.singletracks.com/bike-trails/malabar-scrub-sanctuary/
"
 Perfect for intermediate rider ",cocorocopr,"April 10, 2022",4.5,Unknown,https://www.singletracks.com/bike-trails/halpatiokee/
"
 Treasure Coast pleasure during COVID Crisis!   Decent well-planned local trail system of about 7.5 miles/loop.  The man-made features are fun, the only technical stuff are the palmetto roots in 3 sections and some deeper than expected sand.  I have been here a few times and got 3 loops in once. Bottom line - you need 2 loops to make it worth your time. ",al0184x,"April 13, 2020",3.0,Unknown,https://www.singletracks.com/bike-trails/halpatiokee/
"
 Probably the flattest trail in florida. Its ok if you are bored of the other trails I suppose. Other than a few rooty sections the trail is fairly green in the skill required.  It seems to be maintained. Its right off 95, so that's convenient. ",Sum Guy,"July 11, 2019",3.0,Unknown,https://www.singletracks.com/bike-trails/halpatiokee/
"
 Fun intermediate trails. Lots of twists and turns. I love the natural flow around the ponds (ZigZag, etc). Very few manmade elements. Some more challenging short portions with palm roots. January 2019 they were cutting in fire roads and apparently obliterated several trail signs off the main trails. ",AlisonO,"January 17, 2019",3.0,Unknown,https://www.singletracks.com/bike-trails/halpatiokee/
"
 it was ok....lots of roots but good workout.
This was the first time I was ever there, the only thing I would change would be the directions on the trail . ",old man biker,"January 27, 2018",3.0,Unknown,https://www.singletracks.com/bike-trails/halpatiokee/
"
 Fun trail ""The Hills"" was awesome! ",D_raileur,"February 27, 2017",4.0,Unknown,https://www.singletracks.com/bike-trails/halpatiokee/
"
 Wife and I currently riding hard tails and it is hard on the tail...  Lots of roots in the section called 40 acres but able to avoid a lot of them once you know the trail.  Some really fun obstacles built in and is reasonably maintained.  Has a couple of rock gardens in the grove section that are more technical than we car to deal with and there are by-passes.  The advanced rating is only for 2 or 3 of the obstacles on the track, there are many areas that are great for beginners. ",Bob R,"February 18, 2017",4.0,Unknown,https://www.singletracks.com/bike-trails/halpatiokee/
"
 Great after work ride ",EZ Ride,"November 1, 2016",4.0,Unknown,https://www.singletracks.com/bike-trails/halpatiokee/
"
 I use this trail frequently.  I enjoy riding near the river and tiki island.  40 acres and root canal can be tough in the sun, since it has a lot of roots and no shade.  Seen abundance of wildlife; deers, bob cats, black snakes and gopher turtles. Trails not marked well..  UT an overall fun ride. ",michbrow2323,"August 7, 2015",4.0,Unknown,https://www.singletracks.com/bike-trails/halpatiokee/
"
 As a beginner I have found this trail the perfect place to start. While most of the trails (several sections that feed one into the other and are clearly marked) are flat there are plenty of roots and sharp turns to navigate. There are also some man-made obstacles and climbs as well as some very scenic variety.
Highly recommended. ",Robert Allen Ankrom,"April 28, 2015",4.0,Unknown,https://www.singletracks.com/bike-trails/halpatiokee/
"
 Nice flow trail with some distance. Not very technical but still fun and keeps you engaged. Good workout. ",Joker757,"April 26, 2015",4.0,Unknown,https://www.singletracks.com/bike-trails/halpatiokee/
"
 Fun track, can be a little confusing finding your way throgh the trails. ",Rob Ames,"February 27, 2015",4.0,Unknown,https://www.singletracks.com/bike-trails/halpatiokee/
"
 I'm a new biker. I enjoyed the trails a lot. Great work out for me. Good places to stop and drink or enjoy the view. Ran into an alligator on the trail and saw a few hog tracks. ",Holly Acosta-Fenton,"February 9, 2015",4.0,Unknown,https://www.singletracks.com/bike-trails/halpatiokee/
"
 A great beginner trail with a couple nice ridges and man made features ",projktnine,"December 28, 2014",3.0,Unknown,https://www.singletracks.com/bike-trails/halpatiokee/
"
 Great trail with varying terrain, rooty saw palmetto patches, there are areas with sugar sand and sometimes it gets really muddy. lots of good flowing singletrack with a few bridges and wood 'ramps'. there is a fast and fun ridge in the back, called the hills(or halpat climbs for you strava users). I was there about 2 weeks ago and am delighted to say that they have begun to replace the trail markers that have gone missing over the last few years. without these markers it's easy for someone new to get lost... fyi, just don't go after one of the mud / courage runs, the trails are pretty beat up and very muddy and soft after you get a few hundred people trampling though everything... there is also a good network of fireroads, so it's fairly easy to get around the park fast if you decide to ",mordachai,"November 27, 2014",4.0,Unknown,https://www.singletracks.com/bike-trails/halpatiokee/
"
 Enjoyable ",,"October 29, 2014",5.0,Unknown,https://www.singletracks.com/bike-trails/halpatiokee/
"
 This was my first time at this trail. It is nice since I am a beginner and new to the area. I did get a little lost in one point. Also nice they have a bike wash off area which is a big plus! ",David Wilson,"September 14, 2014",4.0,Unknown,https://www.singletracks.com/bike-trails/halpatiokee/
"
 Nice cross country trail 7-8 miles
Some elevation,some root sections and fast flowing sections Something for everybody . Not technical but a great ride and fun for good cardio workout
Very well maintained and always adding some improvements ",johnc123,"June 18, 2014",3.0,Unknown,https://www.singletracks.com/bike-trails/halpatiokee/
"
 Great trail system and beautiful scenery. ",rocketbracket,"April 23, 2013",4.0,Unknown,https://www.singletracks.com/bike-trails/halpatiokee/
"
 7.5 miles of trail through different zones so to speak. Ride through swamp area, roots, twisty turns sections, fast flowing sections, 15 foot high hills, and some technical root spots with bypasses. Great trail for beginner and intermediate trail riding. Both families and the seasoned ride here. Minimal elevation though for majority of trail. This trail does make you a better rider in picking the correct lines and focus on form. Maintenance on the trail is great and new features/trails are expected this year. ",glaze77,"February 9, 2013",5.0,Unknown,https://www.singletracks.com/bike-trails/halpatiokee/
"
 Track is in great shape and getting better. Martin County is making some improvements to trail from the Fall weather wash outs and future track expansions. ",shrek6791,"February 5, 2013",5.0,Unknown,https://www.singletracks.com/bike-trails/halpatiokee/
"
 Driest it has been all month, few obstacles and exposed roots, got ten miles in today. ",shrek6791,"December 29, 2012",4.0,Unknown,https://www.singletracks.com/bike-trails/halpatiokee/
"
 Just started getting into the trail riding gig...  The trail was fun.  Not overally technical, you could get some decent speed through some of the sections.  Fun little drops.  A great ride and workout..    ",racerseth,"May 14, 2012",3.0,Unknown,https://www.singletracks.com/bike-trails/halpatiokee/
"
 Fun and fast...nothing overly technical.  About 7-7.5 miles of trails (depending on which forks in the trail you take). Terrain varies; palmetto roots, swamp (especially after a big rain), tight and twisty hard pack...nice ride.  Trail builders have done a great job! ",Lynskey29er,"February 4, 2012",4.0,Unknown,https://www.singletracks.com/bike-trails/halpatiokee/
"
 Nothing to crazy here. But would be a good place for a novice to learn bike handling skills. A trail map would be a great idea. lots of singletrack here and you can get turned around easy. ",dustyg314,"November 28, 2010",2.0,Unknown,https://www.singletracks.com/bike-trails/halpatiokee/
"
 If you live in the area it is a good place to log some miles. Mostly flat,  but tight with lots of twists and turns, losts of Palmetto's and the roots of the Palmetto's crossing over sections of the trail. Good place to get a beginner used to moving around on Mountain Bike with out the potential for paying too big a penalty for making mistakes. Plenty of wildlife including Deer and Armordillo's. The trails builders  have been adding new sections making this trail more challenging.* Review edited 4/22/2011 ",Crowbar12,"April 8, 2010",2.0,Unknown,https://www.singletracks.com/bike-trails/halpatiokee/
"
 I had been raining the day/night before, yet the trails were still very good. It's a fairly easy single track that take about one hr to complete. A few very little drops with a few logs here and there, but nothing very hard. If I am in the area again, I'll give it another shot.  Once inside, it's easy to find your way around as the trails were pretty well marked. * Review edited 2/7/2010 ",mandypi,"February 7, 2010",3.0,Unknown,https://www.singletracks.com/bike-trails/halpatiokee/
"
 Just to Clarify the park is on the south side of Kanner highway (sr 76) on lost river road.  This is a great trail for cross country riders.  Not that exciting for people that like the black diamond or technical riding but a good trail to get a work out on. ",wheelieboy,"July 29, 2008",3.0,Unknown,https://www.singletracks.com/bike-trails/halpatiokee/
"
 I am a newbee to the sport of MTB and the Halpatiokee trail was the 4th trail I have tried out. It was fun, definitely scenic, and there are quite a few different sections to discover. I recommend bringing along a fishing pole. ",Rick_Hughes,"November 16, 2007",3.0,Unknown,https://www.singletracks.com/bike-trails/halpatiokee/
"
 It's not so easy to you know you are there. You can park at Pavillion #7 in the back, east end. Ride around the triangular shaped retention area and look for a big metal gate. There's singletrack which bypasses it to the right. Enter there, ride to the first 'road' hang a right and look for the tagged trail to your left. It's pretty easy to follow the tags now. We are not supposed to ride the old river trail which is hiking only. We are constantly inquiring about and pushing for a dozen or so directional signs to be placed at critic***eresections. Time takes time, so we will have them, probably later than sooner. In the meantime, more surveyor's tape can be found along the route, and also tiny orange flags in the ground in the open spaces.  ",trip_burton,"June 25, 2007",4.0,Unknown,https://www.singletracks.com/bike-trails/halpatiokee/
"
 I think the intermediate difficulty is perfect. Is a long trail very twisty and full of roots, sand, logs, and HEAT. And if you make it too Area 51 it's a really short but fun section. Would definitely recommend for anyone beginner or advanced rider just looking for a workout ",941raptor,"June 3, 2019",4.0,Unknown,https://www.singletracks.com/bike-trails/boldlygo/
"
 BoldlyGo is a fun, tight, twisty cross-country style singletrack mountain bike trail through varied Florida landscape. You will encounter everything from wide open scrub, to pine flats, to swamps (alongside the trail), to the shaded canopy of palmetto forests. There are frequent roots, and absolutely no rocks at all. The trail is almost completely flat, as you would expect from this area of the state, but the variety in scenery and the tightness of the trail will keep your focus up and your eyes straight ahead.This is also quite a long trail and you would be wise to bring adequate water and even some food if you plan on taking a break or exploring a bit. I was most impressed at the length of the trail, and least impressed by how frequently overgrown it seemed. Overall, if you are in the area or happen to be a local (like me), the BoldlyGo trail is a beautiful, must-ride day trip that is certainly worth it. ",Jack Ritchie,"May 19, 2019",4.0,Unknown,https://www.singletracks.com/bike-trails/boldlygo/
"
 Very narrow in some places, lots of twits and turns, and snakes. ",Czechammer,"October 29, 2018",3.0,Unknown,https://www.singletracks.com/bike-trails/boldlygo/
"
 Very flat but good for the area. Definitely bring a hardtail ",Lichimus,"May 11, 2018",3.0,Unknown,https://www.singletracks.com/bike-trails/boldlygo/
"
 just too flat and sandy for me.. ",harleyferg,"May 5, 2018",3.0,Unknown,https://www.singletracks.com/bike-trails/boldlygo/
"
 Just average. Not a lot of speed, too many twisty turns. Good for a beginner though. ",Borobiker,"February 16, 2018",3.0,Unknown,https://www.singletracks.com/bike-trails/boldlygo/
"
 Trail system now has 10 miles of single track,Going to start 5 more miles soon. ",boyetteboy,"November 10, 2017",4.0,Unknown,https://www.singletracks.com/bike-trails/boldlygo/
"
 New at this and so not enough data to compare. Really nice and well maintained single track. Track in great shape, pretty firm and beat down. There was an event ride there last Sunday probably why. I cut my bars down afterward. ",mello mennonite,"January 13, 2017",3.0,Unknown,https://www.singletracks.com/bike-trails/boldlygo/
"
 about 7 miles of fun- nothing too aggressive but still a great time. ",undrwtrassassin,"January 11, 2017",4.0,Unknown,https://www.singletracks.com/bike-trails/boldlygo/
"
 A lot of hard work is put in by SCORR (SCORR riders on facebook), to keep trails ride-able.  Rainy season (as with a lot of SW Fl trails) sometimes is difficult to ride but winter season is great.  You gotta do Piggy's Revenge (Every January).  Getting more popular each year.  Tuesday night rides are also great.  A great bunch of riders to ride with. ",Pake,"December 30, 2016",4.0,Unknown,https://www.singletracks.com/bike-trails/boldlygo/
"
 Parts of the trail were under water and some parts were marked as closed. Would love to ride this when it's passable all around. ",veegaa4,"April 4, 2016",5.0,Unknown,https://www.singletracks.com/bike-trails/boldlygo/
"
 Evening ride not a good idea. Wife got taken out by a boar. Bent rim and hurt knee. ",Falexin,"March 17, 2016",5.0,Unknown,https://www.singletracks.com/bike-trails/boldlygo/
"
 1/3 mud, 1/3 water, 1/3 dry... A few of the water parts were so bad, I was a little worried about encountering a hungry gator. The trail was also littered with palm tree, and oak tree branches. I'm surprised that there was not a closed sign at entrance. If this trail ever dries out, and cleaned up, it would be worth coming back to. ",beantownbarry,"February 15, 2016",2.0,Unknown,https://www.singletracks.com/bike-trails/boldlygo/
"
 Great workout...fun...a bit confusing on the trail markers at the end, but worth it. ",LowDawg,"January 3, 2016",4.0,Unknown,https://www.singletracks.com/bike-trails/boldlygo/
"
 Loved it...great workout...a bit confusing on the trail markers at the end, but worth it. ",LowDawg,"January 3, 2016",4.0,Unknown,https://www.singletracks.com/bike-trails/boldlygo/
"
 Long trail, but nicely marked.  Saw a deer on one of the trails. ",michbrow2323,"August 7, 2015",5.0,Unknown,https://www.singletracks.com/bike-trails/boldlygo/
"
 Good mix of fast-smooth-winding and tight-bumpy.  Area 51 is a nice little challenge.  Saw a bobcat lounging on the trail.  Very similar to the green trails at Balm Boyette. ",SRCube,"May 7, 2015",4.0,Unknown,https://www.singletracks.com/bike-trails/boldlygo/
"
 Very nice trail!!, not too technical, but with some speed, it is a lot of fun. I ride it twice a week and I love it!! ",DZ,"April 4, 2015",4.0,Unknown,https://www.singletracks.com/bike-trails/boldlygo/
"
 Great Technical singletrack with tons of tight twists, turns and roots that make a very interesting and fun ride. ",Ben Sizemore Jr.,"January 2, 2015",4.0,Unknown,https://www.singletracks.com/bike-trails/boldlygo/
"
 Trail is very well maintained by Club Scrub and constantly being updated on a weekly basis.  This trail has something for everyone from beginner to expert.  Men women and children ride these trails.  Trails are compacted sugar sand that offer a fast and flowy ride with lots of awesome jumps that also offer bypasses.  If you really want a challenge, Bunker Hill is a super badass expert trail with lots of jumps for the thrill seekers!!  On the weekends there is a manned snack shack with food and drinks including beer!!! This is a state park entrance fee per vehicle is $6 or free of you have the state pass holder card. ",CawCaw,"April 12, 2019",5.0,Unknown,"https://www.singletracks.com/bike-trails/fort-pierce-mountain-bike-trail/,https://www.singletracks.com/bike-trails/camp-murphy-mtb-trails/"
"
 Excellent trail!   It does not have a lot of elevation gain but the climbs it does have are nasty!  Roots and rocks.  Have your act together when ya ride this one. ",Bobby11173,"September 14, 2022",0.0,Unknown,https://www.singletracks.com/bike-trails/graham-swamp/
"
 This trail kicked my butt. I was not prepared for the assents that this trail had. I terribly underestimated Graham Swamp. It also did not help that it was 100 degrees. ",T1ZZL3,"June 30, 2020",4.0,Unknown,https://www.singletracks.com/bike-trails/graham-swamp/
"
 Technical enough to keep you guessing what is next.Very well built and maintained.Mostly all natural features which I prefere.I would rate it in the top 10 in Florida. ",Daniel_Sheets,"January 6, 2020",4.0,Unknown,https://www.singletracks.com/bike-trails/graham-swamp/
"
 Enufycgbb yyngyrf ",TobyThomas,"March 26, 2019",5.0,Unknown,https://www.singletracks.com/bike-trails/graham-swamp/
"
 Fellow pizza & beer seniors: this trail will kick your ass. Less than half is typical Florida, ducking low branches, hopping roots stuff.  Mostly it's relentless steep hills. After a mile I was gasping, walking my bike up half the hill because I couldn't power through, even in granny gear. I loved the skinnies and robust decents...at least those mild enough for my XC bike which exceeded it's 4"" travel numerous times. Have fun but you will be winded. ",Hunu,"March 1, 2019",5.0,Unknown,https://www.singletracks.com/bike-trails/graham-swamp/
"
 Awesome trail, you can ride it every week and never get bored. Perfect if you have solid technical skills or just good judgement to avoid a nasty wreck. Most of the trail has great sprint climbs followed by some short, steep, drops. By far the best trail around, no comparison to the nearby Mala Compra. Ride this if you like a challenge. ",Redfish Reaper,"February 26, 2019",5.0,Unknown,https://www.singletracks.com/bike-trails/graham-swamp/
"
 Trail is riding awesome . ",Buddy Ellmer,"February 26, 2019",5.0,Unknown,https://www.singletracks.com/bike-trails/graham-swamp/
"
 What a great trail.  Just rode it for the second time. Steep drops, tight turns and plenty of hills.  Great for any intermediate rider and above. It's definitely not for kids or the faint at heart.  Rode great all day until the last mammoth jump.  Crashed hard on the right side into my bros bike.  Two bent wheels(his) and one cracked helmet(mine:). Best day riding yet. ",Rmckay,"November 25, 2018",5.0,Unknown,https://www.singletracks.com/bike-trails/graham-swamp/
"
 Little spongy and a little sandy in some spots, but not bad at all. Only bummer is my truck got broken into. ",Seymore Braap,"June 12, 2018",4.0,Unknown,https://www.singletracks.com/bike-trails/graham-swamp/
"
 Great FL mountain bike trail. Volunteer trail crew do great job. ",raggedyedge,"February 6, 2018",5.0,Unknown,https://www.singletracks.com/bike-trails/graham-swamp/
"
 If you're looking for a ride that tests your stamina and riding ability. This is the place to go. Trails are kept in great condition and there are obstacles/jumps at every turn. There is opt- out turns for beginners so don't shy away.  In all one of the best trails in Florida ",ZHutch,"February 5, 2018",5.0,Unknown,https://www.singletracks.com/bike-trails/graham-swamp/
"
 This trail is the hardest overall I've ridden yet! Lots of steep, climbs with roots and rocks but the down hills are great! ",theothermillion,"January 23, 2018",5.0,Unknown,https://www.singletracks.com/bike-trails/graham-swamp/
"
 very technical trail, in my opinion. It will leave you gasping for oxygen, as there is much climbing. Of course climbing is followed by descending which is what makes this trail enjoyable, we went back and did many descents a few times before moving on. It is a long trail but very worth the drive down (from Jax) and the effort needed to ride. Kudos to the crew who keep this trail in shape, great job!! ",1401tim,"January 22, 2018",5.0,Unknown,https://www.singletracks.com/bike-trails/graham-swamp/
"
 Youtube Ride Here: https://www.youtube.com/edit?o=U&video_id=lrAIesZtNNo A great trail for intermediate or advance riders! I would not recommend for a first time MTB adventure. It takes a good amount of endurance and skill. See you there! ",GearGeek,"January 21, 2018",5.0,Unknown,https://www.singletracks.com/bike-trails/graham-swamp/
"
 Very challenging, left us gassed in a few spots but still fun ",Ron Williams,"January 20, 2018",5.0,Unknown,https://www.singletracks.com/bike-trails/graham-swamp/
"
 A nice long track. Lots of steep technical climbs and steep drops. Not a beginner trail. More than likely you will see or hear wildlife. ",Coleslaw180,"January 2, 2018",4.0,Unknown,https://www.singletracks.com/bike-trails/graham-swamp/
"
 This trail is a blast, awesome lines and great spots for some jumps. ",Kenny Argueta,"November 22, 2017",5.0,Unknown,https://www.singletracks.com/bike-trails/graham-swamp/
"
 Update from my last review regarding Hurricane Irma: The trail crew was working on the trail yesterday (all day). Currently, the majority of the trail is open thanks to these hardworking and dedicated individuals. I clocked 6.1 miles of open trail on my GPS today. The crew made a couple modifications around a couple flooded sections, but the trail is clearly marked. You can expect a few muddy sections in the lower half of the trail followed by sand, with immediate uphill climbs; pretty much the norm. Also, next weekend November 18 is Trail Fest; it's going to be a great time for those participating, again thanks to the trail crew. ",null,"November 12, 2017",5.0,Unknown,https://www.singletracks.com/bike-trails/graham-swamp/
"
 I stopped by yesterday to ride Graham Swamp, and I admit it's been a while since I rode this trail. Luckily before riding I met an individual who helped clean up the trail after Hurricane Irma. He told me that only two of the seven mile trail is open... Since I really wanted a longer ride I to went to Mala Compra, which is just a couple miles a way... ",null,"November 2, 2017",5.0,Unknown,https://www.singletracks.com/bike-trails/graham-swamp/
"
 Great trail, at least what I saw of it.  I'm a beginner and ignored all the reviews that said ""not for beginners"".  Turns out, everyone was right.  What I did see of the trail was a ton of fun, but man was it hard.  I'm surprised this is a blue trail. ",Cpt.Gummyworms,"September 3, 2017",5.0,Unknown,https://www.singletracks.com/bike-trails/graham-swamp/
"
 The best mountain biking Florida has to offer. Plenty of places to catch air; it has rock gardens, technical descents, steep/technical climbs, drops, and it all ends with a 20' table top jump. Not for beginners or those without a bit of stamina. It is only 7 miles but they are very tiring 7 miles. Best ridden after a lot of rain. ",Benjumanji,"August 23, 2017",5.0,Unknown,https://www.singletracks.com/bike-trails/graham-swamp/
"
 Used to be 8 miles, but something changed in the trail recently so now its 6.9 miles. Takes me about a 45 minutes to complete. If you are a cycling monster the best time is 35 minutes or so.  This trail will beat the life out of you. Of all the trails in this area this one is the most physically challenging. Make sure your climbing gear works properly. You are gonna need it. Be ready for some rooty drops.
.........................................................................................................................................................................................................................................................................................................................................................................................
Next nearest trail of this caliber is Grapefruit or Santos. But if that's too far there's mala Compra, and Chuck lennon which have some equally challenging parts to it.......................................................................................................................................................................................................................................................................................................................................................................................... There Is confusion as to where the trail head is. The nice parking lot with restrooms is the wrong place. The real trailhead is about a mile north. Its is an orange dirt parking lot with a wood ranch style fence around it.
.........................................................................................................................................................................................................................................................................................................................................................................................
https://goo.gl/maps/tcvLVvFM7Qr
.........................................................................................................................................................................................................................................................................................................................................................................................
Single tracks webmaster please allow text formating so our reviews can be a little easier to read. Dropping line of periods is no fun. Thanks ",Sum Guy,"July 15, 2017",4.0,Unknown,https://www.singletracks.com/bike-trails/graham-swamp/
"
 Trail was soft and the roots were slick due to the rain. ",Kenny Koon,"June 13, 2017",4.0,Unknown,https://www.singletracks.com/bike-trails/graham-swamp/
"
 loved this trail ! Was staying in Daytona and decided to bring my bike to check out Graham Swamp, glad I did. Definitely intermediate with plenty of ""Dangerous Drops"" and lots of quick climbs. Plenty of places to get air, even though I was sucking air due to the rocky, hilly terrain. Anybody who claims there are no mountains in Florida didn't figure that you can make mountains out of molehills, or in Graham Swamp's case, multiple hills ! Beautiful scenery, relatively quick, fun 7 miles....just make sure to park in the Graham Swamp parking lot and not the Lehigh Trails one like I mistakenly did. Doh ! Props to the designer and caretakers. Great trail. ",ridingRandy,"January 15, 2017",4.0,Unknown,https://www.singletracks.com/bike-trails/graham-swamp/
"
 As good as Florida has to offer. ",PinnItYaFairy,"July 24, 2016",5.0,Unknown,https://www.singletracks.com/bike-trails/graham-swamp/
"
 Crazy, awesome trail in FL. No wondering why it's one of the best. Considered myself advanced enough to tackle it, but was sorely mistaken. This trail climbs like crazy, has fun fast drops, and plenty of jumps to get some air time. You'll tackle sugar sand, rocks, and roots on your way up, and then again on your way down.
It's been said a hundred times in these reviews, but let me reiterate--NOT FOR BEGINNERS! It's seven miles long, so if you don't have the intensity to do it, save it in your wish list and train your intervals!
Also, this goes without saying, wear a helmet. You'll go down at least once and you'll be thankful you have it! ",Lycanine,"June 30, 2016",5.0,Unknown,https://www.singletracks.com/bike-trails/graham-swamp/
"
 Fantastic trail. It was quite sandy during my visit. My inexperience lead me to crashing on a downslope from the soft sand. Very fun trail to ride. I had to walk a few steep climbs because it is difficult. A lot of variety to see and experience. I came across two wild hogs. Not sure who was more scared, me or the hog. He took off much faster than me. ",tylerthehuman,"June 29, 2016",5.0,Unknown,https://www.singletracks.com/bike-trails/graham-swamp/
"
 As Good As It Gets for Florida ",PinnItYaFairy,"June 21, 2016",5.0,Unknown,https://www.singletracks.com/bike-trails/graham-swamp/
"
 Great trail. Lot's of sand, ups and downs, rock obstacles and drop offs. If you're in the area, this one is worth riding! First time there, so I took it slow and easy. Many short, steep climbs, but nothing more than 20 yds or so. They will sneak up on you around a blind turn and if you don't have momentum, it'll be hard to complete the climb (I walked a couple...). Some really steep drops which usually go up the other side of a shallow valley. Several obstacles have an easier route to avoid the more technical stuff. And did I mention the sand? Perfect trail for fat tire or regualar or plus 29, plus 650B. Riders with good balance (Trials) or those seeking challenging drops and air time, ride here! I'll go again next time in the area! ",amercycprod,"June 3, 2016",5.0,Unknown,https://www.singletracks.com/bike-trails/graham-swamp/
"
 Was very surprised!  Loved this trail and it was a blast to ride!  some nice little hills considering it was close to the coast!  Best trail I rode that week while I was down on vacation. ",bboehman,"May 23, 2016",5.0,Unknown,https://www.singletracks.com/bike-trails/graham-swamp/
"
 Super fun, best trail in NE FL ",mlombar17,"May 10, 2016",5.0,Unknown,https://www.singletracks.com/bike-trails/graham-swamp/
"
 This place is awesome.  Very challenging.  A lot of elevation change.  I live in JAX and its well worth the hour drive. ",speedliner,"April 24, 2016",5.0,Unknown,https://www.singletracks.com/bike-trails/graham-swamp/
"
 Great trail!   Love the mini climbes.  Plenty of jumps.  Some bridges and drops.  Not for beginners.   It's one of those trails you can't just do one loop.  I had to do another.  Who knew palm coast would have 2 of the best trails in Florida. ",kmb5010,"April 19, 2016",5.0,Unknown,https://www.singletracks.com/bike-trails/graham-swamp/
"
 One of the very best trails of florida, however not for the beginner. I would rate it right behind Alafia, above Santos. Plenty of opportunity to get air, plenty of technical climbs and super fun flowy sections. Worth the drive from anywhere in Florida. The loop is about 7 miles so make sure you have enough juice if you are going for your 2nd or 3rd or 8th lap. Or you can pair it up with Mala Compra for a real fun day of riding. ",thisguyandhisbike,"April 12, 2016",5.0,Unknown,https://www.singletracks.com/bike-trails/graham-swamp/
"
 Awesome trail!! Very fun and challenging and perfect length. Took me just over an hour to complete. I'm no pro but I didn't rest much. ",coachhomer,"April 8, 2016",5.0,Unknown,https://www.singletracks.com/bike-trails/graham-swamp/
"
 The fun starts immediately at the ""Enter Here"" gate and doesn't end until the ""Exit Here"" gate.   Santos and Alafia will outshine this trail just by the sheer amount of miles they have to offer.  That said, they sure don't pack any more punch per mile.   This is not a beginner trail; very challenging without being discouraging.  Lots of drops, short sweeping downhills and steep climbs.   A good mixture of technical features...........natural and man made.   Had a blast and will return.  My nominee for ""Best MTB Trail Below Sea Level"".
Bathroom facilities can be found less than a half a mile away at the Lehigh Trail (paved) TH. ",Hap Proctor,"February 19, 2016",5.0,Unknown,https://www.singletracks.com/bike-trails/graham-swamp/
"
 Definitely not for the beginner. Most advanced trail I've ridden in Florida. The climbs and drops are steep and plentiful. Beautiful trail, well put together. Fitness and skill are a must. ",Lando_Griffin,"February 14, 2016",5.0,Unknown,https://www.singletracks.com/bike-trails/graham-swamp/
"
 A top trail for Florida. Not a beginner trail. This trail is for riders who want a challenge. It is 6.4 miles long. There are gap jumps, 20' tabletop, rock gardens, bridges, and sand traps. ",PinnItYaFairy,"January 2, 2016",5.0,Unknown,https://www.singletracks.com/bike-trails/graham-swamp/
"
 This is sadly the dirt trail I have ever been on about a year ago with my cycle cross bike and it was very hard. Since then I have gotten in to the apart because of this trail.  It my favorite trail next to santos.  It's got some nice short downhill and some harder features that are always a fun way to test yourself.  Another good trail to checkout while your there is Mala Compra on A1A. ",tyty25,"December 5, 2015",5.0,Unknown,https://www.singletracks.com/bike-trails/graham-swamp/
"
 Great trail for skilled riders. One of the top ten trails of Florida. I love the big jumps. ",PinnItYaFairy,"October 28, 2015",5.0,Unknown,https://www.singletracks.com/bike-trails/graham-swamp/
"
 Awesome well maintainted park ! Long hard  climbs but the pay-off is always worth it!  Nice lil pump track  .  Will be back ! ",birdbomber,"September 8, 2015",5.0,Unknown,https://www.singletracks.com/bike-trails/graham-swamp/
"
 Best trail in Flagler Co. ",PinnItYaFairy,"August 7, 2015",5.0,Unknown,https://www.singletracks.com/bike-trails/graham-swamp/
"
 One of Florida's best trails. NOT #30 ",PinnItYaFairy,"August 5, 2015",5.0,Unknown,https://www.singletracks.com/bike-trails/graham-swamp/
"
 Love this trail, it flows great, and there are some nice drops and jumps. Its main drawback is the sugar sand that is so common in Florida. During the summer the rain keeps the sand fairly well compacted, however, in the winter (when it is the best time to ride in FL) the sand seems to be everywhere. The trail is excellently maintained and is frequently improved, all in all a great ride. ",scabbydog,"May 24, 2015",4.0,Unknown,https://www.singletracks.com/bike-trails/graham-swamp/
"
 Dry hot and a ton of sugar sand. A few fun parts and nice folks on the trail. I'll be back after a good rain to see if it helps with the sand issues. ",coastiebrad,"May 16, 2015",3.0,Unknown,https://www.singletracks.com/bike-trails/graham-swamp/
"
 Great trail with lots of climbs and nice drops. Good flowing trail and scenery. intermediate to advance riding. some sandy sections overall not bad .Will definitely go again ",johnc123,"January 16, 2015",5.0,Unknown,https://www.singletracks.com/bike-trails/graham-swamp/
"
 Went a day after it rained and found the trail to be fast with a lot of flow.   Still a lot of roots but that's almost everywhere in FL.  Trail builders did a great job maximizing what the terrain has to offer.   Lots of short climbs and some big drops with roots and rock obstacles along the way.  Overall a fun trail nothing like it in FL that I have been to.   Hope they keep improving the trail and add more mileage. ",jff723,"December 4, 2014",4.0,Unknown,https://www.singletracks.com/bike-trails/graham-swamp/
"
 First time here and I wish I would've waited for there to have beenore rain.
Way too much loose sandy areas right now in critical areas.  Compare it to riding on the beach  above the packed water line.
Needs a few more trail markings for direction, not all of us ride here every week.  Not all was lost though  -  Texhnical areas are very nice and well thought out. Nice covering and in the pine and oak groves the trail is packed and fast. Worth a shot again, but I'll wait until there has been a few good days of rain to pack it all in.  If it was packed it would be a solid 4 bordering 5. ",Doc66,"July 2, 2014",3.0,Unknown,https://www.singletracks.com/bike-trails/graham-swamp/
"
 I don't know how to rate a trail when I am so inexperienced.  I am a beginner at trail riding but I know how to ride a bike well just not on crazy terrain.   The trail is well marked.  It has some nice jumps as well as some nice banks right in the beginning. The soft sand made it a bit difficult for me as well as the sharp ascends littered with roots.  I actually had to get off of the trail about 15 minutes in because it was to difficult for me and I felt as though I was going to have a heart attack. My 19 year old son and 13 year old son really enjoyed it.  I thought the area was neat and I hope to be able to tackle this trail soon.  I did almost kill myself on 2 occasions, but again I'm a beginner. ",Todd Maure Sr.,"May 20, 2014",4.0,Unknown,https://www.singletracks.com/bike-trails/graham-swamp/
"
 Even though I give it a 3, it is my favorite semi-local local trail. I ride it as often as I can. The trail is decently maintained by a crew of locals. Beware, if you have been here before, watch for changes in the technicals. They completely modified a jump a couple of months ago which seemed to lend itself to more fixed gear jumpers than MTB. The trail has a great variety of terrain and vegetation. One minute you are in  scrub, the next swamp, the next on a ridge of pines, and then into a grove of oaks. The trail has great visibility, and bout 5 decent drops. The trail can become very sandy very quickly after three days of no rain. I usually try to ride it the day of rain or soon after for the best grip. There are a few slippery root sections when wet. Just as an FYI, if you see a huge cable on the ground, it is the remains of a dump line that ran from a cement plant that was across the road from 1955 to 1965. They used to dump all of the refuse coquina and shells dug from the quarry, thus the coquina and shell mounds you see throughout the swamp. The plant dumped the stuff there in the swamp, and after it shut down, 40 years later you have trees and hills for us to ride. ",madmanwithabike,"March 20, 2014",3.0,Unknown,https://www.singletracks.com/bike-trails/graham-swamp/
"
 1st time ride with a group of mixed bag of riding styles. We even had a trial bike rider(rode on his reg bike though). I really loved this trail. It's got it all. Tech sections, nice climbs, a few tight switchbacks, nice drops, flowy sections n twisty singletrack. We rode a day after 3days of steady rain n it drains perfect. Not a beginners trail. Probably a handful to ride during dry season. God willing we'll be back sooner than later. Kudos to the trail volunteers! ",JMDELVAL11,"February 10, 2014",4.0,Unknown,https://www.singletracks.com/bike-trails/graham-swamp/
"
 There is no other trail in the  area like Graham Swamp.There are different ecosystems that provide for different trail conditions. You will encounter loose sand hill, mixed forests, and wet swamp. In the morning hours I  have encountered white tailed deer, armadillos, squirrels, raccoons, snakes, and hogs. There is lots of elevation changes along the trail with steep technical climbs and descents. This trail requires aggressive riding off the saddle and good endurance to get through some sections.   
Plan on making the trip after a good rain to compact the sand. ",fisher_rider04,"January 9, 2014",4.0,Unknown,https://www.singletracks.com/bike-trails/graham-swamp/
"
 I've loved Graham Swamp for 6  years now! It's got everything you need--descents, climbs, ladders, tight turns, roots, rocks packaged into 6.6 miles of fun. You get a workout from the very beginning and the first 1.5 miles will get you winded. There are go arounds on some of the tougher sections for beginner riders. I wouldn't call this a beginner trail though so proceed with caution (: But keep riding this trail and it will make any other trail in the area seem like a piece of cake. Haven't been here in a while? Come check it out with some new sections that have been built. This trail just keeps evolving with all the hard work that is put into it by a very small group of trailbuilders (if you ever see them, give them a thumbs up!). The city just built a new, paved parking lot with super clean bathrooms about 1/2 mile south of the original trailhead so you can get an extra mile out and back if you choose. I feel blessed to live 1/2 hour riding distance from ""the swamp"". Make sure you go to Facebook and like their page called Graham Swamp Trail Crew! Enjoy and keep on riding! ",puglieseme,"January 9, 2014",5.0,Unknown,https://www.singletracks.com/bike-trails/graham-swamp/
"
",robroy1031,"May 25, 2013",0.0,Unknown,https://www.singletracks.com/bike-trails/graham-swamp/
"
 5140 Colbert rd not the easiest trailhead to find. ",dingdangit,"March 25, 2013",3.0,Unknown,https://www.singletracks.com/bike-trails/graham-swamp/
"
 Great trail. Lot of ups and downs, switch backs and technical sections. One bad thing was the loose sand. Made climbing a little difficult in some sections. Overall great trail. Look forward to riding again. Keep up the great work. ",VinnCecil,"February 3, 2013",4.0,Unknown,https://www.singletracks.com/bike-trails/graham-swamp/
"
 This trail is a great aerobic workout and has a lot of potential. Fun layout, some nice features with a few drops, long steep ramps, tricky rock overs and a nice skinny air bridge. The soft sand can be difficult at times, especially on the climbs, at the bottom of a descent or even some of the drop landing zones, but it just adds to the challenge. Swamp Boss Mickey is very hospitable and doing a great job at leading Graham Swamp's development. Look forward to returning soon. ",krow272,"January 31, 2013",3.0,Unknown,https://www.singletracks.com/bike-trails/graham-swamp/
"
 Pretty nice trail, fun and fast, but short and not very difficult. Definitely worth the ride anytime you're driving by. ",GoKite5,"January 23, 2013",3.0,Unknown,https://www.singletracks.com/bike-trails/graham-swamp/
"
 I LOVE THIS TRAIL! I admit that the first time I rode ""The Swamp"" I hated it.  I was a fresh new rider with no experience going up hill.  After my third visit I was hooked!  Fun climbs, jumps, drops, rock gardens, switch backs, berms, and plenty of beautiful forest to get lost in.  I frequently see deer and wild pigs at this trail.  You will not be sorry you have The Swamp and ride.   Tip: When you get to the end for the big drop don't touch the brakes!  Cheers!! ",,"January 18, 2013",5.0,Unknown,https://www.singletracks.com/bike-trails/graham-swamp/
"
 The trail is in great shape.  Give it a ride! ",,"October 21, 2012",5.0,Unknown,https://www.singletracks.com/bike-trails/graham-swamp/
"
 Great trail! Someone really does a good job of keeping it up! Thank you! For Florida this trail has lots of different challenges and experiences! Sand, mud, hills, rocks, jumps, fast single track, technical drops and inclines etc... I may rode the same trail by accident a few times, it's easy to get turned around in the back section. My bike computer clocked 8miles. The really technical section are well marked with easy pass by's if you don't want to try them. It was a great ride I will be back! ",robkiser,"October 19, 2012",5.0,Unknown,https://www.singletracks.com/bike-trails/graham-swamp/
"
 This was a fun trail, with some tough climbs and manmade features.  They don't call it Graham ""Swamp"" for nothing though, sugar sand when it's dry, and mud and standing water in sections after it rains.  It would be really good if they rerouted some stuff to avoid the sand pits and low spots. Stick to the high section and make some rollers along the side of the hill instead of taking you straight down the hill into the bad soils.  I thought it was a good park, overall, but could be better. ",dcluley,"October 9, 2012",4.0,Unknown,https://www.singletracks.com/bike-trails/graham-swamp/
"
 Graham's MTB trail  l would have to say is one hella fun  trail system! And this trail is an upper intimidate trail, with good obstacles that makes this place not beginner friendly at all.  There's a few rock obstacles l would say are advanced for sure. Would of never guessed there would be a trail like this on the east coast of Florida! So without a doubt if your in the area, try this little gem of a trail out, you won't be disappointed! ",Peresite70,"September 30, 2012",5.0,Unknown,https://www.singletracks.com/bike-trails/graham-swamp/
"
 Great trail ride, especially if the conditions are right. Which means, you need a little rain to pack down some of the sugar sand, makes the uphill climbs tough. Lots of climbs and short downhills, few logs to jump, a few spots to pick up some speed. Also has a nature trail that crosses the bike trail in several spots; I use this trail with my 9 year old son, has a few elements but easy, helps get him started before we attack the second half of the bike trail. Haven't seen them yet, but rattlesnake sitings are common. ",swaterman13,"August 1, 2012",4.0,Unknown,https://www.singletracks.com/bike-trails/graham-swamp/
"
 We hit it just right: the morning after a nice rain.  The trail was in great shape, and just a blast.  We could definitely see how dry weather could turn a great experience into a really bad one!  Learned abut Mala Campra from a local, and I have to say that I now prefer it to Graham Swamp.  Nevertheless, had a great time and I look forward to going back....but only if the weather is right! ",suppo165,"July 13, 2012",4.0,Unknown,https://www.singletracks.com/bike-trails/graham-swamp/
"
 Trail is riding great.  We rode Easter morning and only saw one other rider all morning.  We did a reverse lap since it was uncrowded and really enjoyed the feel of riding something ""new"".  It was very reminiscent of the early years of Graham Swamp MTB Trail.  There were a few sandy areas, to be expected here, did not have any problems with that since I run 2.55 tires.  Trail is in great shape with worn sections receiving some much needed armoring, thanks Mickey, Mike and all!!  Once we get some steady rains, the trail will be off the hook! Trail is a 5 when we have had some rain, and a 4 when it is dry. *EDIT*  Trail Crew website:
http://www.grahamswampmtb.com/Welcome.html* Review edited 4/10/2012 ",Numb_Bum,"April 9, 2012",5.0,Unknown,https://www.singletracks.com/bike-trails/graham-swamp/
"
 WOW, well maintained, a bit sandy at times. Not for the beginner like myself, ended up going backwards, made someone a little irked. but it was awesome, can't wait to go back!! ",czechmate76,"April 3, 2012",5.0,Unknown,https://www.singletracks.com/bike-trails/graham-swamp/
"
 Super fun and well maintained.  Can't wait to return!   ",Marfin,"March 2, 2012",4.0,Unknown,https://www.singletracks.com/bike-trails/graham-swamp/
"
 If a bmx track and a sandbox ever had a baby it would be Graham Swamp. Really exciting trail though very sandy in some places. The crew takes great care of this place though and has added to the jumps making this a terrific place to get an adrenaline fix.   ",rbrtsims5,"February 10, 2012",5.0,Unknown,https://www.singletracks.com/bike-trails/graham-swamp/
"
 Great trail! Different terrain around every turn. Everything from rock gardens , big jumps, tech sections. Best ride is after a good rain though for sure. Gets sandy when its dry out. ",,"February 7, 2012",5.0,Unknown,https://www.singletracks.com/bike-trails/graham-swamp/
"
 Very flowy and turny with lots of option lines for small drops up to 3', as well as slow technical rock features.  Finish off with an awesome wooden roll in to hone your tricks on a big table top. ",hillary810,"January 23, 2012",5.0,Unknown,https://www.singletracks.com/bike-trails/graham-swamp/
"
 This trail is incredibly exciting and full of fun surprises. I rode solo the other morning, but could see spending several hours with some buddies just playing with some of the great features here. Definitely a lot of sand to slow down the flow, but the climbs are fun, and the obstacles make up for it. Will definitely return asap.  ",Robchase,"January 9, 2012",5.0,Unknown,https://www.singletracks.com/bike-trails/graham-swamp/
"
 Best trail in north of I-4 BY FAR IMO. Been to San Felasco and Santos and this trail is overall more fun to me. Those are both great places to ride and put miles in, but Graham Swamp is more like a 6 mile BMX track on steroids! NOT the place to bring the wife for a mellow day of riding! ",jeffrey_j,"December 31, 2011",5.0,Unknown,https://www.singletracks.com/bike-trails/graham-swamp/
"
 Lots of fun, well maintained with endless potential.  The crew is constantly updating it, and theres something for every level of experience.  Only downside is lots of soft sand that interrupt the flow a bit, but all in all its an intermediate 5 star.  ",Paragon1,"November 27, 2011",5.0,Unknown,https://www.singletracks.com/bike-trails/graham-swamp/
"
 Rode the trail this past Sunday with a few of the locals and WHAT A BLAST IT WAS! Half of my reason for riding mountain bikes is to stay in shape... this trail is perfect for cardio and fun! There are some section with sand but that is part of the challenges of riding, right!? It flows better than a lot of other technical trails I have ridden. The big roll ins and jumps at the end are a total blast!!!!!! ",Screamin_Seaman,"November 7, 2011",5.0,Unknown,https://www.singletracks.com/bike-trails/graham-swamp/
"
 Awesome trail. For a 6.5  mile trail, this is one of the best trails in Florida. Lot of fun stuff through out the whole trail, jumps, drops, rock garden and super cool. A little sandy at times, but after a rain this trail is the best!* Review edited 11/6/2011 ",DoubleUp,"November 7, 2011",5.0,Unknown,https://www.singletracks.com/bike-trails/graham-swamp/
"
 Should be called Sandy Swamp! 6ish mile trail with tons of sand..more than anything in the area. When not sand on trail, is thick with pine needles. Overall its a bit of a challenge, but only because of the soft ground. You will get a workout. There are some steep rocky climbs that can be learned. Scenery is ok and view of trail is quite good. No surprises except for the 20ft Big Drop at the very end. There should be a sign for this before you tumble down the slope like I did the first time. Managed to tame it after repeated attempts but it is intimidating even for intermediate riders. ",Wryfox,"November 1, 2011",3.0,Unknown,https://www.singletracks.com/bike-trails/graham-swamp/
"
 Awesome trail, tons of downhill with some super tech stuff and a nice rock garden section. I'll being riding here many times to come. ",Cockefair,"October 7, 2011",5.0,Unknown,https://www.singletracks.com/bike-trails/graham-swamp/
"
 This was the first real mountain bike trail I had ridden and even though I thought I was in good shape it nearly beat me!  I have since been riding here 1-2 times a week and love it!  I have found the Swamp to be a great trail that allows you to continue challenging yourself each ride and has taught me the skills needed to ride any trail at Santos or Alafia.  It does get a bit loose and sandy but if you're not up for a challenge then why ride?  Overall, great ride, great workout, great trail! ",Felt620,"April 20, 2011",5.0,Unknown,https://www.singletracks.com/bike-trails/graham-swamp/
"
 Great trail!  The sand on the climbs could make this the toughest 6 miles in north Florida.  There is a lot of up and down that you would not expect in Florida.  This is one of my favorite trails.  Trail is well maintained and loads of fun, great after some rainy days.   ",tyonkers,"April 4, 2011",5.0,Unknown,https://www.singletracks.com/bike-trails/graham-swamp/
"
 I have rode this trail multiple times and it can be a little sandy at times there are some fast areas and some technical sections it is a good trail. Over all it is a good trail for a couple hour ride a lot of improvement for the better has taken place recently.
Update:
With the rain in the past couple of weeks the trail is very well packed Yesterday I had no problem with sand was very fast!! It also has a neew table top build over fallon log that rocks!!* Review edited 7/12/2011* Review edited 7/12/2011 ",jake1,"March 24, 2011",4.0,Unknown,https://www.singletracks.com/bike-trails/graham-swamp/
"
 wow this place was awesome. very versatile and really tests your endurance for the first few miles. climbs were brutal as the ground was a little loose but the trail was so fun it didnt matter. small stunt sections, good downhill lines, lots of jumps scattered throughout the entire 6 miles. all in all a great FL trail. ",sevendaysoff,"December 20, 2010",4.0,Unknown,https://www.singletracks.com/bike-trails/graham-swamp/
"
 just rode the swamp. i am a beginner mountain biker but grew up racing bmx. i loved this trail. you could choose the line for your skill level and is a fun trail. great little climbs and some nice downs hills and the course is maintained really well ",fishboy4505,"December 9, 2010",5.0,Unknown,https://www.singletracks.com/bike-trails/graham-swamp/
"
 Yesturday was the first time I road the Swamp and before going I had this idea that my skill level wouldn't be up for the Swamp. I couldn't be more wrong. This is a awesome trail. It has stuff for all skill level. I am going to ride it again today.  ",ajwhited71,"November 23, 2010",5.0,Unknown,https://www.singletracks.com/bike-trails/graham-swamp/
"
 Just rode this trail for the second time which was much better than the first.  There was so much sugar sand the first time that it was almost impossible to enjoy the ride.  Waited for a good hard rain to pack the sand before my second ride which made it much better.  It will work you out and test your skills.  Only went over my handle bars once in some soft sand with big roots.  About a 40 miles drive for me but I will be back to ride again and will hope it rains good first! ",kevprides,"October 3, 2010",4.0,Unknown,https://www.singletracks.com/bike-trails/graham-swamp/
"
 According to the map the entrance is off Colbert Lane.  We went in by a park entrance on Old Kings Rd and didn't find anything more than a half mile loop around a pond!  Evidently the side we went in on doesn't connect to the good part, or at least we never found it.  I wish this page was around four years ago when I went  =( . ",markcamaro88,"March 9, 2010",4.0,Unknown,https://www.singletracks.com/bike-trails/graham-swamp/
"
 What an awesome surprise!!  Came down on vacation with my buddy and we did not expect the drops and elevations we found here.  Great trails built by bikers, got to love that!! ",eastwood,"February 22, 2010",5.0,Unknown,https://www.singletracks.com/bike-trails/graham-swamp/
"
 I ride this trail atleast 3 days a week. It is an awesome workout and is a great trail that is up kept by great people. I would not say that it is for the beginner or for anyone that is looking for a smooth flat ride. Because the swamp is very much the opposite. This trail is heavy with the up's and downs and thrives on massive amounts of switchbacks... you will be doing  alot of 180's out here! It is  afun ride and an even better workout ",Mattgarrett,"January 30, 2010",3.0,Unknown,https://www.singletracks.com/bike-trails/graham-swamp/
"
 Well I just purchased a new bike and I happen to live close to this trail. I was pleasantly suprized that florida had such nice trails. I have now been out there 3 times in the last week or so. it is quite challenging and I am quite happy I have full suspension to help with the roots and bumps. this trail has it all and will work you out good. if your in good shape you can run through it in about an hour but you will be tired out. many guys will do a couple laps around the trail. it is one of the best trails anywhere near us outside of ocala which is about an hour drive away.  ",IRONHEAD1,"December 27, 2009",4.0,Unknown,https://www.singletracks.com/bike-trails/graham-swamp/
"
 I am also biased as I ride this trail often.  It may seem short at 6.5 miles but it is a great workout!  It's got a little bit of everything - jumps, short steep descents/climbs, technical rocky sections, roots, wooden ladders, sandy sections.  Excellent training terrain to test all your skills.  The gnarly stuff can be avoided with the ""approved"" go-arounds.  On occasion you can enjoy seeing an armadillo, turtle, or even a wild boar.  As far as the sand goes.....the more you ride it, the more you get used to it.  Why would anyone want this trail to be too easy to ride?  Just make sure you have a sturdy bike and pedal hard so that you have enough momentum to carry you through the sand.  After a good rain, the sandy sections are almost non-existent as the trail has the amazing ability to groom itself.  Feel winded?  That is the swamp doing its work!   Now go home and feel good about yourself! ",puglieseme,"December 1, 2009",5.0,Unknown,https://www.singletracks.com/bike-trails/graham-swamp/
"
 This trail rocks!  You have plenty of variety out here.  Good rocky descents, nice climbs, several jumps, tight switchbacks, skinnies, you name it, you have it out here.  The first half mile is pumped full of action.  A few doubles, a couple nice drops, small tabletop, etc.  This is an intermediate level trail and would be great for anyone who wants to get better and hone their skills.  There are several technical areas which all have ride arounds for beginners.  Some soft sand out here but really not that much, not as much as you might think and not enough to hurt the trail.  The first few times riding may take an hour to complete maybe a bit more.  After riding for a while it's a good 45 minute ride.  The more you ride, the better it gets.  Lots of fun!   Major, major, props to the guys who work on this place.  Always out there adding things or tightening things up.  If you ride this trail, stop by the local bike shops to buy a Graham Swamp calendar ($10.00, or donate more) to help fund the work.  If you're in the area put this on your ride list.   * Review edited 2/2/2010 ",joetutt,"November 29, 2009",5.0,Unknown,https://www.singletracks.com/bike-trails/graham-swamp/
"
 This trail will work you out.  Very decent jumps to start out then comes the problem the first mile you are either climbing sand or going down into sand.  After you get past the first mile or so it actually becomes a pretty decent trail.  I will swing by again for another work out.  Who needs a stairclimber with trails like this. ",rpferry@comcast.net,"October 23, 2009",3.0,Unknown,https://www.singletracks.com/bike-trails/graham-swamp/
"
 I think this trail is awesome. It's 6 miles of jumps, hill climbs, logs, rock sections and a lot of twisting and turning. All obstacles can be avoided if you choose. I hear some people don't like how sandy it is in sections. All in all it's a great workout and some things out there will make you think twice before hitting them. If you can't take a little sand. Come out after a good rain. * Review edited 3/30/2009* Review edited 7/3/2009 ",auratone25,"March 30, 2009",5.0,Unknown,https://www.singletracks.com/bike-trails/graham-swamp/
"
 LOTS OF SAND!!!  Somre pretty steep climbs, IN SAND.  Had to push the bikes up alot of the climbs.  Nice elevation changes and some decent downhills.  Would be a lot better if it wasn't for all the SAND!!!  ",bluemistic,"April 28, 2008",3.0,Unknown,https://www.singletracks.com/bike-trails/graham-swamp/
"
 The trail is short only 6.5 miles. But this trail has it all, short downhill drops, steep climbs, a few obsticales to climb over, and rocks to ride over. This trail is a lot of fun. When dry it may have a lot of loose sand spots.  ",jalford32765,"September 3, 2007",4.0,Unknown,https://www.singletracks.com/bike-trails/graham-swamp/
"
 I am somewhat biased as my friends and I have been working on this trail for the last 4+ years.  The trail is currently running 6.35 miles of tasty goodness, but that was not always the case.  Half of the trail was lost in early 2006 due to some timber harvesting.  Then to compound the devastating trail loss, we had one of the worst droughts in recent history.  So needless to say, there was a lot of sugar sand.  However, the torn up sections have been rerouted and are now finally getting packed from rain and usage.  In my opinion the trail is better than ever and makes better use of the topography than it did before the reroute. With permission from Flagler County Parks and Recreation as well as St. Johns River Water Management District we have made the trail into one continuous loop that meanders through hilly upland forest that is on the edge of Graham Swamp. There are many downhill to uphill sections where speed is the key, especially in the summer.  To go with the fun hills there are several technical rock sections as well as a challenging ground level skinny-to-rock-to-skinny section named ""T-Rex"".  At all of the trail challenges, there are ride-arounds.  I would rate this trail as an intermediate level trail that will give you a good indication of you fitness level.  If you can ride this trail comfortably with minimal dabs, then you should have no problem tackling the Vortex Loop at Santos or Hardrock with their eternally packed surfaces.  Trail signage is coming soon as well as a possible kiosk with map and directions.  Please ignore the red and blue paint blazes littered throughout the trail; some crazy person keeps painting out there.  The official trail markings will be on sign posts.   Come on out and give this trail a go while the Florida riding season is in full swing.  Once summer hits, this trail can be brutal. Recommended route:  Head south from parking lot to trail access point on south fence where the bike sign is.  The trail will meander around clockwise and dump you back into the north side of the parking lot.* Review edited 1/10/2007 ",Numb_Bum,"January 10, 2007",4.0,Unknown,https://www.singletracks.com/bike-trails/graham-swamp/
"
 Great Workout. Tough climbs. Some technical parts in middle of the trail and some fast riding also. Sandy when in the dry season. Watch out for the boar and alligators. Remember you are in a swamp.  ",Douglas,"September 3, 2006",4.0,Unknown,https://www.singletracks.com/bike-trails/graham-swamp/
"
 I won't be going back to this trail anytime soon my son agrees. Almost all of the trail is soft sugar sand and off camber, and covered with pine straw and leaves or both. I had to hike most of the trail and I have been rideing for 25 years. If I had hikeing boots and my staffs I would have enjoyed this trail a lot more than rideing it. Decents and acents were impossible to negotiate because of all of the 6 inch deep sugar sand. I went over the handle bars on the first  decent because of the soft sand. The first 3 or 4 miles of the trail goes through a partialy clear cut area that is not easy on the eyes or the rider & bike. I got a little easier on the backside of the loop and a lot more senic. I couldn't wait untill this ride was over. This trail would be fine for a strenous hike.   ",muddog15,"May 7, 2006",1.0,Unknown,https://www.singletracks.com/bike-trails/graham-swamp/
"
 This is probably the best riding in the Volusia-Flagler area, not a huge area but enough to get 4-5 miles in one pass of the ""loop"". Whoever laid out the trails did a great job cramming in an additional mile or so with all the extra switchbacks & curves, and the unusual terrain is definitely taken advantage of.
There are hills here, Florida hills, but more than you might expect to see this close to the beach.  A big bonus is that there is very little of the sugar sand that you normally find around here, since these trails are actually on some hills that are completely covered with trees (this means LOTS of leaves/pineneedles covering the ground).  These hills also seem to have once been the site of some major coquina quarrying of some sort, so many places actually have very rocky ground.  Because some very determined people have put in a lot of time making these trails, you get a good workout over a nice variety of terrain.  There are a few spots where you can tell riders have ""improved"" the area to work on some more technical riding, and if you want some pretty big downhill jumps you don't have to go far from the parking lot. If you live anywhere within an hour or so, do yourself a favor and at least check this place out once.  I'd say that regulars at the New Smyrna trails should even give this place a try, I've ridden both place and it's hard to say, but I think Grahm's Swamp get's my vote as the better riding experience. Beware of the wildlife, I've almost stepped on a rattlesnake out here.  Recently there has been some paintball activity on the weekends, so look out for them too! ",tcs,"April 30, 2004",3.0,Unknown,https://www.singletracks.com/bike-trails/graham-swamp/
"
 Excellent experience. Slightly wet when I went in April. Can be very slippery. Very well marked trails. Will return. ",HydroMTB,"May 10, 2020",5.0,Unknown,https://www.singletracks.com/bike-trails/chuck-lennon-park/
"
 Enjoyed- ",sunnysmiles,"March 21, 2020",5.0,Unknown,https://www.singletracks.com/bike-trails/chuck-lennon-park/
"
 Very well built,marked and maintained trails.A few trails in the system my ages 7,8 & 10 grandkids can ride.The expert section is very technical. ",Daniel_Sheets,"January 6, 2020",5.0,Unknown,https://www.singletracks.com/bike-trails/chuck-lennon-park/
"
 A challenge for all skill levels, Chuck Lennon has great variety.  Trails very well maintained, awesome place to ride your bike. ",mlombar17,"January 26, 2019",5.0,Unknown,https://www.singletracks.com/bike-trails/chuck-lennon-park/
"
 Compact intense trails that keep you on your toes and pumping. New trail ""Awesome Possum"" is the hardest of the blue trails by far with roller coaster climbing and flowing sections. It is still new and needing packing as of August 2018. ",Giggamyte,"August 31, 2018",5.0,Unknown,https://www.singletracks.com/bike-trails/chuck-lennon-park/
"
 Great trail system! Has a lot to offer from beginner trails to advanced.  Even has a small section with some dirt jumps.  Worth a visit for sure! We make a video of one of the advanced trials if interested.  https://www.youtube.com/channel/UCHvx3qbzyLzd_r0NhDbOFig?view_as=subscriber ",TrailRidersMTB,"May 21, 2018",0.0,Unknown,https://www.singletracks.com/bike-trails/chuck-lennon-park/
"
 Great Trails.  The best marked trails I have seen so far.  Some nice drops and challenges for a beginner and above. ",Alan Sylvester,"March 8, 2018",0.0,Unknown,https://www.singletracks.com/bike-trails/chuck-lennon-park/
"
 Very nice place has everything from beginners to advance riders features. Even tho the easy trail is mostly flat it has some very awesome challenges, definitely will be back. ",jmalagon,"August 25, 2017",5.0,Unknown,https://www.singletracks.com/bike-trails/chuck-lennon-park/
"
 In the chuck lennon trail this is one of the most challenging trails, but overall it's not that hard for experienced riders. The stairs and the skinny at the beginning are the hardest parts for most.  Several large roots to hop over. A few wooden bridges that have a nice roll to them. There are a few climbs even the best riders sometimes cant make it up, but otherwise this is a fun 1 and half mile loop. ",Sum Guy,"April 8, 2017",5.0,Wild Turkey,https://www.singletracks.com/bike-trails/chuck-lennon-park/
"
 Screaming hawk easy but not beginner, Racoon run had several roots hanging out about ankle level you have to watch for. Both trails very nice. Area and nearby state park also very nice. ",Alvin Mullen,"November 28, 2016",4.0,Unknown,https://www.singletracks.com/bike-trails/chuck-lennon-park/
"
 All trails INCLUDING RED PANTHER IS OPEN YEAHH ",Carey Scarda Hanekamp,"October 24, 2016",5.0,Unknown,https://www.singletracks.com/bike-trails/chuck-lennon-park/
"
 THANK YOU TRAIL CREW VOLUNTEERS for the hard work. Hoot Owl is open, Wild Turkey is open,  Screaming Hawk is open...Red Panther closed- tree crushed a bridge, ...Racoon Run needs a little more clean up work but the bulk seems to be done. Congrats on a succesful effort. ",GOPEDAL,"October 23, 2016",5.0,Unknown,https://www.singletracks.com/bike-trails/chuck-lennon-park/
"
 Only Screaming Hawk trail is open after Hurricane Matthew. Trail is in great condition, packed hard from all the rain. ",GOPEDAL,"October 22, 2016",5.0,Unknown,https://www.singletracks.com/bike-trails/chuck-lennon-park/
"
 This is probably one of the best trails around beats Malacompra ground swamp Hannah Park and all others around us St. John's And Flagler area biking this trail is one of the best trails if not the best I have ever written in there is many hills, switchbacks.  Sadly I went today October 10 and the trails did not look rideable I did not even try to go into any of the trails due to the horrible trees fell down because of the hurricane Matthew and heavy rain as you know the park has many hills which has water to move fast you could see just from the outside the whole skills area at the entrance to the park is completely Abandand looking and I called Volusia County recreational and parks and they said it should be open in the next five months but before that please do not go you'll waste your time I really hope this trail  comes back  a lot please volunteer with SORBA JAX AND FLAGLER AREA BIKING ",Carey Scarda Hanekamp,"October 11, 2016",5.0,Unknown,https://www.singletracks.com/bike-trails/chuck-lennon-park/
"
 Trail system is relatively short but a fun ride none the less. Trail features a lot of short ups and downs, some tight switch backs and a few small drops/ obstacles. ",Bav89,"September 14, 2016",4.0,Unknown,https://www.singletracks.com/bike-trails/chuck-lennon-park/
"
 Excellent park. It has it all. You have easy, medium and hard. Deleon state park is 5 minutes away If you have your family with you or you can cool off after. There is also restrooms near the trail. ",omar.metwally,"August 1, 2016",5.0,Unknown,https://www.singletracks.com/bike-trails/chuck-lennon-park/
"
 Chuck Lennon is a fun trail. Screaming eagle for the entry level biker or to add miles to your ride (a great warm up). Hoot owl and raccoon run are flowy with some great challenges. Red panther has some fast ups and downs. Wild turkey was a blast! Worth the trip. Great work folks! ",grif2067,"July 20, 2016",5.0,Unknown,https://www.singletracks.com/bike-trails/chuck-lennon-park/
"
 Great mtb trail system with a good variety. Screaming Eagle is the easiest, and has a few ""harder"" splits in the trail including a nice little drop-off. Racoon Run and Hoot Owl are harder and have really nice flow. Red Panther is a red trail with some nice short climbs and descents. The newest trail, ( and by far my favorite)Wild Turkey, is an absolute blast. It has a couple gnarly descents and a pretty big drop off. It also has a few skinnies and wood descents.
Chuck Lennon is a bit like a small Santos, minus the rocks. ",Benjumanji,"July 17, 2016",5.0,Unknown,https://www.singletracks.com/bike-trails/chuck-lennon-park/
"
 Great short trail with nicely built wood features. Steep climbs and fast drops.  Currently closed off due to mud. The rain has also washed away a lot of dirt. ",tylerthehuman,"July 12, 2016",4.0,Wild Turkey,https://www.singletracks.com/bike-trails/chuck-lennon-park/
"
 One of the best marked trails in the area. Lots of ups and downs. If you are in the area this is the best bike park within 50 miles ",Sum Guy,"June 27, 2016",5.0,Unknown,https://www.singletracks.com/bike-trails/chuck-lennon-park/
"
 The trails are nicely designed. The signs are well displayed and map is accurate. The dirt ramps were closed from the rain. They could really use wood ramps in that area. The wood features on the trails are put together very well. Great ride. ",tylerthehuman,"June 21, 2016",5.0,Unknown,https://www.singletracks.com/bike-trails/chuck-lennon-park/
"
 The pump track is now open and ready go to Chuck Lenin sports complex and pump it up ",PinnItYaFairy,"February 29, 2016",5.0,Unknown,https://www.singletracks.com/bike-trails/chuck-lennon-park/
"
 First time here. Pretty awesome fun trail. Great trail team. Can't wait to hit the new black diamond. All levels can ride. ",uglywerm,"February 27, 2016",4.0,Unknown,https://www.singletracks.com/bike-trails/chuck-lennon-park/
"
 Trail is in great shape. Went out there last sat Feb 19th. Had an awesome time. Its been awhile since we been here. They added some new features to the yellow trail and blue trail. Took a couple of friends with us and they enjoyed it very much. Weather is nice so get out here and ride. Hoping to hit the trails again soon. ",hdguach,"February 26, 2016",5.0,Unknown,https://www.singletracks.com/bike-trails/chuck-lennon-park/
"
 Went for a night raid at Chuckie to try out new lights. Its amazing how a spot you know well,  becomes a whole new beast when in black. I love this trail. ",GOPEDAL,"December 13, 2015",5.0,Unknown,https://www.singletracks.com/bike-trails/chuck-lennon-park/
"
 I was on vacation I the area and was able to get a ride in. The trails open and in great shape. Well worth the hour drive to get their. ",James Brower,"October 23, 2015",5.0,Unknown,https://www.singletracks.com/bike-trails/chuck-lennon-park/
"
 Awesome lil park ! Very muddy during the summer . The two trails that were open were great! Fast and flowy ups and downs hair pin turns - ",birdbomber,"September 8, 2015",5.0,Unknown,https://www.singletracks.com/bike-trails/chuck-lennon-park/
"
 Awesome fun! ",izzybee85,"April 2, 2015",5.0,Unknown,https://www.singletracks.com/bike-trails/chuck-lennon-park/
"
 Surprising amount of fun packed in this limited area.  Trails are high quality with plenty of short, stout climbs and drops throughout.  The beginner and intermediate trails are some of the toughest in the state.  Thick forest canopy makes for a jungle like ride.  All trails are well marked; with frequent 911 location markers thorough out.  Also many ""bail out"" routes are available if one desires to abandon the trail.   Santos & Alafia will get all the props but per mile they have nothing on these trails.   Hats off to the folks that built and maintain the trails.   Restrooms available at the park's ball field. ",Hap Proctor,"March 28, 2015",5.0,Unknown,https://www.singletracks.com/bike-trails/chuck-lennon-park/
"
 Good trails ",william_dracup,"February 1, 2015",5.0,Unknown,https://www.singletracks.com/bike-trails/chuck-lennon-park/
"
 Great trail as always. All and all the trail is kept up and constantly being worked on and changing. Sign saying they need volunteers to help with a part of the track this Sunday December 21st. ",PlasmaDave,"December 20, 2014",5.0,Unknown,https://www.singletracks.com/bike-trails/chuck-lennon-park/
"
 another beautiful Florida day  at Chucky, trail is in great condition...time to raid ! ",GOPEDAL,"December 14, 2014",5.0,Unknown,https://www.singletracks.com/bike-trails/chuck-lennon-park/
"
 Rode all week, beautiful Florida weather!  'Off season "" don't apply round here.  Chucky is looking great, thx to FAB trail crew.    !!!!DURT WURX IN THE HOUSE!!!! ",GOPEDAL,"December 13, 2014",5.0,Unknown,https://www.singletracks.com/bike-trails/chuck-lennon-park/
"
 rode this morning, trail is hard pack and rolling fast. a bit leafy in some spots but other than that... its a beautiful thing. go get some ..... ",GOPEDAL,"December 1, 2014",5.0,Unknown,https://www.singletracks.com/bike-trails/chuck-lennon-park/
"
 The trails took quite a beating from the long hard rainy season but flooded areas have receded and repair work is coming along nicely. Trails are still a little rough but everything should be back to normal soon.  The new pump track, skills area and dirt jumps can now be finished since the dry season has started and will keep this one of the best riding places around. ",kevprides,"October 24, 2014",4.0,Unknown,https://www.singletracks.com/bike-trails/chuck-lennon-park/
"
 Trails were closed as of 7/16/14 due to wetness. Please people respect the closure so the trails don't become eroded and all the hard work maintaining them doesn't  go out the window. ",DrumFunKeN,"July 31, 2014",5.0,Unknown,https://www.singletracks.com/bike-trails/chuck-lennon-park/
"
 When are the jumps going to be opened? ",,"July 7, 2014",5.0,Unknown,https://www.singletracks.com/bike-trails/chuck-lennon-park/
"
 Very fun trail. Lots of flow if you carry your speed and hammer the turns correctly. Its very slick when its wet and it seems to stay wet for a while. Trails are well marked and the map helps out also. The DJ were closed, it looked like they were completely remaking them. ",Alex Schmitt,"July 2, 2014",4.0,Unknown,https://www.singletracks.com/bike-trails/chuck-lennon-park/
"
 Great FL trail. Would rate it 8.5-9/10...fun and pretty good flow if you go Hoot Owl to Racoon Run. Makes for a quick, super fun segment. Red Panther and Screaming Hawk were nice too in their own ways, just not as fun to me as the other two trails. ",jeffrey_j,"June 10, 2014",4.0,Unknown,https://www.singletracks.com/bike-trails/chuck-lennon-park/
"
 Great Park, One of the best technical parks i've been to in Florida. You'll notice 911 signs every so often along the way. They are there for a reaso, its very easy to hurt yourself here if you are a beginner rider. I suggest If you're a beginner go with someone whos gone before and can talk you through the trails and gears to be in. The wrong gear can end up in pain and suferring. When it rains it becomes muddy and usually some trails get shut down. If you want a serious ride near central Florida definitely check out Chuck Lennon and the springs a nice touch on a hot summer day. ",DrumFunKeN,"June 7, 2014",5.0,Unknown,https://www.singletracks.com/bike-trails/chuck-lennon-park/
"
 This is an amazing set of trails. It is composed of 3-4 trails configured in a hub formation. They are all one way and this place is some serious fun. Definitely take your time to learn the trails before going all out. Be considerate of the volunteers that put in hours to maintain this place and do not ride it in or after a heavy rain. The clay trails get torn up very easily. ",Matthew Aires,"May 7, 2014",5.0,Unknown,https://www.singletracks.com/bike-trails/chuck-lennon-park/
"
 I ride this trail third most often as it is semi-local to me. IT is very well maintained and very well marked. It has three distinct trails, yellow, blue, and red. Each is properly graded. The yellow trail is friendly to any beginner with three minor optional technicals. The blue trail is a nice roller with a few root technicals. The red trail is also a nice roller with a few tight apexes and crests that drop quickly. The trail should not be ridden when wet. It is a clay surface mixed with sand and becomes very slick. I usually give it two days to dry out before heading over. ",madmanwithabike,"March 20, 2014",4.0,Unknown,https://www.singletracks.com/bike-trails/chuck-lennon-park/
"
 Been here a few times.  Totally shaded, hard-packed with woop-de-doos, berms, some roots.  Alot of fun.  I believe the entire route is around 6 miles with 4 different loops.  Had a great time and will definitely return!  Note this trail gets easily damaged by rain so double-check on trail conditions before heading out there...your best bet is to like their Facebook page Chuck Lennon Mtb Trail.  Afterwards, you can head over to Pitmasters BBQ for lunch. ",puglieseme,"March 15, 2014",4.0,Unknown,https://www.singletracks.com/bike-trails/chuck-lennon-park/
"
 It's among one of my favorite trails.  I thought it was very well maintained and there were a lot of trails to choose from depending on level.  I went after a storm though and there are a few low points.  We managed to have a blast going through puddle, which added a bit of technicality.  The trails aren't very long so you can easily do them a few times. ",Juliecambe,"January 9, 2014",4.0,Unknown,https://www.singletracks.com/bike-trails/chuck-lennon-park/
"
 Great trail system.  My wife and I went and enjoyed all the trails we rode.  There were a couple guys out there working in the trail and they have done a great job with this system.  Racoon run was my favorite, but they are all fun rides. ",,"October 24, 2013",5.0,Unknown,https://www.singletracks.com/bike-trails/chuck-lennon-park/
"
 Drove down from Jacksonville to try this trail out. While i did enjoy the system, i was a little disappointed with the small amount of technical spots. Chuck does have great flow and rides smoothly, but I think ill stick with Mala Compra and Graham Swamp unless Im in mood of a change. Trail looks to be maintained very well though. ",robroy1031,"May 30, 2013",4.0,Unknown,https://www.singletracks.com/bike-trails/chuck-lennon-park/
"
 My wife & I drove 3 1/2 hours to try these trails out this weekend.  A great trail system, with many twists, turns and technical areas.  Very well maintained.  As a bonus, just at the end of the road to the park is the entrance to Ponce De Leon springs.  We went for a cool dip after (in bike clothes) and then made pancakes at the restaurant on site.  We spent the weekend at ""Fish Camp"" campground nearby.  Had a great time.  ""Freestyle"" area no longer opened and ""Teeter-totter"" gone.  Frggin' county has wusses in charge. ",Pake,"April 15, 2013",4.0,Unknown,https://www.singletracks.com/bike-trails/chuck-lennon-park/
"
 Killer trail ",,"March 23, 2013",5.0,Unknown,https://www.singletracks.com/bike-trails/chuck-lennon-park/
"
 Lots of fun! Well marked with easy, hard or bail outs when wanted. Pretty smooth trail... fast and flowy. I just wish it were longer. ",krow272,"January 31, 2013",3.0,Unknown,https://www.singletracks.com/bike-trails/chuck-lennon-park/
"
 well maintained and good signs through out the trail mostly hardpack some challenge througthout a few small drops. The trails have about 6 miles total. they are fun with banked turns lots of ups and downs some areas have good flow. if you are nearbye good short ride I did everything in little over half hour though which in my opinion makes it too short to travel over a hour to get to. ",jake1,"January 11, 2013",4.0,Unknown,https://www.singletracks.com/bike-trails/chuck-lennon-park/
"
 Much, and I mean much change for this trail, and I mean excellent change.  The trail has a great mix-up of XC to a more challenging trail features.  All together there is like 6 miles total miles, which includes the XC trails (yellow).  The blue trails are awesome and flow exceptionally, and the reds are off the hook for sure.  I highly recommend this trail system to all, and this trail will soon be a fully functional sanctioned trail (county run & county rules).  This trail was nearly lost earlier this year, which would have been a total loss for many. ",CP1,"January 2, 2013",4.0,Unknown,https://www.singletracks.com/bike-trails/chuck-lennon-park/
"
 Great Trail!  Very well maintained with excellent signage.  Awesome flow with a few technical elements. You will not be disappointed with traveling to check it out.  Not very long, but riding it 2-3 times in a day will give you all the excitement you will need.  This trail is perfect for beginners or intermediate level riders. ",,"November 13, 2012",4.0,Unknown,https://www.singletracks.com/bike-trails/chuck-lennon-park/
"
 Overall, great coarse. Lots of ups and downs and plenty of downhill sections. Not a while lot of technical stuff though. Check out the red panther section for a challenge. ",,"November 5, 2012",4.0,Unknown,https://www.singletracks.com/bike-trails/chuck-lennon-park/
"
 Epic conditions!  Give it a ride. ",,"November 3, 2012",5.0,Unknown,https://www.singletracks.com/bike-trails/chuck-lennon-park/
"
 This network is sweet!  A lot of ups, downs, banked turns and a few drops.  All around good time!   ",Bdiggi,"October 13, 2012",5.0,Unknown,https://www.singletracks.com/bike-trails/chuck-lennon-park/
"
 Awesome little trail system with tons of fun packed in a short area! I was smiling the whole time, even when I fell off one of the wooden skinnies on the red section! I wished it was longer, but then, you could just do another lap I suppose. ",dcluley,"October 9, 2012",5.0,Unknown,https://www.singletracks.com/bike-trails/chuck-lennon-park/
"
 very impressed intermediate trail.  well marked with easy and hard trail options.  well maintained and lots of fun.  The Ponce Deleon Springs is right next door for a refreshing cold swim after a good workout ",MeinDraco,"September 16, 2012",4.0,Unknown,https://www.singletracks.com/bike-trails/chuck-lennon-park/
"
 Been riding here since 1996, trail was OK then, but awesome now. I haven't ridden here in a few months ( currently in NC) . Took newbie friend out awhile back, scared the crap out of him, not a beginner's trail at all, but thoroughly entertaining for experienced riders. Can't wait to come back and ride it again! * Review edited 9/17/2012 ",blackdiamondnate,"September 7, 2012",4.0,Unknown,https://www.singletracks.com/bike-trails/chuck-lennon-park/
"
 Awese trail for adventurous trail riders.  Don't let the trail names fool you (hoot owl & racoon run) Pack a wallop in some sections.  Most fun per mile of any trail in Florida! ",,"August 5, 2012",5.0,Unknown,https://www.singletracks.com/bike-trails/chuck-lennon-park/
"
 These trails are awesome. If you can judge a trail on what you break this one taco-ed three out of four front wheels in our group. ",azartman73,"June 25, 2012",5.0,Unknown,https://www.singletracks.com/bike-trails/chuck-lennon-park/
"
 It was a great trial really gave me and my heart a good work out just like a roller coaster this trails are not for beginners just be careful of the poison ivy all over the place in the summer just stay on the trails ",ICEMAN733,"April 21, 2012",5.0,Unknown,https://www.singletracks.com/bike-trails/chuck-lennon-park/
"
 Oh my Lord!!! I must say I almost die in there! it was amazing, I am a beginner, and was a little afraid! It was a lot of fun, even though it was kind of hard for me, I guess I should go more often to get better at it! lol! It was my first time and would love to be trained! It felt like a Roller coaster!!!!! ",lydejesu,"April 6, 2012",5.0,Unknown,https://www.singletracks.com/bike-trails/chuck-lennon-park/
"
 There is probably nothing bad to say, but a lot of great stuff! My friend and i rode the trail and it was crazy! So many features and i caught air in the freeride area. Not for begInners though. It was an awesome time besides the fact that i almost dislocated my arm in the jump bowl. :) ",,"February 27, 2012",5.0,Unknown,https://www.singletracks.com/bike-trails/chuck-lennon-park/
"
 I rode this trail while visiting family in FL and had a blast! It is not a difficult or technical trail but is a lot of fun. Lots of whoop-de-doos with a decent flow throughout. I rode all of the trails and enjoyed each... it's a nice little park that seems well maintained. ",fatlip11,"January 3, 2012",4.0,Unknown,https://www.singletracks.com/bike-trails/chuck-lennon-park/
"
 trail bed has been reconditioned in places, with the one way layout it is very fast expecially when dry.   great xc trail on the North and consentrated short up and quick downs, on a rail banks, smooth flowing tight single track on the South.    the two end together make a great work out. ",jpetersm,"December 31, 2011",5.0,Unknown,https://www.singletracks.com/bike-trails/chuck-lennon-park/
"
 Best trail in Daytona Beach area. A little bit for everyone, Yellow, Blue, and the ""Red Panther"" trails. Even the yellow trail is fun though marked as the easiest it is not necessarily a beginner trail. ~5.5 miles all the way around. Never a dull moment, always something ahead to plan for. Great rollers and challenges. This is dense woods and brush, very little sand. The dirt gets a little slick if there is an overnight rain. This is a beautiful trail of typical Florida palms and oaks. Due to vegetation, limited direct sunlight so it is cooler in the summer than most trails. Great condition and well kept. Trail is next to a civic park of baseball and soccer fields. Plenty of parking and easy access. Piece of cake to get to...left turn just before DeLeon Springs state park entrance. You have to try this if you are in the area. You'll do it more than once!* Review edited 11/8/2011* Review edited 11/8/2011 ",Wryfox,"November 8, 2011",5.0,Unknown,https://www.singletracks.com/bike-trails/chuck-lennon-park/
"
 I've been meaning to get out to this trail for quite some time. Yesterday I finally made the drive, and it was well worth it. The trail is very well maintained and flows like a roller coaster. Even the red areas were manageable and lots of fun for an intermediate rider like me.  Obviously a lot of effort has been put into this trail - thanks to all responsible for this hidden gem. Watch out for the poison ivy and prepare to have fun.  ",JSF,"October 24, 2011",5.0,Unknown,https://www.singletracks.com/bike-trails/chuck-lennon-park/
"
 Great short trail, lots of fun downhill and plenty of carving berms. The reds however aren't as technical as you'd expect. Overall a really fun ride and the freeride area is a fun little spot to catch some hangtime. Remember to bring a helmet since it's posted everywhere. ",Cockefair,"October 7, 2011",4.0,Unknown,https://www.singletracks.com/bike-trails/chuck-lennon-park/
"
 Great Trail! I have ridden about a dozen intermediate rated trails and this is the best in the area in my opinion. Nice rapid elevation changes that offers speed over semi-technical areas. Looking forward to riding this again! ",rbrtsims5,"September 16, 2011",5.0,Unknown,https://www.singletracks.com/bike-trails/chuck-lennon-park/
"
 WOW, what a great trail this has become!  Rode here years ago and it was ok but nothing very special.   It's now twice as long (5.5 mi.) as it once was and is signed very well.  Most of the trail is hard packed with very little soft sand areas.  I went after a heavy rain and there was a few spot with water over the trail but nothing major.  Rain made it a little muddy and slick but added to the fun.  Will be going back often. ",chrisprides,"August 9, 2011",5.0,Unknown,https://www.singletracks.com/bike-trails/chuck-lennon-park/
"
 Wow! Kudos to the volenteers who made that run a blast. I treked from deland to Deleon today a total of 22 miles of ridin! The trail was well marked and not that tough even for a beginner and i  did the reds too, check this place out if you are in the area. ",robbydro,"March 17, 2011",4.0,Unknown,https://www.singletracks.com/bike-trails/chuck-lennon-park/
"
 this is a fun trail
Cross Country trail is now up to 5 miles long, south end is harder than the north. very good blend of intermediate technical to open woods xc. the north end should be ride-able in the wet season, the South end because of its low elevations and clay is best in the dry season.
Additional trails in the freeride and conector areas ",jpetersm,"December 31, 2010",5.0,Unknown,https://www.singletracks.com/bike-trails/chuck-lennon-park/
"
 This trail is becoming a great trail lately.  Volunteers have been working on clearing & markings trails, bypassing flooding areas & have started to build new trails to add much needed trail length.  The trail now has a fast flow to it now with steep climbs & drops.  It is a very good place to test your mtb skills.* Review edited 11/14/2010* Review edited 12/4/2010 ",kevprides,"November 8, 2010",5.0,Unknown,https://www.singletracks.com/bike-trails/chuck-lennon-park/
"
 Not bad to catch a quick ride.  Fast sweeping hills, short steep climbs and descents, a few high bank turns, couple of little bridges...pretty fun!  It's just soooo short!  First time out I rode 3 laps in under an hour.  Just a little short for my liking.  It's mostly hard pack and overall condition was pretty good, but can use a little TLC.  Not very technical, but fun!  Not trying to disrespect, but I just can't understand how this trail make top 100 on Singletracks?* Review edited 10/14/2010 ",joetutt,"October 14, 2010",3.0,Unknown,https://www.singletracks.com/bike-trails/chuck-lennon-park/
"
 Pretty decent for such a short trail with a log skinny and teeter totter. Quick ride, fairly decent flow, only minor ups and downs. Outside of the few technical pieces it's an easy trail. Fun ride if you're in the area, but not something to drive to. Might have given it three stars if it was longer.* Review edited 7/25/2010 ",GoKite5,"July 25, 2010",2.0,Unknown,https://www.singletracks.com/bike-trails/chuck-lennon-park/
"
 Been riding this trail more lately and it's getting better every time.  It does have more overgrowth in the summer due to less riders and more rain. It has been remarked to keep you on track and has some new trails added. Parts still flood after a hard rain but just adds to the experience. ",kevprides,"July 25, 2010",4.0,Unknown,https://www.singletracks.com/bike-trails/chuck-lennon-park/
"
 Rode it with my kids and while they really like the little jumps and stuff there, it was quite obvious that this trail has been neglected for quite some time. Much of the trial system is overgrown and very hard to navigate. You can get lost pretty easily (thankfully it's rather short and eventually you will find your way out).
Most of the runs through the XC sections still have major potential, allowing for what could be a lot of fun if some time was spent to just clean up the trails.
There are some cool terrain features that have been built in, but honestly most of the trail feels like someone's neglected backyard romp area. Many of the ladder bridge features are in disrepair and/or rotted away. This was disappointing as these could be one of the coolest features of the whole trail. There are even some areas for some new additions to be made that would really amp up the level of skill required and cool factor for the overall ride.
In my opinion, it's a fun day with the kids, because they will like the rollers and few little jumps right at the trailhead. But for the discerning rider and those looking to get some exercise out of**ood XC ride, look elsewhere, or come and do some work to make this trail rideable again. It would be worth it. ",mnaugler,"April 8, 2010",2.0,Unknown,https://www.singletracks.com/bike-trails/chuck-lennon-park/
"
 So happy to hear this trail is open.  Before kids (1997-2001-ish) I used to ride this every week with guys from Daytona.  We'd do the full loop, drop down into the center bowl/jump for hours, just a great place.  Way scary at night... even with vistalites.  Roots, very technical, and sweeping XC stuff on the North end.  Hadn't ridden it since 2001... went back in 2005, and after three hurricanes the park was completely flooded and all the trails were grown over... like no one had ever been there.  I was very sad.  I hadn't been back.  I live 100 miles away now, but if it's like it used to be its worth the driver if you live within 30 miles or so. ",markcamaro88,"March 9, 2010",4.0,Unknown,https://www.singletracks.com/bike-trails/chuck-lennon-park/
"
 A quick but fun ride, it only takes about 20 minutes to ride through this park but there are many shoirt trails that cross each other that you can spend a couple hours and have a diffent experince with each ride. ",Mattgarrett,"January 30, 2010",3.0,Unknown,https://www.singletracks.com/bike-trails/chuck-lennon-park/
"
 Ive ridden this trail twice now, its a nice little trail if you like twisty up and down single track. I really enjoy it. the woods seem littered with little bits of trail shooting off all over the place so there is a lot to explore. Theres some alright drops, short but still ok. Ill  definitely be going back.  ",scabbydog,"December 20, 2009",3.0,Unknown,https://www.singletracks.com/bike-trails/chuck-lennon-park/
"
 Looks like this could be a cool trail with some work...we have started to clean up the North xc trail but the south side will take a bit longer.  Lots of love needed there but once groomed will be a roller coaster again!  ",coreyshenk,"August 14, 2009",4.0,Unknown,https://www.singletracks.com/bike-trails/chuck-lennon-park/
"
 Hadn't rode here in over 5 years and the trail is much better now but still not marked very well. Rode here Saturday morning after a heavy rain which made this trail very challenging.  It has good climbs but very hard when muddy and lots of trees down over trail.  This trail will test all your riding abilities. ",kevprides,"June 27, 2009",4.0,Unknown,https://www.singletracks.com/bike-trails/chuck-lennon-park/
"
 This trail is one I always make sure to ride as it tests many trail riding skills in a short distance.  I love popping off of the many features through out the trail. ",blondemarker,"January 3, 2009",5.0,Unknown,https://www.singletracks.com/bike-trails/chuck-lennon-park/
"
 Very dry and sandy - ",Gerald Carroll,"July 21, 2019",2.0,Unknown,https://www.singletracks.com/bike-trails/jonathon-dickenson-state-park-2/
"
 Great continuous track of trails, well maintained by local club. Lots of man-made features like ramps and berms as well as a nice flow from beginner to intermediate to more advanced technical riding skills (you go from gentle bumps at the trailhead to some deep sand and roots out on the Root Loop and Osprey trails). If you're going to ride here over time joining the club is a good deal (save money on a year's worth of park entrance fees). Club Scrub volunteers are on site at the trailhead many weekends with info, food for sale, and advice. ",AlisonO,"January 17, 2019",4.0,Unknown,https://www.singletracks.com/bike-trails/jonathon-dickenson-state-park-2/
"
 Trail itself is nice. I used to rate it 5 stars for the area but after several issues with trail nazi's trying to cause me harm I have to change it. You are not allowed to jump or loop the fun sections according to this new no sesion rule. This gives them the entitlement to hurt you for breaking the rules. If you do more than 3 passes it will be enough time for a bored volunteer below to walk up and try to crash you on your next pass if one happens to be around.   If you decide you want to do the jumps make sure you got a witness.  The people monitoring the trail are more dangerous than the trail could ever be. They justify wrecking people with ""Well you broke the rules you deserve to get hurt."" This is why Florida sucks for true mountain bikers. ",Sum Guy,"January 5, 2019",1.0,Unknown,https://www.singletracks.com/bike-trails/jonathon-dickenson-state-park-2/
"
 Now that the finished renovating Bunker Hill this whole entire trail is a ton of fun and full of challenges. Everything from rocks, sand, jumps, table tops, roots, and of course speed. My favorite trial by far in Florida ",Cory Bergman,"December 9, 2018",5.0,Unknown,https://www.singletracks.com/bike-trails/jonathon-dickenson-state-park-2/
"
 Really enjoy riding here! Well maintained and fun!. The park does too many controlled burns through the bike area, so no real ability for any shade to grow. Great in the winter, BRUTAL in the summer!!! ",biggy1375,"August 4, 2018",4.0,Unknown,https://www.singletracks.com/bike-trails/jonathon-dickenson-state-park-2/
"
 Plenty of flow to be had here, do not let the videos fool you. Tortoise > Prickly Pear > 8/10 > Silo > Hare > Bunker Hill is a real fun/fast segment to run through if you do not want to hit the entire trail. The berms here are very well built and can handle quite a bit of speed. Top marks to the Club Scrub for putting together such a fun trail. ",jblanco1984,"January 30, 2018",4.0,Unknown,https://www.singletracks.com/bike-trails/jonathon-dickenson-state-park-2/
"
 I LOVE THIS TRAIL. The trail gnomes here are fantastic. It's fast and hard packed in most areas, great scenery. One trail on the back side was still flooded, but there is still lots of singletrack to be ridden. There is not a lot of canopy so I can imagine it being hot in the summer. It was 5 dollars to enter and you can ride all day. Bring water. The main trail head has a technical section good for warm ups. ",Spartan117,"December 4, 2017",5.0,Unknown,https://www.singletracks.com/bike-trails/jonathon-dickenson-state-park-2/
"
 Went before irma and had a blast. Enough little features on the easy trails to have fun even as an advanced rider. some tight little sections and skinnies, one trail called 8/10 is literally just a really, really long pump track. Jumps and drops are littered throughout the park. Recommend to anyone with a bike and open mind. ",Florida Shredder,"November 6, 2017",4.0,Unknown,https://www.singletracks.com/bike-trails/jonathon-dickenson-state-park-2/
"
 Very sandy! ",Kenny Koon,"June 13, 2017",2.0,Unknown,https://www.singletracks.com/bike-trails/jonathon-dickenson-state-park-2/
"
 Right now the back half is almost unusable it is so sandy.  We really need some rain to help pack it.  If you go right now I would recommend staying on the front half by turning left at the first paved road you would normally crooks to the right to continue.  There are still some very sandy spot in store but manageable. I am running Noby Nics 2.6 and an 11-42 rear cassette and used the big cog frequently on the back and still had to walk through sand that was over my rim in some cases. ",Bob R,"April 18, 2017",3.0,Unknown,https://www.singletracks.com/bike-trails/jonathon-dickenson-state-park-2/
"
 AWSOME trail with some slow climbs and fast and flowy descents with lots of fun little table tops....Oh and there is a pump track and technical obstacles at the trail head. ",MTB kid 561,"March 25, 2017",4.0,Unknown,https://www.singletracks.com/bike-trails/jonathon-dickenson-state-park-2/
"
 Today was demo day and the Giant/Liv reps tuned are bikes today and taught us a lot!  The tracks was dusty but they really keep it up and have made it safer than it was a year ago and have added a lot of features as well.  Very involved Scrub Club always improving it. ",Bob R,"March 6, 2017",4.0,Unknown,https://www.singletracks.com/bike-trails/jonathon-dickenson-state-park-2/
"
 Great trail to ride when all the others are underwater.  The Gator trail is ridiculous as the roots are so close and so high... I end up walking over them.  Some really nice boardwalk style snake banked turns and options for various levels of skill. ",Bob R,"February 18, 2017",3.0,Unknown,https://www.singletracks.com/bike-trails/jonathon-dickenson-state-park-2/
"
 After years of owning a mountain bike and riding on the street I finally tried a MB trail. 2 different worlds. I stayed on the easy trail so I didnt kill myself. I had just an incredible time, talked to a few others riders who gave me guidance. The park itself is also a nice ride as fairly flat with some inclines but it was the MB trail that drew me. Will be back for more on the easy level and possibly try the intermediate at some point. Just awesome! ",joealice,"January 10, 2017",5.0,Unknown,https://www.singletracks.com/bike-trails/jonathon-dickenson-state-park-2/
"
 Down in Port Saint Lucie for the holiday weekend from Ga, decided to take the 20 min drive for some mountain biking and man was I impressed. It was my fiances first time mountain biking so we started on the skills course and pump track to get her comfortable, she warmed up pretty quick so we took the easy trail which was fun and short. We rode roughly 4 miles on the intermediate track before we called it quite due to a lack of water. The trail was awesome though, loved  how much flow there was and how easy of a ride it was. They do a great job building and maintaining the trails. It was cool to see alot of people out there that were into biking, and the people were super friendly! Check it out if your close by! ",Kristopher Dopkins,"December 24, 2016",5.0,Unknown,https://www.singletracks.com/bike-trails/jonathon-dickenson-state-park-2/
"
 Fast, fun and flowy trails with plenty of small jumps, berms, switchbacks etc. Suitable for all skill levels but nothing too difficult. ",matts67,"November 20, 2016",5.0,Unknown,https://www.singletracks.com/bike-trails/jonathon-dickenson-state-park-2/
"
 Club Scrub keeps improving the trails,  over the past year this Trail has gone from ok to great.  It's fast paced with fun features that will keep you coming back. ",ciphersevenx,"July 4, 2016",5.0,Unknown,https://www.singletracks.com/bike-trails/jonathon-dickenson-state-park-2/
"
 A very nice trail network overall. The further you get from access roads the less maintenance. The further south you go the less maintenance with more roots and sand. Mostly uncovered. Some areas with a lot of sand and roots..further south. Quick up and downs.  Very easy Little Cat / Bob Cat at the trail head (north end). The start of the trails is a relatively easy Tortoise. You then have options to go further south on Ranger, back to the trailhead on Hare, or a quick loop on Prickly Pear, 8/10ths, and Silo. Take a picture of the map at one of the many stations.  Thanks to Club Scrub for keeping this place a great 1-2 hour ride. ",Peter Holmes,"April 5, 2016",4.0,Unknown,https://www.singletracks.com/bike-trails/jonathon-dickenson-state-park-2/
"
 Excellent ride. The day was hot and there is very little shade so bring lots of water. The trail in the front was like a crushed gravel and had good flow. The back trail section had a lot of soft sand and was a little difficult when we rode it. The trail overall was a nice trail and i felt any experience level could ride it as there were several bypass areas around harder obstacles. ",dcesnak1771,"March 19, 2016",4.0,Unknown,https://www.singletracks.com/bike-trails/jonathon-dickenson-state-park-2/
"
 Rode the trail yesterday & it was absolutely awesome with lots of new jumps, drops, tabletops & the downhills are faster than ever! The amount of work & improvements done to the trail is nothing short of amazing. JD is definitely the best local trail! ",29erSS,"November 29, 2015",5.0,Unknown,https://www.singletracks.com/bike-trails/jonathon-dickenson-state-park-2/
"
 good flowing fun trail much better now then 3 years ago.they've done a really good job fixing it up! ",earth analog,"November 18, 2015",4.0,Unknown,https://www.singletracks.com/bike-trails/jonathon-dickenson-state-park-2/
"
 Rode the trail this morning. The entire trail is 9 miles. Trails are in excellent shape. Very packed and fast due to recent rains. Club Scrub has done a fabulous job upgrading and maintaining these trails. They have added fine shell rock to most of the more sandy areas making the trails ride-able even in dry weather, however there is enough sand that it is still better to go after a rainy period. This is an intermediate trail with excellent flow. Some nice wood features and small hills. Some roots, but overall not too bad except in a few isolated areas. If you are anywhere in the area, you shouldn't miss this trail. It is well worth the drive if you are within an hour or two from the trail. Thanks Dorsey and Club Scrub for turning this sandbox into an excellent trail system! ",yaknbike,"August 16, 2015",5.0,Unknown,https://www.singletracks.com/bike-trails/jonathon-dickenson-state-park-2/
"
 Tough trail to do in the sun, since there is barely any shade.  Has some good obstacles and hills.  Can be sandy in areas.  Best time to go is after rain. ",michbrow2323,"August 6, 2015",4.0,Unknown,https://www.singletracks.com/bike-trails/jonathon-dickenson-state-park-2/
"
 Trails rated green to Dbl Black diamond.  Not the longest of trail systems and mostly all man made but lots of fun.  Bring the family.  Nice camping area and close by towns with good food.  I'll be back. ",Draco1,"July 17, 2015",5.0,Unknown,https://www.singletracks.com/bike-trails/jonathon-dickenson-state-park-2/
"
 Great trails, ride them multiple times a week. They are always working to make them better. ",Michael Misiaszek,"July 15, 2015",5.0,Unknown,https://www.singletracks.com/bike-trails/jonathon-dickenson-state-park-2/
"
 Challenging and different ",Ouri Kahn,"June 22, 2015",3.0,Unknown,https://www.singletracks.com/bike-trails/jonathon-dickenson-state-park-2/
"
 This trail has been completely overhauled in the past year or so!  They are continually adding rollers and technical features that both and intermediate or advanced rider would enjoy!  The trail is flowing and fun.  There are many trail exits.  It is not shady so bring lots of water.  The local riders are friendly and have lots of social events, night rides and BBQ there.  Check out updates at www.clubscrub.org for event and trail updates. ",Ellen Yusem Stewart,"June 18, 2015",5.0,Unknown,https://www.singletracks.com/bike-trails/jonathon-dickenson-state-park-2/
"
 This trail has been redone and updated with shell-rock trails and shell-rock rollers.  Kids trails have been cut this year and great for families and intermediate riders too! ",Ellen Yusem Stewart,"June 9, 2015",5.0,Unknown,https://www.singletracks.com/bike-trails/jonathon-dickenson-state-park-2/
"
 JD is located in Hobe Sound just north of the Palm Beach County line along US1. It's a state park with a $4 entrance fee. Club Scrub maintains the Trail system and does an excellent job. Best times to ride are early morning or evening during the warmer times of the year. The ideal time 2 ride is after any rain storm which helps to pack the softer turns. Flow on the trail has improved 100% from what it used too back in 2012 and before. Come out and enjoy. ",shrek6791,"March 31, 2015",3.0,Unknown,https://www.singletracks.com/bike-trails/jonathon-dickenson-state-park-2/
"
 ^^^^
That's because it's between Stuart and west palm on the east coast ",spike07,"March 14, 2015",5.0,Unknown,https://www.singletracks.com/bike-trails/jonathon-dickenson-state-park-2/
"
 Heads up! This park does not exist according to the map provided. It's showing this to be off Kilgore Rd in south plant city, but I went there today and there was nothing but a new subdivision & a cow pasture... Nothing resembling a track in sight. Not sure if the map is incorrect or what but don't make the trip unless you know something I don't! Bummer :( ",Rob Ames,"March 13, 2015",1.0,Unknown,https://www.singletracks.com/bike-trails/jonathon-dickenson-state-park-2/
"
 A sunny trail with plenty of uphill climbs , fast backsides ,steep drops ,and good amount of features throughout.bring plenty off water ",projktnine,"December 28, 2014",4.0,Unknown,https://www.singletracks.com/bike-trails/jonathon-dickenson-state-park-2/
"
 A nice trail. It looks like the  club that maintains this trail does a lot of work. Good job! Some nice built up features and banked turns. Nice pump track. Good job folks! ",Alan Holbrook,"December 8, 2014",3.0,Unknown,https://www.singletracks.com/bike-trails/jonathon-dickenson-state-park-2/
"
 Awesome trail & something for everyone! The changes done to improve the trail in the past year are phenomenal! The trail is a great workout & an absolute blast to ride! ",29erSS,"October 26, 2014",5.0,Unknown,https://www.singletracks.com/bike-trails/jonathon-dickenson-state-park-2/
"
 Rode the trail yesterday & the trail crew have been very busy! Lots of improvements! The trail was in great condition & a absolute blast to ride! Great job to everyone that's been working hard on all the improvements! Can't wait to ride it again! ",29erSS,"May 18, 2014",5.0,Unknown,https://www.singletracks.com/bike-trails/jonathon-dickenson-state-park-2/
"
 some of the trails have been improved, shell rock has been added.  great trails, thank you trail improvement team great job keep up the good work. ",kjsea,"May 5, 2014",5.0,Unknown,https://www.singletracks.com/bike-trails/jonathon-dickenson-state-park-2/
"
 They have now added an irrigation system to the entire trail. Hidden switch near the outhouse! ;)* Review edited 5/15/2012 ",myfun,"May 15, 2012",4.0,Unknown,https://www.singletracks.com/bike-trails/jonathon-dickenson-state-park-2/
"
 Sand anyone?  I went at a bad time (noon) so I was dying from the sun and the lack of trees needed for shade.  Rode over some man-made wooden obstacles and was a little unsure of the stability, but I survived. So much sand... ",MysticKJ,"April 18, 2012",3.0,Unknown,https://www.singletracks.com/bike-trails/jonathon-dickenson-state-park-2/
"
 This place is out there. Sometimes a decent trail is not where you expect it to be. Sand, sand, sand. Worth it?  Hard to say it is a hell of a pedal, downhill too, no joke. Deep sand 6-8"" sometimes. But there's cool stuff alright. Go early enough becaus despite the short total distance, 8.6mi its damn slow.
If youre a tru rider looking to cover all the parks in south florida, you'll find this one fun but interesting.
Half pipe is short but very fun. Bridges are falling apart and needs maintenance, but that was half the excitement. Woah!!
Did i mention the sand?
I would skip gator if you could, but thats not happening. Ill be searching for youtube of aomeone actually pedaling all the way through this one. I dont think so...
The park isnt far from 95 and the turnpike and just under 1.5 hours from miami so dont knock it till you've tried it.
We joked its where you would send someone if you didnt like them. Lol, but it still needs to be on your list if you are truely hardcore.  ",svtsethj,"April 14, 2012",3.0,Unknown,https://www.singletracks.com/bike-trails/jonathon-dickenson-state-park-2/
"
 Overall, this is a very fun trail - - after it rains! Lots of sugar sand makes it brutal in the middle of Summer. 'Gator Hole' does have some tough roots - and then add SPIDERS in the Summer!! Surprising amount of elevation changes on the Northeast end, but again, lots of sand.  LOVE the half-pipe drop-ins. There is an ""extreme"" area just off the warm up park, but I've not done the whole thing. Looks harry!!?? ",G8rbiker,"July 23, 2011",4.0,Unknown,https://www.singletracks.com/bike-trails/jonathon-dickenson-state-park-2/
"
 Gator Hole although a short run is sandwiched with Pametto roots that for the novice would be quite difficult.  Adding in the sand factor you could be in a slow go.  Half Pipe has some interesting elevation and of course more sand.  But the bridges and dips are challenging which makes these two paths intermediate.  I didn't get to ride much more other than ranger and out since it was getting  dark and it was my first visit I will be back. ",bizweep,"April 10, 2011",3.0,Unknown,https://www.singletracks.com/bike-trails/jonathon-dickenson-state-park-2/
"
 I would consider this trail Intermediate. As well as the sand, there are challenging ""gator back"" sections (palmetto roots). Be sure to go in the cooler months and bring lots of hydration. The Park itself has great camping, hiking, cabins, kayaking on the Loxahatchee River. Really nice. ",Dirt_Grrl,"February 17, 2011",3.0,Unknown,https://www.singletracks.com/bike-trails/jonathon-dickenson-state-park-2/
"
 Sandy sandy sandy.  There are a bunch of loops that go all around the park, and a bunch of maps around.  There were some fun ladder bridge/boardwalk style ramps on one section, but mostly it was just a sandy ride.  Not much tree coverage, so be sure to bring plenty of water.   ",thatsnogood,"December 29, 2010",0.0,Unknown,https://www.singletracks.com/bike-trails/jonathon-dickenson-state-park-2/
"
 If you are a sugar sand baby you need to ride the  trail called ""fire ring"" in the dead of the dry season and in the middle of a hot summer day. After you make it out""if you do"" everywhere you go in from that day on will be a breeze and you will not gripe about the sugar sand on other trail ever again.* Review edited 11/28/2010 ",dustyg314,"November 28, 2010",3.0,Unknown,https://www.singletracks.com/bike-trails/jonathon-dickenson-state-park-2/
"
 Wow. Well they try real hard to keep it up, and it is better since they had a race there. It is a long ride from start to finish. Not too much wildlife, but there were snakes (as everywhere else). If you're more interested in a workout than tricky riding, this place is good. It is always very hot because there is no over cover of trees. Very dry and almost all sugar sand until you hit the roots (pretty much walk the bike the whole roots section). The sugar sand is what turns me off here. It is uneventful for me... ",sun79rise,"July 3, 2010",3.0,Unknown,https://www.singletracks.com/bike-trails/jonathon-dickenson-state-park-2/
"
 My kids and I went there last month, and we were pleasantly suprised. It is a typical central Florida trail with some sugar sand, but enough of climbs and dips to make it fun. We didn't ride all the trails, but we will go back to do some more exploring. I am told that the trails at the back of the MTB area provides really good scenery, but we didn't make it that far. Hope you enjoy it like we did. The trails are marked rather well too. * Review edited 5/25/2010 ",zuker,"May 25, 2010",3.0,Unknown,https://www.singletracks.com/bike-trails/jonathon-dickenson-state-park-2/
"
 Too much sugar sand, not an exciting ride. If you live in the area its a good place to build some leg strength. It obvious that the trail builders are making an an effort but they have some tough terrain to work with. ",Crowbar12,"April 22, 2010",2.0,Unknown,https://www.singletracks.com/bike-trails/jonathon-dickenson-state-park-2/
"
 If you gone stir crazy from being in the car to long & want to pedal fine, but don't make this a destination point.  You will be disappointed!  Very sandy.  Nothing technical.  Even a beginner could be annoyed with the sandy conditions.   ",Allen_,"March 12, 2010",1.0,Unknown,https://www.singletracks.com/bike-trails/jonathon-dickenson-state-park-2/
"
 I think I rode most of the loops for 8.4 mile total. Trails are well marked. The staff has tried to make this a fun place to ride. But, it's a coastal park and the trail is almost all soft sugar sand. It's the only place I've had to pedal downhill to avoid getting stuck in the soft sand. There are palmetto root snarls that are a challange to try to ride over or through. Almost the entire track is in the sun as the trail winds through secondary growth from burned out areas. Very little shade. Bridges and man-made features are a welcome change and are fun. Bring LOTS of WATER!* Review edited 8/17/2009* Review edited 8/17/2009 ",Hannadog,"August 17, 2009",2.0,Unknown,https://www.singletracks.com/bike-trails/jonathon-dickenson-state-park-2/
"
 Had a blast, sandy yes, but a great time and intense workout. Bring lots of H2o, drained my 24oz bottle and my 3L Hydro Pak... ",09Trek,"June 7, 2009",4.0,Unknown,https://www.singletracks.com/bike-trails/jonathon-dickenson-state-park-2/
"
 VERY,VERY,VERY SANDY. this is an ok trail besides the time you spend pumping through sugar sand. it offers a very fun skills section and a few nice bridges, the best trail there is called half-pipe. a very fun up and down ride. also, bring ALOT to drink, it can get very hot due to the fact that there is no shade. ",badenergy_troll,"April 5, 2009",2.0,Unknown,https://www.singletracks.com/bike-trails/jonathon-dickenson-state-park-2/
"
 rode here today ....some heavy flooding... but still held up pretty well....should dry up pretty quickly due to huge amount of sand here....as usual got a good workout! ",yarb4,"August 24, 2008",3.0,Unknown,https://www.singletracks.com/bike-trails/jonathon-dickenson-state-park-2/
"
 Its very sandy, long and easy to get lost. they did a burn out there not to long ago so the expert course is gone. bring lots of water there is no tree cover so its very hot. ",dazed2040,"June 5, 2008",3.0,Unknown,https://www.singletracks.com/bike-trails/jonathon-dickenson-state-park-2/
"
 too sandy and they burn out there too much! ",dazed2040,"June 5, 2008",1.0,Unknown,https://www.singletracks.com/bike-trails/jonathon-dickenson-state-park-2/
"
 I just started riding MTBs and this is my favorite trail so far. It has lots of uphills and downhills, yet is not that difficult to ride.  There are so many places to ride in the park that one can spend a day there and have a blast. I will be going back soon. ",Rick_Hughes,"November 16, 2007",3.0,Unknown,https://www.singletracks.com/bike-trails/jonathon-dickenson-state-park-2/
"
 I dont know if it was because of the rain or because of all the work it seems that Club Scrub has done but the trails were a lot better this weekend. And they have mulched a lot of the bad areas from the last time I rode there. Be careful if your riding the 8/10s trail, they were a few down trees across the trail that couldnt be moved, and some of them were right at chest level. But all in all the trails were much better this time around. ",danno346,"October 22, 2007",4.0,Unknown,https://www.singletracks.com/bike-trails/jonathon-dickenson-state-park-2/
"
 SUGAR SAND.  That pretty much sums it up.  I've rode these trails before but probably not for a year and it seems like they are all just sugar sand now.  There wasn't much for technical riding although there were some bridges.  But I think I remember the Ranger trail having some log climbs and some other stuff on it.  It's a good ride for beginners and a good workout for everyone through the sands. ",danno346,"May 7, 2007",3.0,Unknown,https://www.singletracks.com/bike-trails/jonathon-dickenson-state-park-2/
"
 it is worth the drive. although there's alot of sugar sand that's real tough to navigate it's still rideable. Probably best to ride after a rain storm. beautiful scenary for Florida which you don't get at parks in south florida. Not as technical as Markham and Oletta, but you get some decent down hills and bridges. it's a good park to ride once every 3 months or so just to break up other usual rides ",randy_schneider,"January 30, 2007",4.0,Unknown,https://www.singletracks.com/bike-trails/jonathon-dickenson-state-park-2/
"
 is it worth an hour drive? ",randy_schneider,"December 13, 2006",0.0,Unknown,https://www.singletracks.com/bike-trails/jonathon-dickenson-state-park-2/
"
 trails here are a bit different from what you might be used to . there are few areas of sand pine roots that are impossible to ride unless you are really good at bunny hop . there are patches of sugar sand that you will need to use granny gear to get thru. Trails have damaged by fires and hurricanes that means complete lack of shade. my fave trails were Osprey and Lake trail with 200 ft long  bridge. Overall very nice trails and good for change of your regular pace. there is camping and guided boat trips and canoe rental place in the park. ",rocketbracket,"October 26, 2006",4.0,Unknown,https://www.singletracks.com/bike-trails/jonathon-dickenson-state-park-2/
"
 Park has been reworked after the fire and ready to ride. In summer plan for early am or late pm or else sweat your ass off at noon.  ",dray,"June 18, 2006",3.0,Unknown,https://www.singletracks.com/bike-trails/jonathon-dickenson-state-park-2/
"
 We rode this trail today and the about 60% of the park is burned. I think the trail needs some maintenance. It is more for beginners yet sand covers most of the trail.  ",ositoking,"January 23, 2006",4.0,Unknown,https://www.singletracks.com/bike-trails/jonathon-dickenson-state-park-2/
"
 I LIKE THIS TRAIL. THE FIRST PART OF THE TRAIL IS COMPLETLEY OUT IN THE SUN NO SHADE AT ALL SO PLAN AN EARLY AM OR LATE PM RIDE. THE SECOND LOOP BRINGS YOU INTO A WELL COVERED AREA MUCH COOLER. THE TRACK GETS NARROW. A COUPLE OF AREA'S THE PALMETTO ROOTS GET BIG HARD TO DEAL WITH. SOME ELEVATION CHANGE TRACK IS WELL MAINTAINED AMD WELL MARKED. OPENS AT 8 AM CLOSES AT DUSK. PARK FEE IS 4.00$ PER CAR.  ",TAZY,"May 26, 2004",0.0,Unknown,https://www.singletracks.com/bike-trails/jonathon-dickenson-state-park-2/
